-- Seed data generated by seed_data.py

INSERT INTO vehicle_type (id, type, max_weight, capacity) VALUES
(1, 'SEDAN', 340.19, 67.08),
(2, 'SUV', 589.6, 120),
(3, 'HATCHBACK', 362.8, 50.50),
(4, 'MINIVAN', 544.31, 140.61),
(5, 'VAN', 1088.62, 294.4),
(6, 'TRUCK', 589.67, 70.0);

INSERT INTO luggage_type (id, type, name, volume, weight) VALUES
(1, 'SMALL', 'Small Box', 1.38, 6.80),
(2, 'MEDIUM', 'Medium Box', 2.99, 9.07),
(3, 'LARGE', 'Large Box', 3.40, 13.60),
(4, 'EXTRA_LARGE', 'Extra Large Box', 3.75, 22.67),
(5, 'EXTRA_EXTRA_LARGE', 'Extra Extra Large Box', 5.83, 27.0);

INSERT INTO address (id, line1, line2, city, state_or_province, country, postal_or_zip_code) VALUES
(1, '72899 Eric Cliffs Suite 909', NULL, 'East Michael', 'Washington', 'USA', '41908'),
(2, '28911 Baker Orchard Apt. 195', 'Suite 660', 'South Michael', 'Alabama', 'USA', '97808'),
(3, '245 Christopher Ranch', NULL, 'Bowentown', 'Maine', 'USA', '60795'),
(4, '83792 Christopher Curve Apt. 768', NULL, 'Davidberg', 'South Dakota', 'USA', '92617'),
(5, '89473 Gonzales Parks Apt. 698', NULL, 'Port Kelsey', 'Oregon', 'USA', '39854'),
(6, '89271 Williamson Divide Suite 399', NULL, 'Ericaview', 'Maine', 'USA', '97663'),
(7, '765 Ryan Junction', 'Suite 174', 'Samuelhaven', 'Alabama', 'USA', '40848'),
(8, '70664 Cisneros Harbors Suite 912', NULL, 'Hughesville', 'Delaware', 'USA', '14063'),
(9, '2316 Ashley Dam Apt. 703', 'Apt. 353', 'New Melanie', 'South Carolina', 'USA', '49114'),
(10, '6382 Jennifer Branch Suite 554', NULL, 'West Angela', 'Kentucky', 'USA', '37085'),
(11, '660 Lutz Plaza', 'Apt. 992', 'South Nicholasland', 'Illinois', 'USA', '26431'),
(12, '6629 Nelson Pike', NULL, 'Hamiltonfort', 'Virginia', 'USA', '59906'),
(13, '777 Anderson Tunnel', NULL, 'East David', 'Georgia', 'USA', '72509'),
(14, '25958 Vargas Circles', NULL, 'Port Crystaltown', 'Minnesota', 'USA', '84662'),
(15, '8883 Davis Avenue', 'Suite 630', 'Port Evanborough', 'New Mexico', 'USA', '37439'),
(16, '7757 Robin Way Apt. 971', 'Apt. 391', 'North Matthewstad', 'Kansas', 'USA', '99645'),
(17, '9978 Elizabeth Radial', NULL, 'North Ethanberg', 'Nevada', 'USA', '52357'),
(18, '56422 Edwards Junction', NULL, 'Jeffport', 'Ohio', 'USA', '35405'),
(19, '27199 Matthew Centers', 'Suite 625', 'Jenniferstad', 'North Dakota', 'USA', '18791'),
(20, '7840 Campbell Burg Apt. 356', NULL, 'East Jill', 'Tennessee', 'USA', '58422'),
(21, '942 Elizabeth Manors', 'Apt. 528', 'Angelaborough', 'Texas', 'USA', '80064'),
(22, '5479 Walsh Squares Suite 356', 'Apt. 450', 'Brandystad', 'Arizona', 'USA', '88981'),
(23, '029 Kennedy Pine Apt. 264', NULL, 'East Carlaland', 'New Mexico', 'USA', '90062'),
(24, '090 Kaitlin Shoals Suite 437', NULL, 'West Laurieview', 'Washington', 'USA', '59878'),
(25, '781 Marquez Fields Apt. 635', NULL, 'West Nataliefort', 'Hawaii', 'USA', '01078'),
(26, '052 Mckinney Green', 'Apt. 772', 'North Juliefurt', 'Colorado', 'USA', '57715'),
(27, '8393 Wendy Groves Apt. 909', NULL, 'Port Christopher', 'North Dakota', 'USA', '02984'),
(28, '755 Daniel Loaf', NULL, 'Jorgefurt', 'Wyoming', 'USA', '51984'),
(29, '531 Ian Spring Suite 551', NULL, 'Herringport', 'Idaho', 'USA', '31693'),
(30, '3901 Fuller Court', 'Suite 264', 'Christophermouth', 'Utah', 'USA', '70065'),
(31, '476 Rivera Meadow Suite 455', 'Apt. 506', 'West Joseph', 'West Virginia', 'USA', '37545'),
(32, '81911 Ryan Brooks Apt. 650', NULL, 'Kennethfurt', 'Illinois', 'USA', '85108'),
(33, '7711 Matthew Orchard', NULL, 'Tiffanyland', 'Georgia', 'USA', '47900'),
(34, '3574 Gabrielle Garden Suite 554', 'Apt. 030', 'Brandonside', 'Nebraska', 'USA', '75831'),
(35, '00984 James Overpass', 'Suite 859', 'East Danielleview', 'Virginia', 'USA', '43076'),
(36, '77026 Anderson Meadow', NULL, 'North Charlestown', 'Idaho', 'USA', '28193'),
(37, '44499 John Drive Suite 533', NULL, 'Port Elainestad', 'Vermont', 'USA', '77235'),
(38, '421 Ellis Plains', 'Suite 505', 'Byrdchester', 'Kansas', 'USA', '81058'),
(39, '595 Ross Locks Suite 151', 'Apt. 657', 'Joshuastad', 'Maine', 'USA', '75953'),
(40, '231 Barber Falls', NULL, 'East Kara', 'South Dakota', 'USA', '76477'),
(41, '747 Molina Turnpike', NULL, 'Lake Williamborough', 'New York', 'USA', '24233'),
(42, '379 Nicole Junction Suite 949', 'Suite 957', 'North Stevenchester', 'Texas', 'USA', '52899'),
(43, '93807 Jennifer Summit', NULL, 'West William', 'South Carolina', 'USA', '60021'),
(44, '462 Rodney Ferry', 'Suite 505', 'Port Cynthiaport', 'Indiana', 'USA', '32362'),
(45, '9428 Adams Walk', NULL, 'New Lisaberg', 'California', 'USA', '89055'),
(46, '7016 Nicole Trail', NULL, 'Russelltown', 'Arizona', 'USA', '61158'),
(47, '94414 Nicole Union Apt. 336', NULL, 'West Calvinborough', 'Hawaii', 'USA', '83333'),
(48, '4476 Allen Unions', 'Apt. 174', 'Bradfordstad', 'South Dakota', 'USA', '53036'),
(49, '46075 Alex Islands', 'Apt. 501', 'Greenmouth', 'West Virginia', 'USA', '82560'),
(50, '94020 Amanda Square Suite 778', 'Apt. 412', 'Port Jeffreyville', 'Alabama', 'USA', '65639'),
(51, '9971 Lewis Plaza', 'Suite 355', 'West Ryanberg', 'North Carolina', 'USA', '57386'),
(52, '320 Gutierrez Alley Suite 014', 'Apt. 519', 'Lake James', 'North Carolina', 'USA', '07497'),
(53, '5719 Patrick Shoals', 'Apt. 708', 'Port Markmouth', 'Indiana', 'USA', '61347'),
(54, '44865 Fernandez Island', 'Suite 572', 'South Julie', 'Utah', 'USA', '10485'),
(55, '103 Kim Underpass Suite 371', 'Apt. 589', 'Wrightton', 'Maryland', 'USA', '22090'),
(56, '0807 Olson Ramp Suite 574', 'Apt. 080', 'Port Kyle', 'Connecticut', 'USA', '25781'),
(57, '647 Barton Lights Apt. 007', NULL, 'South Lucastown', 'Indiana', 'USA', '67343'),
(58, '502 Tran Place Suite 621', 'Suite 741', 'Port Edwardton', 'Hawaii', 'USA', '98624'),
(59, '072 Samantha Parks Suite 186', 'Apt. 061', 'West Matthew', 'Virginia', 'USA', '21735'),
(60, '2253 Phillips Court Suite 891', 'Apt. 186', 'Hernandezburgh', 'Massachusetts', 'USA', '35111'),
(61, '54985 Rebecca Estates', 'Suite 741', 'Lake Joshuaside', 'Minnesota', 'USA', '23996'),
(62, '3408 Cox Spur Apt. 977', 'Suite 448', 'Port Carol', 'Alabama', 'USA', '23892'),
(63, '21321 Zachary Ridge', NULL, 'Moranfurt', 'Idaho', 'USA', '61129'),
(64, '859 Joanna Mills', 'Apt. 620', 'Port Samuelville', 'Louisiana', 'USA', '84709'),
(65, '278 Peters Road Suite 233', NULL, 'New Michaelton', 'New Mexico', 'USA', '30823'),
(66, '91094 Walker Ville', NULL, 'Noahfort', 'New Hampshire', 'USA', '94753'),
(67, '2518 Susan Locks Suite 210', 'Apt. 655', 'Michaelmouth', 'New Mexico', 'USA', '77370'),
(68, '3273 Ward Drive Suite 827', NULL, 'Port Tammy', 'Hawaii', 'USA', '42388'),
(69, '47861 Sanders Common Apt. 565', NULL, 'Lake Stephanie', 'New Hampshire', 'USA', '33132'),
(70, '7619 Alexandria Trail Apt. 400', NULL, 'West Victoriashire', 'Alabama', 'USA', '50060'),
(71, '1332 Gordon Villages Suite 040', NULL, 'Kimberlyview', 'Florida', 'USA', '69055'),
(72, '7999 Ashley Garden Apt. 700', 'Apt. 273', 'Morsechester', 'Pennsylvania', 'USA', '49377'),
(73, '549 Nathan Valleys', NULL, 'Chavezborough', 'Arkansas', 'USA', '24802'),
(74, '66027 Matthew Cliff', NULL, 'Lake Gilbert', 'Nevada', 'USA', '05409'),
(75, '0736 Smith Trace Suite 090', NULL, 'Hollowayview', 'Massachusetts', 'USA', '31684'),
(76, '4084 Wilson Falls Apt. 865', 'Apt. 503', 'Port Christine', 'Louisiana', 'USA', '15377'),
(77, '30345 Hannah Fields', 'Apt. 912', 'Larsonton', 'Wisconsin', 'USA', '57017'),
(78, '51937 Morgan Grove', NULL, 'Vasquezborough', 'Maine', 'USA', '66444'),
(79, '8884 Jeffery Inlet Apt. 505', 'Suite 398', 'South Benjaminbury', 'Delaware', 'USA', '87281'),
(80, '2669 Myers Park', 'Apt. 523', 'South Raymondshire', 'New York', 'USA', '41615'),
(81, '68904 John Port', 'Apt. 450', 'Nicholasland', 'Delaware', 'USA', '67133'),
(82, '9683 Rodriguez Circle', NULL, 'North Sarahhaven', 'Kansas', 'USA', '34489'),
(83, '1796 Thomas Shoals', NULL, 'West Paulafort', 'Missouri', 'USA', '70142'),
(84, '7507 Melton Mountain Apt. 390', 'Suite 425', 'South Ryanview', 'South Dakota', 'USA', '06610'),
(85, '363 Knight Center Suite 944', 'Apt. 317', 'North Edwardside', 'Kentucky', 'USA', '38987'),
(86, '6821 Marquez Shores', 'Apt. 211', 'Kaufmanfurt', 'Louisiana', 'USA', '87926'),
(87, '7310 Michelle Track Suite 296', NULL, 'Gonzalesside', 'Rhode Island', 'USA', '63978'),
(88, '68044 Parker Knolls', 'Apt. 068', 'Summersfurt', 'Wisconsin', 'USA', '06306'),
(89, '28824 Jasmine Path Apt. 385', 'Suite 941', 'Port Brittany', 'Kansas', 'USA', '33813'),
(90, '060 Diane Spring Suite 067', NULL, 'Annstad', 'Maryland', 'USA', '01160'),
(91, '8096 Williams Cliffs', 'Suite 966', 'Moyerfort', 'Nevada', 'USA', '99793'),
(92, '269 Romero Trail', NULL, 'South Michaelville', 'Vermont', 'USA', '63849'),
(93, '2038 Christy Lake Apt. 817', NULL, 'South Emilyburgh', 'Pennsylvania', 'USA', '85287'),
(94, '74872 Marie Hill', 'Apt. 085', 'Traceyshire', 'Hawaii', 'USA', '43665'),
(95, '47763 Thomas Course', 'Apt. 493', 'Douglasville', 'California', 'USA', '92209'),
(96, '90551 Mark Walk Suite 521', 'Apt. 397', 'New Katherine', 'Iowa', 'USA', '04106'),
(97, '422 Quinn Viaduct', NULL, 'Singhshire', 'Nevada', 'USA', '16830'),
(98, '6319 Kelly View', NULL, 'Reynoldsland', 'New York', 'USA', '88582'),
(99, '3562 Flores Streets', NULL, 'East Joshua', 'New Jersey', 'USA', '17469'),
(100, '8486 White Center', 'Apt. 863', 'Atkinsonshire', 'Montana', 'USA', '93120'),
(101, '104 Mckenzie Circles Apt. 409', NULL, 'New Rebeccastad', 'Alabama', 'USA', '60690'),
(102, '0422 Lisa Prairie Suite 153', 'Apt. 197', 'South Richard', 'Connecticut', 'USA', '28938'),
(103, '815 Andrews Mill Suite 304', 'Apt. 836', 'Bonillaburgh', 'Montana', 'USA', '99877'),
(104, '75552 Griffith Club', NULL, 'Jasonton', 'Kentucky', 'USA', '16171'),
(105, '6463 Cochran Shoal', NULL, 'New Jade', 'Connecticut', 'USA', '92043'),
(106, '1199 Barbara Trafficway Apt. 175', NULL, 'Greentown', 'Florida', 'USA', '93877'),
(107, '58222 Bobby Junctions Suite 350', 'Suite 221', 'North Nicoleview', 'Delaware', 'USA', '53193'),
(108, '76683 Booker River', NULL, 'Holderport', 'Colorado', 'USA', '50457'),
(109, '128 Davis Locks Apt. 688', NULL, 'Tylerfurt', 'California', 'USA', '59587'),
(110, '668 Bruce Extension', NULL, 'Michaeltown', 'Delaware', 'USA', '38368'),
(111, '52441 Stephens Keys', 'Suite 080', 'New Megan', 'New Hampshire', 'USA', '26399'),
(112, '29780 Barrett Locks Suite 077', NULL, 'East Gabriel', 'Michigan', 'USA', '54748'),
(113, '146 Mills Fords Suite 146', 'Suite 325', 'Bryanview', 'Minnesota', 'USA', '09576'),
(114, '755 Hubbard Trail Suite 316', 'Suite 931', 'North Lacey', 'Montana', 'USA', '78282'),
(115, '44403 Melvin Common', 'Apt. 050', 'Ricemouth', 'New York', 'USA', '17118'),
(116, '521 White Field', NULL, 'East Michellechester', 'Kansas', 'USA', '30189'),
(117, '52520 Stephens Junction Suite 796', 'Apt. 199', 'Williamview', 'South Carolina', 'USA', '86892'),
(118, '464 Tran Locks', NULL, 'Port Brianton', 'Hawaii', 'USA', '81628'),
(119, '8541 Trevor Grove Suite 701', NULL, 'Baileyfurt', 'Nebraska', 'USA', '39630'),
(120, '599 Julia Islands Apt. 419', NULL, 'West Eric', 'Georgia', 'USA', '89250'),
(121, '2785 Smith Shore Apt. 548', 'Suite 270', 'Romerohaven', 'Arizona', 'USA', '30071'),
(122, '747 Andrews Meadows Apt. 646', NULL, 'South Robertstad', 'Texas', 'USA', '81925'),
(123, '021 Craig Keys Suite 844', 'Apt. 019', 'West Isaacside', 'Oregon', 'USA', '96008'),
(124, '7618 Laura Wall', 'Apt. 840', 'Michaelfurt', 'Virginia', 'USA', '22480'),
(125, '62418 Wright Station', 'Apt. 063', 'Waltersland', 'Ohio', 'USA', '23077'),
(126, '8348 Patricia Circles Apt. 655', 'Suite 890', 'Hillfurt', 'Kansas', 'USA', '36693'),
(127, '60253 Marcia Isle', 'Suite 402', 'Roweland', 'Kansas', 'USA', '83551'),
(128, '7385 Erica Manors', NULL, 'North Derrickberg', 'Idaho', 'USA', '15110'),
(129, '1724 Pena Vista Apt. 866', NULL, 'Hannahburgh', 'New York', 'USA', '64869'),
(130, '0646 Gutierrez Roads', NULL, 'Ashleymouth', 'Alaska', 'USA', '57595'),
(131, '5366 Heather Corners', NULL, 'North Jaredberg', 'New York', 'USA', '18935'),
(132, '0200 Sanchez Circle Apt. 895', NULL, 'Schroederberg', 'Hawaii', 'USA', '98819'),
(133, '46654 Taylor Lock Suite 452', NULL, 'Jasonburgh', 'Arkansas', 'USA', '18421'),
(134, '29161 Marsh Radial', 'Apt. 657', 'Vanessafurt', 'West Virginia', 'USA', '51741'),
(135, '74058 Garcia Summit Suite 219', 'Apt. 822', 'Port Laurabury', 'Nevada', 'USA', '03149'),
(136, '218 Gentry Cliff', NULL, 'Danielland', 'Minnesota', 'USA', '39131'),
(137, '550 Lewis Bypass', NULL, 'West Tanya', 'Nevada', 'USA', '04915'),
(138, '7982 Hunt Light Suite 465', NULL, 'Patriciamouth', 'Oregon', 'USA', '52408'),
(139, '9060 Torres Course Apt. 048', 'Apt. 390', 'Herreramouth', 'Louisiana', 'USA', '81065'),
(140, '75913 Thomas Orchard', 'Suite 155', 'West Phillip', 'Idaho', 'USA', '44919'),
(141, '831 Ashley Track Suite 158', NULL, 'Anneshire', 'Maine', 'USA', '74914'),
(142, '859 Craig Hills Apt. 568', 'Suite 093', 'Westview', 'Minnesota', 'USA', '82950'),
(143, '29942 John Squares', NULL, 'Kristinbury', 'Illinois', 'USA', '32144'),
(144, '293 Dawn Drive Apt. 864', 'Suite 745', 'Smallport', 'Alaska', 'USA', '72841'),
(145, '8437 Leonard Ports', 'Suite 561', 'Lake Heather', 'Nevada', 'USA', '73799'),
(146, '863 Sexton Lodge Apt. 701', 'Suite 525', 'North Alexa', 'Oklahoma', 'USA', '71221'),
(147, '1703 Michele Overpass Apt. 913', NULL, 'North Traceyview', 'Maine', 'USA', '94326'),
(148, '9134 Wang Parkways Apt. 169', 'Suite 918', 'Richardview', 'Kansas', 'USA', '52679'),
(149, '708 Lewis Way Apt. 507', NULL, 'Rodriguezshire', 'New Mexico', 'USA', '11859'),
(150, '93199 Johnson Village', 'Suite 010', 'Lake Douglasburgh', 'Oklahoma', 'USA', '96051'),
(151, '7982 James Forest', 'Apt. 248', 'Boothside', 'Pennsylvania', 'USA', '78623'),
(152, '17390 Monica Crossing Suite 734', 'Apt. 194', 'Huangborough', 'North Dakota', 'USA', '17800'),
(153, '999 Alice Motorway', NULL, 'West Amandaberg', 'Washington', 'USA', '03740'),
(154, '32973 Stacey Spur', 'Suite 375', 'North Jamesport', 'Illinois', 'USA', '24001'),
(155, '8876 Carter Lock', 'Suite 653', 'West Paul', 'Colorado', 'USA', '36280'),
(156, '00544 Roy Curve', NULL, 'Richardmouth', 'Alabama', 'USA', '62250'),
(157, '563 Sandra Station Apt. 724', NULL, 'Lake Ashley', 'Virginia', 'USA', '95065'),
(158, '43587 Waller Villages Apt. 993', 'Apt. 419', 'Byrdside', 'Illinois', 'USA', '06917'),
(159, '1616 Katie Passage', NULL, 'North Paul', 'Arkansas', 'USA', '93757'),
(160, '16470 West Trace', 'Suite 752', 'Rebeccabury', 'Indiana', 'USA', '02226'),
(161, '7322 Gonzales Glens Apt. 365', NULL, 'East Sarah', 'Kentucky', 'USA', '98588'),
(162, '802 Brianna Walk', 'Apt. 588', 'Lake Jerry', 'Maine', 'USA', '51118'),
(163, '152 Carla Plaza Suite 040', NULL, 'Trevinochester', 'Louisiana', 'USA', '11334'),
(164, '8139 Tracy Cliff Suite 002', NULL, 'Stevensonview', 'Colorado', 'USA', '55581'),
(165, '36589 Joann Mountain', 'Apt. 829', 'West Tiffany', 'West Virginia', 'USA', '98171'),
(166, '41810 Johnathan Forge', NULL, 'West Sarah', 'New Hampshire', 'USA', '45395'),
(167, '2901 Francis Lodge Apt. 196', NULL, 'Jameston', 'New Jersey', 'USA', '23792'),
(168, '758 William Via Suite 115', 'Apt. 883', 'North Christopher', 'California', 'USA', '40418'),
(169, '7699 Barron Villages Apt. 840', 'Suite 971', 'Port Jillianbury', 'Illinois', 'USA', '05634'),
(170, '2007 Kathryn Summit', NULL, 'Port Jamesburgh', 'Louisiana', 'USA', '90932'),
(171, '4734 Lauren Ports', NULL, 'New Joseville', 'Tennessee', 'USA', '08591'),
(172, '14305 Ramirez Springs', NULL, 'Port Dwaynetown', 'Washington', 'USA', '45684'),
(173, '099 Kevin Mountain Apt. 447', 'Apt. 900', 'New Christopherview', 'Washington', 'USA', '06538'),
(174, '879 Jessica Wells', 'Suite 800', 'Port Dalton', 'Maryland', 'USA', '92917'),
(175, '85251 Karen Summit Apt. 284', NULL, 'Jeremyborough', 'Massachusetts', 'USA', '20311'),
(176, '20883 Carrie Common', NULL, 'New Lucas', 'Nevada', 'USA', '47983'),
(177, '651 Laura Harbors Apt. 731', 'Suite 402', 'South Zoe', 'Iowa', 'USA', '49820'),
(178, '6283 Teresa Island Apt. 859', NULL, 'Davidshire', 'Wyoming', 'USA', '22528'),
(179, '33130 Norris Walk Suite 440', NULL, 'Woodmouth', 'Iowa', 'USA', '20806'),
(180, '21091 Brock Curve Suite 597', NULL, 'Francisland', 'Washington', 'USA', '96246'),
(181, '2592 David Haven', NULL, 'Nancyberg', 'Washington', 'USA', '25433'),
(182, '8981 Karen Estates Apt. 539', 'Suite 651', 'Padillamouth', 'Illinois', 'USA', '25402'),
(183, '31200 Jackson Skyway Apt. 186', 'Suite 803', 'Benjaminfort', 'North Carolina', 'USA', '15977'),
(184, '36544 Derek Harbors Apt. 828', 'Suite 434', 'Port Debrachester', 'Maryland', 'USA', '96872'),
(185, '447 Gabriel Walk Suite 365', 'Apt. 371', 'Webbtown', 'New Jersey', 'USA', '01336'),
(186, '84056 Nancy Street', NULL, 'Lake Anthony', 'Mississippi', 'USA', '32534'),
(187, '67605 Stevenson Skyway', NULL, 'South Marvin', 'New Jersey', 'USA', '02053'),
(188, '2569 Angela Ranch', NULL, 'Port Emilyville', 'New Mexico', 'USA', '32840'),
(189, '62709 Christina Crescent Suite 541', NULL, 'Davidborough', 'Connecticut', 'USA', '93726'),
(190, '50911 Tucker Harbors Apt. 960', 'Suite 962', 'Jeremyhaven', 'Wisconsin', 'USA', '79221'),
(191, '897 Vernon Centers', NULL, 'Marymouth', 'Ohio', 'USA', '88864'),
(192, '272 Thompson Knoll Apt. 061', NULL, 'Melissaville', 'Missouri', 'USA', '35218'),
(193, '274 Graham Turnpike Suite 585', NULL, 'Johnsonstad', 'Delaware', 'USA', '71765'),
(194, '99402 Alicia Drives Apt. 042', NULL, 'Sheltonstad', 'New Hampshire', 'USA', '44372'),
(195, '910 Matthew Coves Apt. 751', 'Apt. 961', 'Davisfort', 'Kansas', 'USA', '46796'),
(196, '114 Joseph Ranch Suite 319', NULL, 'Weeksside', 'Nebraska', 'USA', '44085'),
(197, '596 Shannon Lock', NULL, 'Edwardport', 'Arkansas', 'USA', '90440'),
(198, '5399 Johnson Shoals Apt. 687', 'Apt. 149', 'New Sethside', 'Delaware', 'USA', '64952'),
(199, '8379 Jenny Mall Apt. 328', 'Suite 198', 'Michaelton', 'Montana', 'USA', '90353'),
(200, '09379 Foster Brook', 'Suite 767', 'Port David', 'Massachusetts', 'USA', '98270');

INSERT INTO "user" (id, username, password_hash, f_name, l_name, email, dob, rating, role, address_id) VALUES
(1, 'phillipmatthews', '88d91212407dd1c21279dd106d3e4643b29fcb136a745eeadd33645f140f093c', 'Samantha', 'Campbell', 'ayalavictoria@example.net', '1984-02-06', 1.2, 'ADMIN', 140),
(2, 'whanna', 'aba143cbd53cc58b14a98e47f7657d28c05d7c35b98a6f8f4b9523cd4c0b2c57', 'Ricky', 'Mclean', 'howens@example.com', '1983-02-08', 5.0, 'DRIVER', 149),
(3, 'tammy99', '336f15d83a428e20da57a4ea9048126de16ba28452529e21c5e7f646a0baf407', 'Jacqueline', 'Bradley', 'kellybeth@example.org', '1984-11-25', NULL, 'CLIENT', 156),
(4, 'briannamckenzie', 'c91748d173cf9aefbef0db7aca389c3fb0432bb72bbe315b4bde3c36c00d0033', 'Peter', 'Taylor', 'gonzalezzachary@example.net', '1978-03-25', 2.9, 'CLIENT', 13),
(5, 'victoria18', 'aeca73ef97acbb03528a164e16766c5949c6e7e9bcedbe48cdeb71e5ef9b5b5b', 'Alyssa', 'Schwartz', 'thomas74@example.net', '1974-06-05', 2.7, 'CLIENT', 181),
(6, 'larmstrong', '2bbe899bff8f11ba42c79abdba63bd331679db729ff19b36af15cb5a50092ee0', 'Ronnie', 'Hubbard', 'lindsay03@example.com', '1975-02-04', 1.8, 'CLIENT', 10),
(7, 'hsuarez', '077c7b0cf52fc69f844ed0ab2b82ad00ceacd0818cf3b9b3b125bccfcf1ad921', 'Cassandra', 'Jenkins', 'sawyerdaniel@example.com', '1997-09-27', 4.3, 'DRIVER', 30),
(8, 'zfaulkner', 'b34a967f3e885e192173c6d3a045e9432a446eed146097c6ebd9a0fd0de18913', 'Richard', 'Guzman', 'lwatkins@example.org', '1948-11-06', 2.3, 'ADMIN', 75),
(9, 'guzmannatasha', '34c471363a951ac682c2f7d230dbe2670aace4c068a957ca2b467be5a0677799', 'Tina', 'Smith', 'jameschristopher@example.net', '1974-07-10', NULL, 'DRIVER', 75),
(10, 'amanda85', '45a04422ba2aa2596ab3fafc4378162f5ab704b1752bd599a8d5a69d5875c3a1', 'Renee', 'Diaz', 'wmoore@example.com', '1999-03-16', 4.6, 'DRIVER', 158),
(11, 'smendez', '96456503034c4a6b6ef88914b49dee0d324606aa2239fc5bec780e7a31dc1caf', 'Patrick', 'Stephens', 'bmontgomery@example.org', '1960-04-14', 4.4, 'CLIENT', 40),
(12, 'cynthiamorris', 'bb3368efcad1206c8959f08f4cdf302aea92cafc01ce6012aeecb91ea2038f7d', 'Matthew', 'Sampson', 'antonio64@example.net', '1966-03-13', NULL, 'CLIENT', 118),
(13, 'kthompson', 'c3e23a440ce05473d845fb225adebc5b79ca48f3603c5c87778a52e1bf6927a4', 'David', 'Butler', 'daniel40@example.org', '1962-03-31', 3.2, 'ADMIN', 140),
(14, 'connerelijah', 'd50416952505eba9e8344aa53119da86cffc2c2bddba847f2c9929e159fe2f14', 'Dylan', 'Wright', 'thomashuber@example.org', '1974-12-21', NULL, 'ADMIN', 187),
(15, 'swhite', 'aa2568b53ffbf1767950595540269f0543005cee6f25e593d405343a6d879e3d', 'Stephen', 'Edwards', 'hprice@example.com', '1995-06-11', NULL, 'CLIENT', 187),
(16, 'olivia06', 'cc67f9549d1c13db502eeb230bbdfa4833aed83800b2ca7815d6299ada0f0218', 'Carrie', 'Collins', 'griffinamber@example.net', '2005-10-05', NULL, 'DRIVER', 54),
(17, 'dawnescobar', '5549876838f1e1b2e32089efa04dfb13c37a0b408db1592fe9123044ea88ff0f', 'Anthony', 'Graham', 'emurphy@example.net', '2003-01-26', 4.6, 'ADMIN', 135),
(18, 'kendra23', '5a2ea7a14218a78068f95e257dd7ab7015bc1c1624283c523d559190c856fb29', 'Michael', 'Valenzuela', 'jenniferstewart@example.net', '1978-11-10', 1.6, 'DRIVER', 41),
(19, 'sonia49', '963557c3b97259f770322c2ad08f00b8336d002abc867f1de7641ac3670227ba', 'Anita', 'Sullivan', 'travispatterson@example.net', '1982-07-22', NULL, 'CLIENT', 28),
(20, 'daniel36', '7ec77d7bcfeca073b48bbe81888a4fb499bcf91e491028655645d1679b087d11', 'Sherry', 'Aguirre', 'timothy08@example.net', '2003-11-24', 3.3, 'CLIENT', 94),
(21, 'michelle50', '6682d3c82407d8356936087feb801f9c85cda9d60b89cb31dadc8670cc535ddc', 'Jay', 'Green', 'sandra27@example.com', '1955-05-20', 3.0, 'DRIVER', 88),
(22, 'aaron38', 'edad4da4cd01505f5f986b0c7c7c8ce60c7e608fa0d78261188f6892289a248c', 'Joseph', 'Rios', 'andrewjenkins@example.org', '1945-10-23', 3.1, 'ADMIN', 9),
(23, 'iscott', 'b0c100cebb91b122fc598a40e99f09864dd7d01af97c6ce08a9221e5366cb8e7', 'Lindsay', 'Howell', 'coffeyjames@example.net', '1989-09-26', 3.4, 'DRIVER', 60),
(24, 'williammorgan', '97b564505d2ae1d57c87834927aaf18b23d2ee87cbf889904407260b70f53248', 'Barbara', 'Williams', 'terri62@example.com', '1955-07-05', NULL, 'ADMIN', 173),
(25, 'emcdonald', 'fb67a1bf4425914cdc4e338ca3e5f9e30e3e4eb3e752f85c39dcc91886460187', 'Christian', 'Owens', 'carlsmith@example.com', '1980-03-17', 5.0, 'CLIENT', 123),
(26, 'davisjames', '01db610785b177a40c677012bf59db72032f5033925593766b61859a80dd430c', 'Valerie', 'Huff', 'michaeljohnson@example.net', '2001-03-15', 2.5, 'DRIVER', 143),
(27, 'judy27', 'c4b7c61a17791eb501a6f2937911f54972776febe6849d810597ef6965361a1e', 'Victoria', 'Day', 'amanda50@example.net', '1988-05-28', 1.3, 'ADMIN', 46),
(28, 'qhanson', '3a6dcbdc0a686e2da1d200c5bd6d0e6039af436c9e817355d63807a8fcd88fe3', 'David', 'Kramer', 'christopher17@example.net', '1977-02-17', NULL, 'ADMIN', 64),
(29, 'ortegacrystal', '254098d2cbf8f6c528cb9d91ea061200994e2f58b96d288ead3ab84242818e19', 'Alex', 'Hunt', 'huertabrandon@example.com', '2003-12-28', 3.6, 'ADMIN', 45),
(30, 'amy47', 'e927c7b5585350efcb9a2787f2adc680c36f1ac3677b882aaef265bd0a3d1528', 'Scott', 'Gibson', 'pclark@example.net', '1987-12-12', 4.5, 'ADMIN', 25),
(31, 'cwilson', '5e9e12822ee8a498ae739a7c06864132839ab6237c9edf1843333e062d049b22', 'Deborah', 'Norton', 'walshsean@example.com', '1997-11-11', NULL, 'CLIENT', 77),
(32, 'pthomas', '2f8adc4bf6cfa7d1157fa80100b97ab1300e3733637b3285337e5f2008718cec', 'Sydney', 'Hanson', 'jessica03@example.org', '1981-11-21', 3.5, 'DRIVER', 104),
(33, 'zmorgan', '8d89cdc287060570429af6bd00ddeb69c0be2ee1d0947a2829b6746fb397953e', 'Tammy', 'Garza', 'jackkennedy@example.org', '2004-02-28', 4.9, 'CLIENT', 18),
(34, 'lcooper', '7ed8d051ea6af5aaa6040b72f6cbd1f0c9a027620fce1bf3f4c824a3ee81baeb', 'Jeffrey', 'Parker', 'stephanie59@example.net', '1961-10-02', 2.6, 'ADMIN', 133),
(35, 'benjamingarrett', '6c07cbc5037a9b731e7c13f577a1c0126a2a37f647323d05a19fc71f6dd5cb81', 'Mary', 'Horne', 'ashley93@example.net', '1966-10-24', 2.3, 'CLIENT', 60),
(36, 'rstout', 'c7abb8973a13923d9af729d3b6c4dd268e0ddca557fe21ea3b42cc5e441fd442', 'Maxwell', 'Sanchez', 'courtneybaxter@example.org', '1953-10-26', NULL, 'DRIVER', 11),
(37, 'diamondjones', '102def4639138039736c47f0bff836ae05c6c336248d8d5c184a1d8edfd41721', 'Daniel', 'Odom', 'michael65@example.com', '1958-10-16', 2.6, 'ADMIN', 27),
(38, 'mitchelldylan', '271d141335f48afcb315ec1f9d480d043c96a5164b920b813403e7e44040aaeb', 'Thomas', 'Franco', 'chambersanthony@example.org', '1974-01-17', 1.3, 'CLIENT', 144),
(39, 'logan33', '77128fa1e995fc11ad471d3c263d84134ce8f703912c48014775e07fea5b785f', 'Kayla', 'Garza', 'nharris@example.com', '1977-10-23', NULL, 'CLIENT', 171),
(40, 'lisaparker', '64c339c5c4ef19fae75ae76b500a1d59199037ea90390f9c63dfce2ae78dc1c9', 'Todd', 'Barrera', 'jcherry@example.com', '1997-11-17', NULL, 'CLIENT', 114),
(41, 'kvincent', '65a055f6951acfc2212b3fcd14bdc9acf19969253a77b24265305f6782ac9b1a', 'Jacob', 'Burgess', 'ihernandez@example.com', '1959-11-09', NULL, 'ADMIN', 38),
(42, 'nguyensharon', 'c9762ba402e81b020f706abf69af28fff080847848cba60717007b5ff03d717f', 'Kenneth', 'Reeves', 'stevenwatson@example.net', '1990-05-15', 1.9, 'DRIVER', 102),
(43, 'tammy10', '8cd1955183b23e206642d8bb008f186757b0d3c53e0a6542275a2d963f0d68a2', 'Michael', 'Hickman', 'justin80@example.com', '1958-09-01', 1.4, 'DRIVER', 142),
(44, 'annajohnston', 'e269b39e3b82b60b98387a1b2a9a1192fecb2a239248dd26153f2852e0f470ff', 'Kristopher', 'Adkins', 'ariascristian@example.com', '1984-10-14', 3.4, 'DRIVER', 152),
(45, 'austinfreeman', 'be0cc3ef5b17c80aee2ae61efad7b2e83788acbcca26e3d00e79c9b56d151fad', 'James', 'Reese', 'ericarobinson@example.org', '1964-07-03', 2.4, 'CLIENT', 106),
(46, 'trose', 'a6b6fc61c27dea6e332216e08d3a8fd84e96b1de6740bb29e032b7609150aac9', 'April', 'Morris', 'grossashley@example.org', '1997-10-04', 2.5, 'CLIENT', 101),
(47, 'kristiprince', '411368154920bd34d607f4946ec5adf161a16a69c22c8a85d79f58b3bf7feac1', 'Amy', 'Baker', 'rodney61@example.net', '1951-12-02', 1.0, 'CLIENT', 14),
(48, 'annjones', '56555f20a4836173e5f4cfe69d4b4cfd22b740dfae04e84bae1f51795a335b0a', 'Andrew', 'Stone', 'whernandez@example.com', '1966-07-27', 4.3, 'ADMIN', 28),
(49, 'prhodes', '3418627182db564f051b342880e27034c7d9125b4e491d9951cd1940755866de', 'Jimmy', 'Hayes', 'lowemary@example.org', '1981-04-17', 1.8, 'ADMIN', 139),
(50, 'gallowaydavid', 'daca5e061d9a5f3ebb901f9bd89fd20aa669c274458165b12cd9bae46ea3ed32', 'Adrian', 'Gomez', 'millerjulie@example.com', '2000-09-16', NULL, 'CLIENT', 75),
(51, 'christine87', '587509f045ac9977e3ff882534423d948575a1052fc3bfd5e62f9fc9fc4ca9c0', 'Juan', 'Daniels', 'ljohnson@example.net', '1975-01-14', 2.5, 'CLIENT', 30),
(52, 'jaredmartin', '8f256a4b83b9c3d4f55d5653d6983da341f8d5e13e0ac26e61df57ac082cbd60', 'Mark', 'Walker', 'wrightlarry@example.com', '1980-01-23', NULL, 'CLIENT', 13),
(53, 'herrerawilliam', 'b0f31bbcfb90ae11af5985a791aedbc7f438e2796b504ee897c3c6b758312f18', 'Shelia', 'Foster', 'operez@example.org', '1951-06-25', 2.9, 'CLIENT', 2),
(54, 'vcole', '563ba207189b9b46d2f1b2db9a7b2b20ad77abedf99ade0891a264e8ddef37fb', 'Perry', 'Jackson', 'nramsey@example.com', '1985-03-01', 4.2, 'CLIENT', 116),
(55, 'nelsonmichael', '34749c5ba930e594d49ae64c5b5281f7ec6af19910091c50147dbd10278de90e', 'Andrew', 'Rivera', 'janice20@example.org', '1952-12-26', NULL, 'CLIENT', 85),
(56, 'leroy33', 'deb9232b381d07b26c6f483b1ee5e01af60bc9e0988d45d2b4ff970bf09aee3d', 'Kevin', 'French', 'pearsonronnie@example.org', '1968-01-22', 1.6, 'CLIENT', 63),
(57, 'portermichelle', '9284268658ce400ae695f03ccec1cb35bdefd87a3935814d57435749433abab1', 'Rebecca', 'Dixon', 'benjamin33@example.org', '1988-11-15', 3.1, 'ADMIN', 33),
(58, 'donna35', 'acfc6d5a0064ac51ff550eb1d3128f9042eabff81af2e6fc526d1abe5291820e', 'Vincent', 'Fisher', 'bakerjoshua@example.com', '1946-06-19', NULL, 'CLIENT', 195),
(59, 'mollyhill', '97f9d39d3b0801091ed0f6276187af4b687e59677cedc165afbac813b8a6ef9d', 'Andrew', 'Ali', 'gibsonmikayla@example.net', '1968-04-22', 4.1, 'ADMIN', 101),
(60, 'operez', '388ef3563d690fac5a2c165775cb768951a4dd4a4a88b8059405419fa1584486', 'Lauren', 'Freeman', 'patricia46@example.net', '1947-08-31', 2.9, 'CLIENT', 175),
(61, 'jwilliams', '76b80fa27766e2d7445a65f592616c95af3544aa87221010cac767c61209e1e5', 'Kenneth', 'Garcia', 'cynthiacohen@example.com', '1976-10-03', 4.4, 'DRIVER', 197),
(62, 'patricialong', 'dc94568a4164c95d598d98b4bc927006de1484c34b38479fd1e7be13f4d3180e', 'Mark', 'Bass', 'margaretsmith@example.net', '1998-01-17', 2.5, 'DRIVER', 14),
(63, 'kellysanchez', 'a40f2c0c0f585f486feecaef9aae8a1ab611aa4456c5d95194f3e8c63ed34cd7', 'Keith', 'Garner', 'bradleyguzman@example.net', '1983-02-09', 3.4, 'DRIVER', 102),
(64, 'znelson', '251e3c30c76356b69ba4d43f3b6099407f108565ccd483b1d1cf7c112b36f583', 'Angelica', 'Crawford', 'dcherry@example.org', '1999-04-21', 4.9, 'ADMIN', 200),
(65, 'shawn24', '2854e5ed7f3c6779207d4abbbe9fb3f778c5b04ac5637f383c95a8c5333113d7', 'Stephanie', 'Buckley', 'jenniferayala@example.net', '1975-10-25', NULL, 'ADMIN', 155),
(66, 'mistyhensley', '1e39f0a5ab1f49ae5b122ae65597d72e92797db3f3b476ee85eb73d7cd506d63', 'Christine', 'Santos', 'emilywilliams@example.com', '1978-04-09', NULL, 'DRIVER', 78),
(67, 'larry75', '35d2e696deae9d38c31bca5ab21257f2e52782ce47fc64dee50965094b58e501', 'Samantha', 'Montes', 'pjones@example.com', '1947-05-13', NULL, 'DRIVER', 123),
(68, 'williamvega', '690c028f61081b0b8454d305a17aaad0e513a9cf62f59b4194ff55101216cf60', 'Amy', 'Williams', 'raven23@example.com', '1992-01-25', 2.1, 'CLIENT', 81),
(69, 'elizabethandrade', 'b58413a4df07dd5dc02df7334c0a38e849868fd7a5f2cc95a7d27eb6573b0998', 'James', 'Mcintosh', 'patricia76@example.net', '1956-11-26', 2.6, 'ADMIN', 185),
(70, 'anthonybrown', '655a603d7edfc0211a85940ba6d06b002a046c24910e0f81e32eb7ad05791426', 'Rebecca', 'Rose', 'hullanne@example.com', '1989-10-22', 2.4, 'CLIENT', 24),
(71, 'joseph43', 'c24972d12975990ba9cc56a128ee6e6b5cef5f5fa5d22f12ab3b7aa974a29605', 'Mary', 'Lopez', 'johnwaters@example.com', '1988-12-21', 1.2, 'CLIENT', 26),
(72, 'kevin86', '0245774fd857892db681b207334b142a5dee5569aec0401dcb835b5a8f61ed45', 'Robert', 'Hopkins', 'bullockangela@example.org', '1948-04-21', 4.4, 'CLIENT', 131),
(73, 'chad82', '6fc8b27861b55ddf99844f8286dc04f86f5a66fa588f0c4c415d344b331d34c2', 'Trevor', 'Hahn', 'traceyjordan@example.org', '1985-03-21', 3.1, 'CLIENT', 4),
(74, 'porterkimberly', '3cbdf8243e17184d97a7fba38ffe9df3773b806be788a703bc25535e1d0c04a9', 'Laura', 'Franklin', 'jonescarol@example.com', '1981-12-31', 1.7, 'ADMIN', 148),
(75, 'jrodriguez', '67426b5b9caa53cde3ec3f52d2a84be16f97f376363714e5102c7c8f88dba896', 'Tina', 'Gonzalez', 'kevinwalters@example.com', '1968-11-02', 4.4, 'ADMIN', 34),
(76, 'vanessa86', '4b485071a45ad6ff607dfd5d8bad3a972b97cff10046d7638cab92e651d5a057', 'Gregory', 'White', 'lawrence46@example.net', '1961-10-20', 1.5, 'ADMIN', 174),
(77, 'troberts', '27fb098848b486683439bbcfab156aefe791d37ffb094d3da5531cd9c230ba78', 'Melissa', 'Holloway', 'lawrencesamantha@example.com', '1952-06-25', NULL, 'DRIVER', 192),
(78, 'hamiltonmichelle', 'f14417f24f51e847ff692d1b328448ed32f04a259e82e6f0bd6bb06d3864119b', 'Ashley', 'Harrison', 'mannann@example.com', '1974-04-16', 3.6, 'ADMIN', 150),
(79, 'diazdavid', '50b746af5f8547877dbbb93443009619bf035012b61e2e3fd6e3590c251b5b22', 'Randy', 'Martin', 'duffydavid@example.com', '2004-08-25', NULL, 'DRIVER', 126),
(80, 'austinbean', '157447909b0df0b41ed867e37b69dffb0935d67ba66a2ad50ad820c35bd0efd8', 'Jeanne', 'Henderson', 'atkinslarry@example.com', '1967-12-10', 2.1, 'CLIENT', 110);

INSERT INTO driver_info (id, driving_experience, range, driving_license, user_id) VALUES
(1, 15, 656, '232-169', 2),
(2, 39, 577, '4CKL831', 7),
(3, 15, 426, 'QAX 689', 9),
(4, 29, 767, '473-AQN', 10),
(5, 30, 293, '7MN 573', 16),
(6, 4, 546, 'OOW 774', 18),
(7, 17, 182, '0IRH 56', 21),
(8, 2, 616, '8-58870M', 23),
(9, 4, 166, '235 8619', 26),
(10, 9, 101, 'RGW8678', 32),
(11, 30, 131, 'HGI 912', 36),
(12, 7, 623, '673 TFY', 42),
(13, 29, 446, '4HLU 40', 43),
(14, 5, 525, 'YSD-7290', 44),
(15, 21, 349, '953-NPW', 61),
(16, 8, 928, '6DH T52', 62),
(17, 23, 126, '3-63792', 63),
(18, 39, 636, '224 QXN', 66),
(19, 32, 425, '5Y645', 67),
(20, 27, 849, 'W60-74X', 77),
(21, 4, 362, '24H•828', 79);

INSERT INTO vehicle (id, model, make, year, color, price_per_km, is_active, can_carry_furniture, driver_id, vehicle_type_id) VALUES
(1, 'Cell', 'Greer-Trujillo', 2001, 'Azure', 42, false, false, 1, 4),
(2, 'His', 'Rodriguez-Brooks', 1993, 'DarkOliveGreen', 34, true, false, 1, 4),
(3, 'Tell', 'Holland Group', 1973, 'LightSeaGreen', 49, true, false, 2, 1),
(4, 'Age', 'Wyatt, Butler and Powell', 1976, 'LightGoldenRodYellow', 42, false, true, 3, 4),
(5, 'Available', 'Murray, Garcia and Taylor', 2015, 'Purple', 42, false, false, 3, 6),
(6, 'Woman', 'Perkins LLC', 1998, 'DarkTurquoise', 24, true, true, 4, 6),
(7, 'Crime', 'Woodward, Schmidt and Nash', 1980, 'LightBlue', 18, true, false, 5, 4),
(8, 'Now', 'Lowery and Sons', 1972, 'LightBlue', 37, true, false, 5, 6),
(9, 'Sure', 'Phillips-Wagner', 2023, 'MediumSpringGreen', 19, true, false, 6, 1),
(10, 'Leader', 'Wood, Schroeder and Jones', 1987, 'Crimson', 32, true, false, 7, 2),
(11, 'Important', 'Davis Ltd', 1990, 'Bisque', 7, true, true, 7, 6),
(12, 'Choice', 'Boyle PLC', 2015, 'Violet', 42, true, true, 7, 2),
(13, 'Window', 'Singh-Perez', 2003, 'YellowGreen', 42, false, true, 8, 1),
(14, 'Increase', 'Pennington LLC', 1970, 'Bisque', 12, false, true, 8, 5),
(15, 'Central', 'Johnston-Huang', 1979, 'PaleGreen', 18, true, true, 9, 3),
(16, 'Cost', 'Vincent, Adams and Chavez', 1974, 'LightBlue', 35, false, false, 9, 2),
(17, 'Consider', 'Hurst-Turner', 1995, 'LightGoldenRodYellow', 50, false, false, 9, 2),
(18, 'Safe', 'Brown-Harris', 2021, 'Peru', 42, false, false, 10, 6),
(19, 'Culture', 'Thompson, Wells and Hughes', 1973, 'LemonChiffon', 32, false, false, 10, 5),
(20, 'Yet', 'Goodman-Martinez', 1993, 'MintCream', 34, true, false, 11, 3),
(21, 'May', 'Rivers-Coleman', 1992, 'Bisque', 10, false, true, 11, 5),
(22, 'East', 'Myers, Ford and Gomez', 2010, 'IndianRed', 11, true, true, 11, 6),
(23, 'Note', 'Johnson, Herman and Thomas', 2020, 'Orchid', 19, false, true, 12, 1),
(24, 'Management', 'Bautista-Trevino', 2000, 'Lavender', 31, true, false, 12, 1),
(25, 'Father', 'Paul-Pearson', 1993, 'MediumOrchid', 28, false, true, 12, 1),
(26, 'Ok', 'Patel-Mitchell', 1976, 'GoldenRod', 21, false, false, 13, 6),
(27, 'Girl', 'Henderson Group', 1989, 'FloralWhite', 32, false, true, 14, 1),
(28, 'Learn', 'Scott-Sanders', 1982, 'DarkSeaGreen', 50, false, false, 15, 2),
(29, 'Condition', 'Miller-Melendez', 1989, 'Moccasin', 46, false, false, 15, 4),
(30, 'A', 'Hamilton Inc', 2022, 'FireBrick', 42, false, false, 16, 3),
(31, 'Two', 'Miller, Hayes and Garza', 1995, 'Chartreuse', 22, true, false, 16, 4),
(32, 'Push', 'Woodward-Luna', 1972, 'HotPink', 30, true, false, 16, 5),
(33, 'Popular', 'Pruitt-Davis', 1993, 'Tomato', 35, false, false, 17, 4),
(34, 'Few', 'Pearson Ltd', 2009, 'ForestGreen', 7, false, true, 17, 5),
(35, 'Tree', 'Rodriguez-Austin', 2000, 'LightCyan', 9, true, false, 17, 2),
(36, 'Guy', 'Watkins PLC', 2014, 'PaleVioletRed', 44, true, false, 18, 4),
(37, 'His', 'Robinson, Blake and Hansen', 1980, 'Ivory', 30, true, true, 18, 3),
(38, 'Network', 'Bartlett-James', 1990, 'PaleTurquoise', 8, false, true, 18, 6),
(39, 'Wait', 'Powell Ltd', 2016, 'MidnightBlue', 36, true, true, 19, 4),
(40, 'Network', 'Wells-Cooper', 1976, 'Silver', 32, true, true, 20, 1),
(41, 'Hit', 'Ford LLC', 1994, 'MistyRose', 34, true, false, 20, 2),
(42, 'Simply', 'Knight, Torres and Riley', 1983, 'RosyBrown', 39, true, false, 20, 4),
(43, 'Government', 'Bradley-Oliver', 1973, 'DarkRed', 50, false, false, 21, 4),
(44, 'Very', 'Cooper, Olson and Smith', 2018, 'Magenta', 22, false, false, 21, 4);

INSERT INTO move_request (id, move_date, max_budget, client_id, from_address_id, to_address_id, status) VALUES
(1, '2026-02-04 23:12:38', 3300, 3, 106, 56, 'OFFER_SENT'),
(2, '2026-01-09 11:49:41', 1486, 4, 19, 55, 'OFFER_AVAILABLE'),
(3, '2026-01-17 08:15:16', 1572, 4, 87, 81, 'OFFER_SENT'),
(4, '2026-01-13 01:56:04', 1514, 4, 155, 96, 'PENDING'),
(5, '2026-01-02 23:35:55', 758, 4, 168, 149, 'CREATED'),
(6, '2026-01-07 07:09:02', 4715, 5, 178, 103, 'OFFER_SENT'),
(7, '2026-01-16 18:18:24', 838, 5, 63, 105, 'CREATED'),
(8, '2026-01-03 14:53:30', 1757, 5, 97, 85, 'OFFER_SENT'),
(9, '2026-01-13 22:05:46', 3900, 5, 91, 50, 'CREATED'),
(10, '2026-01-09 08:08:34', 383, 5, 65, 53, 'OFFER_AVAILABLE'),
(11, '2026-01-13 11:40:09', 3838, 6, 196, 162, 'OFFER_SENT'),
(12, '2026-02-04 10:35:33', 2225, 6, 5, 127, 'CREATED'),
(13, '2026-01-01 08:08:16', 4278, 11, 104, 83, 'PENDING'),
(14, '2026-02-06 04:10:00', 164, 11, 52, 3, 'OFFER_AVAILABLE'),
(15, '2026-01-29 10:30:21', 1453, 12, 146, 19, 'OFFER_SENT'),
(16, '2026-02-04 09:25:32', 4064, 12, 117, 31, 'OFFER_SENT'),
(17, '2026-01-31 06:06:47', 2089, 15, 79, 37, 'PENDING'),
(18, '2026-01-26 00:17:47', 1977, 15, 123, 115, 'OFFER_SENT'),
(19, '2026-01-26 05:07:42', 4867, 15, 64, 179, 'OFFER_AVAILABLE'),
(20, '2026-02-07 01:22:33', 2884, 15, 149, 19, 'CREATED'),
(21, '2026-01-20 02:38:59', 4130, 19, 148, 77, 'CREATED'),
(22, '2026-01-09 23:27:30', 1404, 19, 160, 45, 'OFFER_SENT'),
(23, '2026-02-06 07:31:20', 1926, 19, 165, 193, 'OFFER_AVAILABLE'),
(24, '2026-01-14 12:59:39', 1205, 19, 86, 103, 'PENDING'),
(25, '2026-02-06 13:53:53', 680, 20, 193, 8, 'PENDING'),
(26, '2026-01-06 13:20:36', 1241, 20, 107, 192, 'CREATED'),
(27, '2026-01-15 20:47:52', 2696, 25, 108, 137, 'CREATED'),
(28, '2026-01-02 10:40:16', 2238, 25, 53, 159, 'PENDING'),
(29, '2026-01-06 16:16:55', 4540, 25, 45, 44, 'OFFER_AVAILABLE'),
(30, '2026-01-21 04:07:29', 953, 25, 106, 131, 'PENDING'),
(31, '2026-01-08 10:34:44', 3343, 25, 120, 53, 'PENDING'),
(32, '2026-01-21 12:16:17', 1444, 31, 93, 44, 'PENDING'),
(33, '2026-01-02 22:50:20', 4052, 31, 59, 32, 'PENDING'),
(34, '2026-01-29 11:55:39', 1703, 31, 1, 70, 'PENDING'),
(35, '2026-01-01 10:50:09', 181, 31, 80, 52, 'OFFER_AVAILABLE'),
(36, '2026-01-31 05:27:00', 2342, 31, 172, 194, 'PENDING'),
(37, '2026-01-06 13:00:12', 3364, 33, 170, 75, 'OFFER_SENT'),
(38, '2026-01-25 22:08:25', 4301, 35, 11, 77, 'PENDING'),
(39, '2026-01-17 12:54:00', 4395, 35, 123, 66, 'PENDING'),
(40, '2026-01-13 00:15:28', 3943, 35, 44, 100, 'CREATED'),
(41, '2026-01-29 18:24:09', 3703, 35, 41, 125, 'PENDING'),
(42, '2026-01-30 14:59:00', 2897, 35, 85, 69, 'CREATED'),
(43, '2026-01-29 00:41:49', 1131, 38, 21, 19, 'OFFER_SENT'),
(44, '2026-01-10 12:22:18', 4661, 38, 27, 1, 'OFFER_SENT'),
(45, '2026-01-11 02:25:26', 4875, 39, 4, 98, 'OFFER_AVAILABLE'),
(46, '2026-01-08 13:36:48', 1985, 39, 186, 66, 'OFFER_SENT'),
(47, '2026-01-29 17:33:06', 4718, 40, 60, 19, 'CREATED'),
(48, '2026-02-02 23:51:40', 3688, 40, 103, 52, 'OFFER_SENT'),
(49, '2026-01-01 07:15:28', 388, 40, 157, 144, 'OFFER_AVAILABLE'),
(50, '2026-01-03 18:51:17', 3998, 45, 178, 27, 'CREATED'),
(51, '2026-01-09 22:14:49', 1848, 45, 168, 139, 'OFFER_AVAILABLE'),
(52, '2026-02-05 03:41:03', 4002, 45, 171, 190, 'PENDING'),
(53, '2026-01-12 09:52:33', 4351, 45, 159, 68, 'PENDING'),
(54, '2026-02-03 06:36:36', 2327, 45, 25, 135, 'OFFER_SENT'),
(55, '2026-01-09 05:06:10', 1867, 46, 148, 12, 'OFFER_AVAILABLE'),
(56, '2026-01-22 02:43:37', 3833, 46, 32, 195, 'CREATED'),
(57, '2026-01-24 09:48:50', 727, 46, 63, 174, 'OFFER_SENT'),
(58, '2026-01-25 03:47:24', 852, 46, 135, 110, 'PENDING'),
(59, '2026-01-15 01:24:43', 4881, 46, 25, 18, 'PENDING'),
(60, '2026-02-03 14:15:56', 4873, 47, 173, 139, 'OFFER_AVAILABLE'),
(61, '2026-01-19 20:52:01', 4238, 47, 21, 32, 'PENDING'),
(62, '2026-01-22 01:16:33', 3122, 47, 143, 190, 'OFFER_AVAILABLE'),
(63, '2026-01-31 08:17:46', 1865, 50, 194, 132, 'OFFER_AVAILABLE'),
(64, '2026-01-31 02:04:42', 480, 51, 52, 12, 'CREATED'),
(65, '2026-01-16 05:53:21', 2292, 51, 61, 164, 'CREATED'),
(66, '2026-01-24 14:26:19', 2041, 52, 89, 48, 'OFFER_AVAILABLE'),
(67, '2026-02-04 06:31:46', 490, 52, 35, 5, 'CREATED'),
(68, '2026-01-12 03:24:42', 2730, 52, 27, 123, 'OFFER_AVAILABLE'),
(69, '2026-01-05 10:11:21', 1458, 52, 114, 19, 'CREATED'),
(70, '2026-01-22 04:48:32', 744, 52, 123, 73, 'OFFER_SENT'),
(71, '2026-01-30 00:26:31', 1472, 53, 70, 100, 'PENDING'),
(72, '2026-01-24 09:33:28', 4996, 53, 126, 190, 'PENDING'),
(73, '2026-01-30 18:16:29', 2914, 54, 99, 166, 'OFFER_AVAILABLE'),
(74, '2026-01-14 01:43:59', 4682, 55, 36, 164, 'CREATED'),
(75, '2026-01-30 08:22:56', 4593, 56, 110, 49, 'PENDING'),
(76, '2026-01-01 10:22:24', 1679, 56, 179, 73, 'OFFER_SENT'),
(77, '2026-01-11 19:55:02', 4969, 56, 19, 88, 'CREATED'),
(78, '2026-01-20 08:04:09', 1804, 56, 3, 28, 'PENDING'),
(79, '2026-01-17 16:03:27', 4843, 58, 162, 82, 'OFFER_SENT'),
(80, '2026-01-07 19:55:30', 2799, 58, 75, 110, 'OFFER_AVAILABLE'),
(81, '2026-01-29 22:22:15', 4401, 58, 5, 49, 'OFFER_SENT'),
(82, '2026-01-15 03:58:58', 1764, 58, 121, 9, 'OFFER_SENT'),
(83, '2026-01-31 14:35:05', 1629, 60, 167, 87, 'CREATED'),
(84, '2026-01-02 08:12:32', 3445, 68, 149, 57, 'OFFER_SENT'),
(85, '2026-01-23 18:32:41', 3398, 68, 182, 124, 'OFFER_AVAILABLE'),
(86, '2026-02-03 09:07:46', 2384, 68, 88, 72, 'CREATED'),
(87, '2026-01-21 15:15:48', 811, 68, 127, 74, 'PENDING'),
(88, '2026-01-10 22:18:03', 872, 70, 104, 61, 'CREATED'),
(89, '2026-01-21 17:22:20', 1316, 70, 195, 195, 'OFFER_SENT'),
(90, '2026-02-05 01:54:57', 4197, 70, 133, 69, 'OFFER_SENT'),
(91, '2026-02-03 20:59:42', 1546, 71, 145, 65, 'OFFER_AVAILABLE'),
(92, '2026-01-26 01:51:57', 1881, 71, 67, 88, 'OFFER_SENT'),
(93, '2026-01-12 04:30:51', 1761, 71, 74, 142, 'OFFER_SENT'),
(94, '2026-01-01 09:26:28', 700, 71, 55, 17, 'OFFER_AVAILABLE'),
(95, '2026-01-04 06:18:01', 1388, 71, 33, 145, 'OFFER_SENT'),
(96, '2026-01-07 01:35:42', 751, 72, 138, 102, 'OFFER_SENT'),
(97, '2026-01-21 14:24:49', 1710, 72, 195, 133, 'OFFER_AVAILABLE'),
(98, '2026-01-27 09:37:57', 3594, 72, 179, 102, 'CREATED'),
(99, '2026-01-03 03:15:39', 396, 73, 140, 43, 'CREATED'),
(100, '2026-01-12 21:49:37', 4663, 73, 170, 75, 'PENDING'),
(101, '2026-02-05 03:23:03', 3962, 73, 139, 145, 'PENDING'),
(102, '2026-01-15 07:31:51', 215, 80, 106, 196, 'CREATED'),
(103, '2026-01-25 08:49:28', 2757, 80, 19, 127, 'OFFER_AVAILABLE'),
(104, '2026-01-04 09:19:24', 725, 80, 186, 71, 'OFFER_SENT');

INSERT INTO luggage_entry (id, quantity, move_request_id, luggage_type_id) VALUES
(1, 5, 1, 1),
(2, 8, 1, 1),
(3, 13, 1, 3),
(4, 17, 1, 5),
(5, 9, 1, 4),
(6, 8, 2, 4),
(7, 8, 3, 5),
(8, 6, 3, 4),
(9, 15, 3, 4),
(10, 2, 4, 5),
(11, 15, 4, 5),
(12, 19, 4, 2),
(13, 1, 4, 4),
(14, 19, 4, 2),
(15, 12, 4, 2),
(16, 14, 4, 4),
(17, 19, 4, 4),
(18, 10, 4, 1),
(19, 9, 4, 5),
(20, 8, 5, 4),
(21, 14, 5, 2),
(22, 13, 5, 1),
(23, 1, 6, 1),
(24, 6, 7, 5),
(25, 17, 8, 3),
(26, 2, 8, 1),
(27, 17, 8, 2),
(28, 7, 8, 2),
(29, 12, 8, 2),
(30, 19, 8, 4),
(31, 9, 8, 2),
(32, 11, 8, 1),
(33, 1, 8, 5),
(34, 17, 9, 1),
(35, 17, 9, 2),
(36, 7, 9, 4),
(37, 8, 9, 1),
(38, 5, 9, 1),
(39, 8, 10, 3),
(40, 5, 11, 4),
(41, 20, 11, 5),
(42, 9, 11, 1),
(43, 7, 11, 4),
(44, 16, 11, 2),
(45, 14, 11, 2),
(46, 10, 11, 2),
(47, 15, 12, 2),
(48, 6, 12, 5),
(49, 19, 12, 4),
(50, 19, 12, 5),
(51, 7, 12, 1),
(52, 8, 12, 1),
(53, 14, 12, 5),
(54, 20, 12, 1),
(55, 9, 12, 4),
(56, 10, 12, 2),
(57, 7, 13, 4),
(58, 8, 13, 3),
(59, 10, 13, 1),
(60, 14, 13, 2),
(61, 3, 13, 4),
(62, 19, 13, 1),
(63, 3, 13, 5),
(64, 13, 13, 1),
(65, 3, 13, 5),
(66, 2, 14, 4),
(67, 11, 15, 2),
(68, 5, 15, 2),
(69, 20, 15, 5),
(70, 17, 15, 4),
(71, 19, 15, 5),
(72, 8, 16, 5),
(73, 9, 16, 4),
(74, 6, 16, 3),
(75, 2, 16, 5),
(76, 13, 16, 1),
(77, 10, 16, 4),
(78, 4, 16, 1),
(79, 15, 16, 5),
(80, 15, 16, 4),
(81, 14, 16, 4),
(82, 8, 17, 1),
(83, 2, 17, 2),
(84, 17, 17, 4),
(85, 14, 17, 3),
(86, 17, 17, 1),
(87, 12, 17, 4),
(88, 2, 17, 1),
(89, 9, 17, 2),
(90, 6, 17, 5),
(91, 13, 18, 2),
(92, 7, 18, 2),
(93, 16, 19, 3),
(94, 18, 19, 2),
(95, 19, 20, 2),
(96, 14, 20, 5),
(97, 11, 20, 2),
(98, 6, 20, 1),
(99, 13, 20, 3),
(100, 10, 20, 3),
(101, 18, 20, 5),
(102, 14, 20, 1),
(103, 11, 20, 5),
(104, 1, 21, 2),
(105, 16, 21, 4),
(106, 3, 21, 4),
(107, 15, 21, 2),
(108, 16, 21, 4),
(109, 12, 21, 3),
(110, 12, 21, 2),
(111, 5, 21, 1),
(112, 14, 21, 3),
(113, 9, 22, 5),
(114, 8, 22, 4),
(115, 14, 22, 2),
(116, 13, 22, 3),
(117, 4, 22, 5),
(118, 1, 22, 1),
(119, 14, 22, 4),
(120, 12, 23, 4),
(121, 16, 23, 4),
(122, 20, 23, 5),
(123, 7, 23, 4),
(124, 9, 23, 2),
(125, 10, 24, 1),
(126, 6, 24, 5),
(127, 15, 24, 1),
(128, 9, 24, 2),
(129, 3, 24, 5),
(130, 12, 24, 1),
(131, 15, 25, 3),
(132, 3, 25, 1),
(133, 13, 25, 4),
(134, 19, 25, 2),
(135, 13, 25, 4),
(136, 15, 25, 5),
(137, 13, 25, 4),
(138, 13, 25, 1),
(139, 11, 25, 1),
(140, 7, 26, 5),
(141, 11, 26, 3),
(142, 17, 26, 1),
(143, 14, 26, 2),
(144, 3, 26, 1),
(145, 15, 26, 3),
(146, 19, 26, 1),
(147, 10, 26, 5),
(148, 13, 26, 3),
(149, 13, 27, 5),
(150, 11, 27, 4),
(151, 3, 27, 1),
(152, 6, 27, 1),
(153, 15, 27, 3),
(154, 6, 27, 5),
(155, 16, 27, 1),
(156, 18, 27, 1),
(157, 9, 27, 3),
(158, 1, 27, 5),
(159, 20, 28, 5),
(160, 14, 28, 5),
(161, 6, 29, 4),
(162, 20, 29, 5),
(163, 7, 29, 4),
(164, 6, 29, 5),
(165, 9, 29, 1),
(166, 10, 29, 3),
(167, 6, 29, 3),
(168, 20, 29, 5),
(169, 3, 29, 4),
(170, 7, 29, 5),
(171, 3, 30, 3),
(172, 4, 30, 2),
(173, 6, 30, 1),
(174, 5, 30, 4),
(175, 6, 30, 1),
(176, 13, 30, 4),
(177, 11, 30, 5),
(178, 9, 31, 2),
(179, 4, 31, 5),
(180, 4, 31, 3),
(181, 10, 31, 2),
(182, 7, 32, 2),
(183, 1, 33, 4),
(184, 1, 33, 4),
(185, 10, 33, 3),
(186, 14, 34, 3),
(187, 20, 34, 2),
(188, 7, 34, 2),
(189, 4, 34, 4),
(190, 1, 34, 2),
(191, 4, 35, 3),
(192, 6, 36, 3),
(193, 18, 36, 3),
(194, 2, 36, 3),
(195, 14, 36, 3),
(196, 7, 36, 4),
(197, 17, 37, 1),
(198, 9, 37, 4),
(199, 9, 37, 5),
(200, 14, 37, 5),
(201, 20, 37, 3),
(202, 1, 37, 3),
(203, 11, 37, 4),
(204, 20, 37, 2),
(205, 12, 37, 3),
(206, 14, 37, 3),
(207, 3, 38, 3),
(208, 1, 38, 5),
(209, 9, 39, 5),
(210, 19, 39, 2),
(211, 10, 39, 2),
(212, 1, 39, 4),
(213, 15, 39, 1),
(214, 9, 39, 2),
(215, 17, 39, 1),
(216, 7, 40, 5),
(217, 20, 40, 4),
(218, 18, 40, 3),
(219, 5, 40, 2),
(220, 3, 41, 5),
(221, 15, 41, 2),
(222, 11, 42, 4),
(223, 20, 42, 5),
(224, 10, 42, 2),
(225, 4, 42, 2),
(226, 19, 42, 3),
(227, 6, 42, 5),
(228, 3, 43, 3),
(229, 12, 43, 5),
(230, 17, 43, 5),
(231, 14, 43, 3),
(232, 17, 43, 5),
(233, 12, 43, 4),
(234, 7, 43, 1),
(235, 16, 43, 1),
(236, 11, 43, 4),
(237, 20, 43, 4),
(238, 4, 44, 3),
(239, 12, 44, 5),
(240, 12, 44, 2),
(241, 9, 44, 1),
(242, 9, 44, 2),
(243, 8, 45, 3),
(244, 1, 45, 4),
(245, 16, 45, 2),
(246, 9, 46, 1),
(247, 5, 46, 2),
(248, 17, 46, 2),
(249, 15, 47, 4),
(250, 12, 47, 4),
(251, 7, 47, 2),
(252, 19, 47, 1),
(253, 20, 47, 2),
(254, 20, 47, 3),
(255, 1, 47, 2),
(256, 14, 47, 2),
(257, 13, 47, 5),
(258, 15, 47, 3),
(259, 3, 48, 3),
(260, 13, 48, 2),
(261, 14, 48, 2),
(262, 13, 48, 3),
(263, 6, 49, 2),
(264, 16, 49, 5),
(265, 5, 49, 3),
(266, 17, 49, 2),
(267, 16, 50, 3),
(268, 5, 50, 4),
(269, 7, 51, 2),
(270, 20, 51, 4),
(271, 5, 51, 5),
(272, 15, 51, 4),
(273, 2, 51, 4),
(274, 4, 51, 4),
(275, 3, 51, 3),
(276, 5, 51, 3),
(277, 20, 51, 1),
(278, 8, 51, 4),
(279, 13, 52, 2),
(280, 6, 52, 3),
(281, 12, 52, 4),
(282, 14, 52, 4),
(283, 6, 53, 1),
(284, 10, 53, 1),
(285, 2, 53, 5),
(286, 4, 53, 5),
(287, 11, 53, 3),
(288, 1, 54, 2),
(289, 13, 54, 2),
(290, 4, 54, 5),
(291, 16, 54, 2),
(292, 15, 54, 2),
(293, 4, 54, 1),
(294, 8, 54, 4),
(295, 6, 54, 4),
(296, 15, 54, 3),
(297, 17, 54, 3),
(298, 15, 55, 3),
(299, 3, 55, 1),
(300, 11, 56, 3),
(301, 14, 57, 5),
(302, 15, 57, 4),
(303, 7, 57, 5),
(304, 15, 57, 5),
(305, 15, 57, 1),
(306, 13, 57, 2),
(307, 17, 57, 1),
(308, 2, 57, 5),
(309, 10, 57, 4),
(310, 15, 57, 3),
(311, 6, 58, 5),
(312, 15, 59, 2),
(313, 13, 59, 3),
(314, 10, 59, 3),
(315, 9, 59, 5),
(316, 8, 60, 4),
(317, 10, 60, 2),
(318, 8, 60, 2),
(319, 8, 60, 2),
(320, 5, 60, 4),
(321, 4, 60, 1),
(322, 18, 60, 1),
(323, 15, 60, 1),
(324, 12, 60, 2),
(325, 17, 60, 2),
(326, 5, 61, 1),
(327, 14, 61, 1),
(328, 18, 61, 1),
(329, 17, 61, 3),
(330, 16, 61, 2),
(331, 6, 62, 1),
(332, 5, 62, 4),
(333, 14, 62, 2),
(334, 12, 62, 3),
(335, 11, 62, 5),
(336, 6, 62, 2),
(337, 7, 63, 3),
(338, 5, 63, 5),
(339, 8, 64, 5),
(340, 1, 64, 2),
(341, 15, 64, 2),
(342, 2, 64, 4),
(343, 4, 64, 4),
(344, 8, 64, 2),
(345, 4, 64, 5),
(346, 11, 64, 2),
(347, 4, 64, 3),
(348, 12, 64, 2),
(349, 6, 65, 1),
(350, 17, 66, 1),
(351, 15, 66, 4),
(352, 19, 66, 5),
(353, 10, 66, 1),
(354, 9, 66, 3),
(355, 4, 66, 2),
(356, 1, 66, 1),
(357, 12, 66, 3),
(358, 3, 67, 5),
(359, 12, 67, 5),
(360, 18, 67, 5),
(361, 18, 67, 3),
(362, 20, 67, 1),
(363, 18, 67, 2),
(364, 16, 67, 5),
(365, 12, 68, 2),
(366, 10, 68, 4),
(367, 7, 68, 1),
(368, 5, 69, 4),
(369, 19, 69, 5),
(370, 17, 69, 2),
(371, 18, 69, 1),
(372, 6, 69, 3),
(373, 2, 69, 1),
(374, 11, 69, 4),
(375, 4, 70, 4),
(376, 1, 71, 4),
(377, 7, 71, 4),
(378, 11, 71, 1),
(379, 19, 72, 2),
(380, 15, 72, 5),
(381, 8, 72, 4),
(382, 17, 72, 1),
(383, 5, 72, 5),
(384, 19, 72, 3),
(385, 18, 72, 2),
(386, 2, 72, 1),
(387, 18, 72, 5),
(388, 16, 73, 2),
(389, 19, 73, 4),
(390, 3, 73, 1),
(391, 15, 73, 5),
(392, 18, 73, 4),
(393, 10, 73, 3),
(394, 18, 73, 2),
(395, 15, 74, 3),
(396, 16, 75, 4),
(397, 5, 75, 1),
(398, 10, 75, 2),
(399, 19, 75, 3),
(400, 6, 76, 2),
(401, 15, 76, 4),
(402, 10, 76, 1),
(403, 11, 77, 2),
(404, 6, 77, 4),
(405, 14, 77, 5),
(406, 4, 78, 2),
(407, 6, 78, 4),
(408, 19, 78, 3),
(409, 5, 78, 4),
(410, 17, 78, 1),
(411, 8, 78, 1),
(412, 2, 79, 1),
(413, 3, 79, 1),
(414, 13, 79, 4),
(415, 17, 79, 4),
(416, 6, 79, 3),
(417, 3, 80, 5),
(418, 7, 80, 2),
(419, 8, 80, 1),
(420, 7, 80, 5),
(421, 20, 80, 4),
(422, 16, 80, 2),
(423, 15, 81, 2),
(424, 14, 81, 1),
(425, 10, 81, 4),
(426, 19, 81, 3),
(427, 13, 81, 5),
(428, 15, 81, 2),
(429, 4, 82, 3),
(430, 3, 82, 5),
(431, 2, 82, 1),
(432, 5, 82, 1),
(433, 5, 82, 5),
(434, 19, 82, 2),
(435, 13, 82, 4),
(436, 11, 82, 4),
(437, 16, 82, 1),
(438, 4, 83, 3),
(439, 12, 83, 3),
(440, 2, 83, 1),
(441, 19, 84, 5),
(442, 13, 84, 5),
(443, 5, 84, 5),
(444, 10, 84, 4),
(445, 7, 85, 3),
(446, 11, 85, 3),
(447, 3, 85, 4),
(448, 1, 85, 3),
(449, 19, 85, 3),
(450, 10, 85, 2),
(451, 8, 86, 2),
(452, 19, 86, 4),
(453, 9, 86, 4),
(454, 7, 86, 5),
(455, 17, 86, 5),
(456, 14, 86, 4),
(457, 20, 86, 5),
(458, 6, 86, 2),
(459, 11, 87, 2),
(460, 7, 87, 2),
(461, 18, 87, 3),
(462, 4, 87, 1),
(463, 7, 87, 1),
(464, 4, 88, 2),
(465, 7, 89, 1),
(466, 20, 89, 2),
(467, 8, 89, 3),
(468, 20, 89, 5),
(469, 16, 89, 4),
(470, 1, 89, 1),
(471, 3, 89, 1),
(472, 8, 89, 2),
(473, 14, 89, 4),
(474, 11, 90, 1),
(475, 7, 90, 1),
(476, 20, 91, 2),
(477, 20, 91, 4),
(478, 20, 91, 2),
(479, 19, 91, 2),
(480, 16, 91, 3),
(481, 11, 91, 3),
(482, 19, 92, 5),
(483, 12, 92, 1),
(484, 17, 92, 3),
(485, 9, 93, 1),
(486, 6, 93, 4),
(487, 5, 93, 3),
(488, 15, 93, 1),
(489, 11, 94, 5),
(490, 14, 95, 4),
(491, 14, 95, 5),
(492, 4, 95, 4),
(493, 20, 95, 2),
(494, 7, 96, 5),
(495, 1, 96, 3),
(496, 1, 96, 3),
(497, 3, 96, 3),
(498, 9, 96, 4),
(499, 15, 96, 5),
(500, 7, 96, 1),
(501, 19, 97, 3),
(502, 8, 97, 2),
(503, 20, 97, 5),
(504, 6, 97, 3),
(505, 18, 98, 1),
(506, 17, 98, 2),
(507, 11, 98, 5),
(508, 20, 98, 2),
(509, 2, 98, 4),
(510, 3, 98, 2),
(511, 5, 99, 5),
(512, 9, 99, 4),
(513, 5, 99, 4),
(514, 1, 99, 3),
(515, 10, 99, 5),
(516, 18, 100, 5),
(517, 14, 101, 1),
(518, 6, 101, 4),
(519, 17, 101, 5),
(520, 18, 101, 5),
(521, 13, 101, 5),
(522, 11, 101, 1),
(523, 10, 101, 3),
(524, 6, 102, 3),
(525, 7, 102, 2),
(526, 7, 102, 5),
(527, 5, 102, 1),
(528, 10, 102, 3),
(529, 13, 102, 4),
(530, 8, 102, 4),
(531, 9, 103, 5),
(532, 1, 103, 2),
(533, 2, 103, 3),
(534, 16, 103, 1),
(535, 19, 103, 5),
(536, 2, 103, 2),
(537, 2, 103, 2),
(538, 10, 103, 4),
(539, 9, 103, 3),
(540, 15, 104, 1);

INSERT INTO move_offer (id, price, offered_date, move_request_id, driver_id, vehicle_id, status) VALUES
(1, 2052, '2026-01-15 13:15:26', 1, 18, 37, 'CREATED'),
(2, 248, '2026-01-04 03:01:26', 1, 7, 10, 'OFFER_AVAILABLE'),
(3, 2214, '2026-01-05 23:49:48', 1, 42, 34, 'CREATED'),
(4, 451, '2026-02-08 16:20:27', 2, 18, 36, 'PENDING'),
(5, 1305, '2026-01-29 06:26:42', 2, 44, 7, 'OFFER_AVAILABLE'),
(6, 815, '2026-01-12 13:38:31', 2, 21, 44, 'CREATED'),
(7, 276, '2026-01-16 11:53:10', 2, 44, 36, 'OFFER_SENT'),
(8, 701, '2026-01-11 17:33:37', 2, 77, 1, 'PENDING'),
(9, 1125, '2026-02-01 18:15:47', 3, 23, 32, 'CREATED'),
(10, 1054, '2026-01-05 05:46:22', 3, 36, 23, 'PENDING'),
(11, 695, '2026-01-22 01:02:36', 3, 67, 34, 'CREATED'),
(12, 1337, '2026-01-13 04:56:20', 3, 77, 39, 'OFFER_AVAILABLE'),
(13, 540, '2026-01-29 09:57:05', 3, 42, 21, 'CREATED'),
(14, 67, '2026-02-03 07:39:53', 4, 26, 4, 'OFFER_AVAILABLE'),
(15, 286, '2026-01-22 04:09:39', 5, 23, 37, 'CREATED'),
(16, 286, '2026-01-15 22:47:22', 5, 26, 20, 'OFFER_SENT'),
(17, 197, '2026-01-11 08:08:00', 5, 21, 44, 'OFFER_SENT'),
(18, 196, '2026-02-02 09:43:09', 5, 10, 19, 'PENDING'),
(19, 4552, '2026-01-21 09:12:02', 6, 16, 31, 'CREATED'),
(20, 2201, '2026-01-15 02:21:36', 6, 21, 44, 'OFFER_AVAILABLE'),
(21, 1857, '2026-01-28 02:19:46', 6, 67, 30, 'OFFER_AVAILABLE'),
(22, 168, '2026-02-08 06:24:09', 7, 43, 8, 'CREATED'),
(23, 1074, '2026-02-01 00:37:37', 8, 2, 3, 'PENDING'),
(24, 2178, '2026-02-02 03:08:25', 9, 7, 12, 'CREATED'),
(25, 1962, '2026-02-02 17:44:04', 9, 77, 22, 'OFFER_SENT'),
(26, 2768, '2026-01-13 19:00:26', 9, 18, 36, 'OFFER_SENT'),
(27, 2665, '2026-01-04 01:20:10', 9, 26, 8, 'CREATED'),
(28, 157, '2026-01-31 07:04:15', 10, 36, 37, 'PENDING'),
(29, 382, '2026-01-21 16:47:33', 10, 42, 18, 'CREATED'),
(30, 54, '2026-01-17 21:11:50', 10, 79, 5, 'CREATED'),
(31, 110, '2026-02-08 12:58:30', 10, 7, 12, 'CREATED'),
(32, 2262, '2026-01-28 00:25:19', 11, 18, 37, 'OFFER_SENT'),
(33, 3532, '2026-02-07 04:15:30', 11, 66, 1, 'OFFER_SENT'),
(34, 3449, '2026-01-31 02:32:46', 11, 9, 17, 'PENDING'),
(35, 668, '2026-01-24 04:59:33', 11, 18, 36, 'OFFER_AVAILABLE'),
(36, 2730, '2026-01-04 23:20:45', 11, 36, 17, 'OFFER_SENT'),
(37, 1951, '2026-01-27 05:24:02', 12, 23, 19, 'CREATED'),
(38, 636, '2026-02-04 08:26:39', 13, 23, 7, 'OFFER_SENT'),
(39, 2920, '2026-01-31 00:05:34', 13, 2, 3, 'OFFER_AVAILABLE'),
(40, 549, '2026-01-17 17:50:10', 13, 7, 10, 'CREATED'),
(41, 77, '2026-01-10 13:42:29', 14, 32, 30, 'OFFER_AVAILABLE'),
(42, 160, '2026-02-08 15:41:18', 14, 10, 19, 'OFFER_AVAILABLE'),
(43, 77, '2026-01-05 22:25:30', 14, 67, 2, 'CREATED'),
(44, 152, '2026-01-08 14:22:26', 14, 63, 36, 'OFFER_AVAILABLE'),
(45, 110, '2026-01-10 17:22:04', 14, 43, 44, 'OFFER_AVAILABLE'),
(46, 1375, '2026-02-02 14:36:32', 15, 2, 3, 'OFFER_SENT'),
(47, 956, '2026-01-05 05:29:48', 15, 66, 32, 'OFFER_SENT'),
(48, 1181, '2026-01-05 18:02:37', 15, 21, 44, 'OFFER_AVAILABLE'),
(49, 1170, '2026-01-21 16:15:14', 15, 42, 9, 'OFFER_SENT'),
(50, 1018, '2026-01-30 16:18:14', 15, 66, 24, 'CREATED'),
(51, 3806, '2026-02-01 18:41:26', 16, 42, 11, 'OFFER_AVAILABLE'),
(52, 3387, '2026-01-27 21:37:04', 16, 67, 1, 'OFFER_AVAILABLE'),
(53, 1982, '2026-01-22 14:23:56', 17, 44, 28, 'PENDING'),
(54, 1893, '2026-01-30 14:53:15', 17, 18, 38, 'OFFER_AVAILABLE'),
(55, 1223, '2026-01-27 14:58:23', 17, 9, 15, 'CREATED'),
(56, 765, '2026-01-14 12:43:46', 18, 66, 11, 'PENDING'),
(57, 649, '2026-01-11 15:49:58', 18, 21, 44, 'CREATED'),
(58, 1251, '2026-01-16 14:53:35', 18, 67, 32, 'OFFER_SENT'),
(59, 1315, '2026-02-04 21:14:06', 18, 66, 2, 'CREATED'),
(60, 288, '2026-01-27 03:39:13', 18, 16, 31, 'OFFER_AVAILABLE'),
(61, 1324, '2026-01-30 17:17:17', 19, 32, 16, 'OFFER_AVAILABLE'),
(62, 1542, '2026-01-30 16:48:49', 19, 42, 40, 'PENDING'),
(63, 241, '2026-01-25 00:20:08', 20, 2, 3, 'CREATED'),
(64, 346, '2026-01-21 16:53:57', 20, 67, 35, 'OFFER_AVAILABLE'),
(65, 1075, '2026-01-05 09:54:07', 21, 9, 16, 'PENDING'),
(66, 3130, '2026-02-03 20:42:24', 21, 62, 9, 'PENDING'),
(67, 1283, '2026-01-09 07:32:13', 22, 63, 31, 'OFFER_AVAILABLE'),
(68, 930, '2026-01-30 18:02:18', 22, 61, 14, 'CREATED'),
(69, 568, '2026-01-13 22:53:00', 23, 26, 14, 'OFFER_SENT'),
(70, 1812, '2026-01-01 10:06:10', 23, 18, 37, 'OFFER_SENT'),
(71, 1419, '2026-01-06 08:18:07', 23, 26, 18, 'OFFER_SENT'),
(72, 1317, '2026-01-18 13:17:37', 23, 10, 19, 'OFFER_SENT'),
(73, 684, '2026-01-06 17:03:43', 24, 44, 7, 'CREATED'),
(74, 599, '2026-01-01 13:44:46', 24, 77, 29, 'CREATED'),
(75, 1087, '2026-01-30 08:24:59', 24, 18, 37, 'OFFER_SENT'),
(76, 79, '2026-01-30 20:49:29', 25, 9, 17, 'OFFER_SENT'),
(77, 191, '2026-02-08 07:50:21', 25, 36, 37, 'OFFER_SENT'),
(78, 193, '2026-02-06 02:11:02', 25, 67, 14, 'CREATED'),
(79, 984, '2026-02-04 11:51:42', 26, 7, 12, 'OFFER_AVAILABLE'),
(80, 360, '2026-01-02 22:01:16', 26, 18, 38, 'PENDING'),
(81, 871, '2026-01-13 21:55:34', 26, 43, 44, 'OFFER_SENT'),
(82, 683, '2026-01-13 01:46:06', 26, 62, 36, 'OFFER_AVAILABLE'),
(83, 436, '2026-01-09 20:31:37', 26, 26, 39, 'PENDING'),
(84, 1408, '2026-01-18 14:51:54', 27, 42, 12, 'OFFER_AVAILABLE'),
(85, 1906, '2026-02-07 09:21:48', 27, 43, 9, 'OFFER_SENT'),
(86, 699, '2026-01-15 22:31:36', 27, 7, 12, 'CREATED'),
(87, 1782, '2026-01-27 09:22:41', 27, 62, 14, 'CREATED'),
(88, 1571, '2026-01-25 11:57:40', 28, 67, 16, 'OFFER_SENT'),
(89, 1042, '2026-02-01 16:01:28', 28, 7, 11, 'PENDING'),
(90, 2230, '2026-02-01 14:43:37', 28, 42, 39, 'CREATED'),
(91, 1811, '2026-01-30 17:47:38', 28, 79, 29, 'PENDING'),
(92, 800, '2026-01-08 19:57:07', 29, 26, 11, 'OFFER_SENT'),
(93, 64, '2026-01-08 06:57:30', 29, 77, 23, 'OFFER_SENT'),
(94, 683, '2026-01-06 23:20:56', 30, 9, 16, 'OFFER_AVAILABLE'),
(95, 141, '2026-02-05 10:32:04', 31, 44, 17, 'OFFER_SENT'),
(96, 965, '2026-01-20 20:49:30', 31, 32, 25, 'CREATED'),
(97, 590, '2026-02-05 03:52:42', 31, 18, 38, 'OFFER_SENT'),
(98, 854, '2026-02-02 07:33:14', 31, 26, 40, 'CREATED'),
(99, 314, '2026-01-19 06:50:33', 31, 23, 34, 'OFFER_SENT'),
(100, 776, '2026-02-04 04:02:06', 32, 23, 38, 'PENDING'),
(101, 1314, '2026-01-12 02:12:05', 32, 2, 3, 'PENDING'),
(102, 308, '2026-01-16 09:56:28', 32, 36, 29, 'OFFER_AVAILABLE'),
(103, 669, '2026-02-07 01:04:35', 32, 42, 7, 'CREATED'),
(104, 141, '2026-01-26 21:52:09', 33, 66, 5, 'OFFER_SENT'),
(105, 1613, '2026-01-01 02:14:48', 33, 63, 35, 'CREATED'),
(106, 521, '2026-01-14 10:39:22', 33, 77, 20, 'OFFER_SENT'),
(107, 806, '2026-01-03 06:50:15', 34, 66, 8, 'OFFER_SENT'),
(108, 100, '2026-01-30 03:02:58', 34, 16, 30, 'OFFER_AVAILABLE'),
(109, 921, '2026-02-01 14:16:37', 34, 9, 15, 'PENDING'),
(110, 150, '2026-02-06 00:08:55', 35, 77, 5, 'OFFER_SENT'),
(111, 875, '2026-01-06 08:19:26', 36, 18, 36, 'CREATED'),
(112, 1149, '2026-01-17 23:41:13', 37, 26, 34, 'OFFER_SENT'),
(113, 945, '2026-02-04 06:50:56', 38, 43, 24, 'CREATED'),
(114, 2961, '2026-02-03 00:35:26', 38, 61, 21, 'OFFER_AVAILABLE'),
(115, 561, '2026-01-17 05:20:33', 39, 79, 39, 'PENDING'),
(116, 2060, '2026-01-11 07:25:54', 39, 7, 12, 'CREATED'),
(117, 534, '2026-01-19 22:49:32', 39, 26, 31, 'OFFER_AVAILABLE'),
(118, 3290, '2026-01-08 03:58:09', 39, 32, 17, 'OFFER_SENT'),
(119, 212, '2026-01-03 16:11:18', 40, 43, 23, 'OFFER_SENT'),
(120, 3203, '2026-01-22 02:26:11', 40, 43, 34, 'CREATED'),
(121, 498, '2026-02-07 02:24:52', 40, 61, 43, 'CREATED'),
(122, 2195, '2026-01-26 10:07:23', 41, 44, 34, 'CREATED'),
(123, 2008, '2026-01-14 04:55:28', 41, 63, 29, 'CREATED'),
(124, 3475, '2026-01-26 00:01:53', 41, 42, 22, 'OFFER_SENT'),
(125, 2966, '2026-01-05 08:37:44', 41, 16, 30, 'CREATED'),
(126, 818, '2026-01-21 02:12:14', 42, 18, 37, 'CREATED'),
(127, 1788, '2026-01-25 01:20:02', 42, 62, 40, 'CREATED'),
(128, 424, '2026-02-05 06:01:53', 43, 10, 18, 'OFFER_AVAILABLE'),
(129, 97, '2026-01-05 17:53:40', 43, 43, 9, 'OFFER_SENT'),
(130, 107, '2026-01-20 13:57:22', 43, 61, 3, 'PENDING'),
(131, 3853, '2026-01-26 08:13:11', 44, 9, 15, 'OFFER_SENT'),
(132, 4413, '2026-02-06 13:30:36', 44, 66, 28, 'CREATED'),
(133, 154, '2026-02-02 16:51:27', 45, 36, 29, 'OFFER_AVAILABLE'),
(134, 847, '2026-01-09 13:04:17', 45, 26, 42, 'CREATED'),
(135, 3043, '2026-01-05 11:39:17', 45, 9, 17, 'OFFER_SENT'),
(136, 3075, '2026-02-03 01:27:06', 45, 77, 2, 'CREATED'),
(137, 1040, '2026-01-03 20:00:25', 46, 36, 43, 'OFFER_SENT'),
(138, 1168, '2026-01-11 23:36:52', 46, 21, 43, 'PENDING'),
(139, 1566, '2026-01-09 20:55:13', 46, 9, 15, 'OFFER_AVAILABLE'),
(140, 918, '2026-01-10 08:42:03', 46, 21, 43, 'CREATED'),
(141, 4575, '2026-01-05 01:21:51', 47, 26, 26, 'OFFER_SENT'),
(142, 2646, '2026-02-07 04:54:07', 47, 63, 30, 'OFFER_AVAILABLE'),
(143, 2674, '2026-01-23 14:42:24', 48, 23, 32, 'OFFER_AVAILABLE'),
(144, 3279, '2026-02-07 14:47:48', 48, 77, 27, 'PENDING'),
(145, 84, '2026-01-05 19:39:41', 49, 66, 24, 'OFFER_SENT'),
(146, 207, '2026-01-31 11:39:50', 49, 18, 37, 'PENDING'),
(147, 200, '2026-01-14 13:21:13', 49, 79, 33, 'OFFER_AVAILABLE'),
(148, 201, '2026-02-08 06:16:35', 49, 44, 5, 'PENDING'),
(149, 893, '2026-01-24 11:34:02', 50, 77, 17, 'PENDING'),
(150, 2503, '2026-01-15 00:17:46', 50, 43, 14, 'OFFER_SENT'),
(151, 3237, '2026-01-02 21:52:54', 50, 44, 44, 'OFFER_AVAILABLE'),
(152, 214, '2026-02-07 22:16:29', 50, 32, 1, 'OFFER_AVAILABLE'),
(153, 1744, '2026-02-04 05:40:00', 50, 62, 41, 'PENDING'),
(154, 1415, '2026-01-19 05:21:47', 51, 67, 31, 'OFFER_SENT'),
(155, 1360, '2026-02-03 02:49:28', 51, 36, 36, 'CREATED'),
(156, 3791, '2026-01-01 15:28:46', 52, 26, 5, 'PENDING'),
(157, 1694, '2026-02-03 16:50:22', 52, 10, 18, 'CREATED'),
(158, 365, '2026-01-13 11:44:17', 53, 7, 11, 'OFFER_AVAILABLE'),
(159, 1123, '2026-01-20 09:56:14', 53, 32, 24, 'PENDING'),
(160, 310, '2026-01-24 09:44:48', 54, 23, 23, 'OFFER_AVAILABLE'),
(161, 50, '2026-02-01 13:26:12', 54, 7, 11, 'OFFER_AVAILABLE'),
(162, 703, '2026-01-05 09:26:52', 54, 42, 33, 'OFFER_AVAILABLE'),
(163, 1095, '2026-01-15 02:35:15', 55, 66, 35, 'PENDING'),
(164, 1043, '2026-01-18 23:00:11', 55, 67, 40, 'OFFER_SENT'),
(165, 641, '2026-01-23 18:17:36', 55, 42, 44, 'OFFER_AVAILABLE'),
(166, 66, '2026-01-21 02:58:38', 56, 36, 42, 'OFFER_SENT'),
(167, 650, '2026-01-14 03:44:31', 56, 66, 22, 'OFFER_AVAILABLE'),
(168, 275, '2026-02-06 18:16:34', 57, 36, 28, 'OFFER_SENT'),
(169, 190, '2026-01-31 15:54:58', 57, 44, 27, 'PENDING'),
(170, 683, '2026-01-09 03:14:42', 57, 10, 18, 'OFFER_AVAILABLE'),
(171, 89, '2026-01-07 16:38:59', 58, 21, 43, 'OFFER_SENT'),
(172, 318, '2026-02-04 13:06:59', 58, 79, 18, 'OFFER_AVAILABLE'),
(173, 4082, '2026-01-19 08:29:32', 59, 36, 4, 'OFFER_AVAILABLE'),
(174, 3671, '2026-01-04 23:49:35', 60, 43, 33, 'PENDING'),
(175, 1559, '2026-01-19 06:09:55', 60, 21, 43, 'OFFER_AVAILABLE'),
(176, 2310, '2026-01-14 09:18:53', 60, 62, 44, 'OFFER_SENT'),
(177, 3673, '2026-02-02 20:31:55', 61, 26, 19, 'PENDING'),
(178, 3051, '2026-01-06 11:13:57', 61, 23, 35, 'OFFER_AVAILABLE'),
(179, 3852, '2026-01-23 12:02:28', 61, 61, 25, 'OFFER_AVAILABLE'),
(180, 1222, '2026-01-30 09:06:56', 61, 18, 37, 'OFFER_SENT'),
(181, 2652, '2026-02-08 09:20:26', 61, 66, 1, 'OFFER_SENT'),
(182, 966, '2026-01-09 12:52:05', 62, 7, 11, 'OFFER_SENT'),
(183, 2924, '2026-01-20 09:51:33', 62, 26, 25, 'OFFER_SENT'),
(184, 900, '2026-01-15 03:11:29', 62, 63, 22, 'OFFER_AVAILABLE'),
(185, 885, '2026-01-27 11:08:55', 62, 36, 2, 'PENDING'),
(186, 1285, '2026-01-05 20:01:02', 62, 10, 19, 'OFFER_AVAILABLE'),
(187, 718, '2026-01-20 19:31:35', 63, 43, 3, 'PENDING'),
(188, 434, '2026-01-26 14:37:54', 63, 66, 34, 'OFFER_SENT'),
(189, 67, '2026-01-30 17:42:00', 64, 42, 29, 'CREATED'),
(190, 364, '2026-01-27 21:19:20', 64, 26, 40, 'CREATED'),
(191, 205, '2026-01-10 08:38:56', 64, 16, 30, 'PENDING'),
(192, 357, '2026-01-30 23:19:04', 64, 36, 37, 'OFFER_AVAILABLE'),
(193, 368, '2026-02-08 09:43:58', 64, 79, 36, 'OFFER_SENT'),
(194, 1689, '2026-01-23 00:35:56', 65, 2, 3, 'PENDING'),
(195, 1643, '2026-01-29 12:17:04', 65, 2, 3, 'CREATED'),
(196, 1695, '2026-01-31 03:11:55', 65, 10, 18, 'OFFER_AVAILABLE'),
(197, 1047, '2026-02-03 01:35:31', 65, 77, 30, 'CREATED'),
(198, 1171, '2026-01-22 17:27:12', 65, 26, 13, 'OFFER_AVAILABLE'),
(199, 1290, '2026-01-14 05:40:35', 66, 32, 7, 'OFFER_SENT'),
(200, 1406, '2026-02-06 23:21:15', 66, 44, 30, 'CREATED'),
(201, 153, '2026-02-03 04:39:32', 67, 16, 31, 'PENDING'),
(202, 292, '2026-02-01 09:57:05', 67, 43, 36, 'PENDING'),
(203, 2199, '2026-01-10 10:17:02', 68, 32, 3, 'PENDING'),
(204, 947, '2026-02-08 14:12:42', 68, 23, 39, 'OFFER_AVAILABLE'),
(205, 263, '2026-01-26 05:19:05', 68, 36, 20, 'CREATED'),
(206, 1128, '2026-01-16 10:07:12', 69, 7, 11, 'PENDING'),
(207, 1179, '2026-01-03 03:47:59', 69, 10, 19, 'OFFER_AVAILABLE'),
(208, 505, '2026-02-06 11:21:20', 69, 2, 3, 'CREATED'),
(209, 428, '2026-02-07 23:06:26', 69, 61, 43, 'OFFER_SENT'),
(210, 440, '2026-02-02 02:49:45', 70, 18, 36, 'OFFER_AVAILABLE'),
(211, 1200, '2026-01-05 11:10:33', 71, 77, 30, 'PENDING'),
(212, 752, '2026-01-18 08:44:01', 71, 9, 15, 'OFFER_AVAILABLE'),
(213, 1821, '2026-01-08 16:48:51', 72, 10, 19, 'OFFER_AVAILABLE'),
(214, 4360, '2026-02-01 19:54:21', 72, 62, 28, 'OFFER_SENT'),
(215, 4816, '2026-01-29 18:48:27', 72, 16, 32, 'CREATED'),
(216, 2258, '2026-01-21 20:53:06', 72, 2, 3, 'CREATED'),
(217, 504, '2026-01-25 19:35:30', 73, 44, 35, 'OFFER_AVAILABLE'),
(218, 397, '2026-02-05 09:47:23', 73, 21, 43, 'OFFER_AVAILABLE'),
(219, 2675, '2026-01-10 20:44:14', 73, 9, 16, 'OFFER_AVAILABLE'),
(220, 355, '2026-01-29 11:01:17', 74, 32, 30, 'OFFER_SENT'),
(221, 2307, '2026-01-17 16:28:23', 74, 7, 11, 'OFFER_SENT'),
(222, 343, '2026-01-26 17:31:30', 74, 44, 3, 'OFFER_SENT'),
(223, 3789, '2026-01-19 21:40:43', 75, 16, 30, 'OFFER_AVAILABLE'),
(224, 2375, '2026-01-15 00:23:04', 75, 42, 32, 'OFFER_AVAILABLE'),
(225, 515, '2026-01-03 15:13:31', 75, 2, 3, 'OFFER_SENT'),
(226, 862, '2026-02-01 00:33:03', 76, 79, 29, 'OFFER_AVAILABLE'),
(227, 1401, '2026-02-06 11:26:13', 76, 26, 15, 'OFFER_SENT'),
(228, 1194, '2026-01-12 11:03:10', 76, 77, 26, 'CREATED'),
(229, 988, '2026-01-10 03:39:12', 76, 79, 31, 'OFFER_AVAILABLE'),
(230, 1252, '2026-01-05 12:04:04', 76, 23, 4, 'CREATED'),
(231, 1377, '2026-01-31 14:15:04', 77, 66, 35, 'OFFER_SENT'),
(232, 2009, '2026-01-11 14:04:22', 77, 7, 12, 'PENDING'),
(233, 3285, '2026-01-09 00:20:17', 77, 44, 12, 'CREATED'),
(234, 1388, '2026-01-07 03:59:28', 78, 66, 31, 'CREATED'),
(235, 216, '2026-01-23 22:41:46', 78, 36, 16, 'CREATED'),
(236, 1566, '2026-02-03 00:22:54', 78, 36, 15, 'PENDING'),
(237, 709, '2026-01-04 08:33:28', 78, 42, 31, 'OFFER_AVAILABLE'),
(238, 498, '2026-01-29 00:59:06', 78, 42, 2, 'CREATED'),
(239, 201, '2026-01-02 09:15:22', 79, 23, 44, 'OFFER_AVAILABLE'),
(240, 249, '2026-02-06 08:19:41', 79, 7, 10, 'OFFER_SENT'),
(241, 3832, '2026-01-25 04:06:58', 79, 77, 12, 'OFFER_SENT'),
(242, 4209, '2026-01-16 02:54:12', 79, 32, 13, 'OFFER_SENT'),
(243, 3659, '2026-01-31 07:47:25', 79, 42, 11, 'OFFER_AVAILABLE'),
(244, 366, '2026-01-01 19:23:07', 80, 62, 40, 'OFFER_AVAILABLE'),
(245, 3460, '2026-02-06 14:04:58', 81, 43, 22, 'PENDING'),
(246, 3100, '2026-01-02 11:21:09', 81, 32, 25, 'PENDING'),
(247, 1243, '2026-01-10 15:05:04', 82, 9, 17, 'CREATED'),
(248, 179, '2026-01-14 06:14:49', 82, 67, 33, 'PENDING'),
(249, 677, '2026-01-17 22:07:57', 82, 21, 44, 'OFFER_AVAILABLE'),
(250, 1602, '2026-02-01 12:31:23', 83, 67, 7, 'PENDING'),
(251, 701, '2026-02-01 02:35:14', 83, 7, 12, 'CREATED'),
(252, 1025, '2026-01-22 23:54:25', 83, 2, 3, 'OFFER_SENT'),
(253, 1625, '2026-02-03 20:15:48', 83, 42, 15, 'OFFER_AVAILABLE'),
(254, 630, '2026-01-29 05:38:03', 83, 77, 9, 'OFFER_AVAILABLE'),
(255, 1266, '2026-01-14 15:00:18', 84, 44, 16, 'CREATED'),
(256, 2733, '2026-01-17 14:51:01', 84, 26, 43, 'OFFER_AVAILABLE'),
(257, 3359, '2026-01-11 22:38:02', 85, 77, 36, 'CREATED'),
(258, 2227, '2026-01-09 18:42:48', 86, 44, 38, 'OFFER_AVAILABLE'),
(259, 759, '2026-01-26 09:39:41', 87, 23, 19, 'PENDING'),
(260, 240, '2026-01-14 19:53:21', 87, 66, 36, 'OFFER_AVAILABLE'),
(261, 314, '2026-01-11 22:19:20', 87, 2, 3, 'PENDING'),
(262, 407, '2026-01-13 16:00:36', 87, 16, 32, 'PENDING'),
(263, 359, '2026-02-06 03:19:50', 87, 77, 39, 'OFFER_SENT'),
(264, 150, '2026-01-30 06:13:03', 88, 66, 40, 'CREATED'),
(265, 343, '2026-01-27 10:43:50', 88, 67, 9, 'PENDING'),
(266, 585, '2026-02-02 16:20:39', 88, 16, 31, 'OFFER_AVAILABLE'),
(267, 145, '2026-01-09 01:30:01', 88, 32, 43, 'PENDING'),
(268, 783, '2026-01-30 12:19:55', 88, 23, 12, 'OFFER_AVAILABLE'),
(269, 608, '2026-02-04 16:08:21', 89, 16, 31, 'OFFER_SENT'),
(270, 988, '2026-01-16 02:51:45', 89, 18, 38, 'PENDING'),
(271, 2631, '2026-01-17 00:02:52', 90, 43, 24, 'PENDING'),
(272, 2436, '2026-01-27 18:26:52', 90, 63, 38, 'CREATED'),
(273, 1341, '2026-01-06 07:19:10', 91, 9, 17, 'OFFER_AVAILABLE'),
(274, 518, '2026-01-10 23:42:47', 91, 66, 23, 'OFFER_SENT'),
(275, 1263, '2026-01-31 06:41:35', 92, 62, 9, 'OFFER_AVAILABLE'),
(276, 324, '2026-01-22 22:10:03', 92, 10, 18, 'OFFER_SENT'),
(277, 987, '2026-01-28 09:08:10', 92, 42, 29, 'PENDING'),
(278, 847, '2026-01-15 03:41:26', 92, 7, 12, 'PENDING'),
(279, 1111, '2026-01-30 16:17:44', 93, 10, 19, 'OFFER_AVAILABLE'),
(280, 716, '2026-02-01 14:18:53', 93, 10, 18, 'OFFER_SENT'),
(281, 527, '2026-01-14 07:56:26', 93, 32, 9, 'OFFER_SENT'),
(282, 615, '2026-01-11 21:44:11', 93, 44, 13, 'OFFER_AVAILABLE'),
(283, 1469, '2026-01-22 03:58:42', 93, 62, 33, 'PENDING'),
(284, 530, '2026-01-16 18:36:42', 94, 61, 13, 'PENDING'),
(285, 225, '2026-01-26 01:39:29', 94, 44, 41, 'OFFER_AVAILABLE'),
(286, 607, '2026-01-25 04:04:06', 94, 62, 39, 'CREATED'),
(287, 687, '2026-01-28 01:10:20', 95, 7, 12, 'OFFER_AVAILABLE'),
(288, 454, '2026-01-13 13:51:03', 95, 36, 44, 'OFFER_SENT'),
(289, 1335, '2026-01-04 11:01:24', 95, 43, 9, 'CREATED'),
(290, 141, '2026-01-26 18:02:37', 96, 16, 31, 'CREATED'),
(291, 669, '2026-02-03 07:28:24', 96, 42, 24, 'OFFER_AVAILABLE'),
(292, 1513, '2026-01-03 07:58:42', 97, 18, 38, 'OFFER_SENT'),
(293, 2668, '2026-01-15 10:41:49', 98, 9, 17, 'OFFER_SENT'),
(294, 3578, '2026-02-02 13:56:34', 98, 77, 20, 'CREATED'),
(295, 1106, '2026-02-08 07:43:54', 98, 62, 24, 'CREATED'),
(296, 2719, '2026-01-05 13:59:19', 98, 2, 3, 'CREATED'),
(297, 3271, '2026-02-05 21:52:49', 98, 7, 12, 'PENDING'),
(298, 133, '2026-02-01 20:49:06', 99, 62, 11, 'OFFER_SENT'),
(299, 152, '2026-01-18 07:49:11', 99, 18, 36, 'CREATED'),
(300, 133, '2026-01-29 05:29:59', 99, 23, 40, 'OFFER_SENT'),
(301, 170, '2026-02-06 10:40:42', 99, 32, 17, 'PENDING'),
(302, 198, '2026-01-13 05:37:48', 99, 67, 43, 'CREATED'),
(303, 3616, '2026-01-28 23:10:59', 100, 79, 24, 'PENDING'),
(304, 1312, '2026-01-17 10:47:30', 100, 79, 29, 'PENDING'),
(305, 4245, '2026-01-07 06:11:18', 100, 18, 38, 'OFFER_AVAILABLE'),
(306, 3039, '2026-02-04 01:50:41', 100, 23, 31, 'OFFER_SENT'),
(307, 3508, '2026-01-06 05:06:48', 100, 42, 17, 'OFFER_SENT'),
(308, 1472, '2026-01-12 21:14:01', 101, 42, 40, 'OFFER_SENT'),
(309, 3580, '2026-01-06 19:32:10', 101, 62, 12, 'OFFER_AVAILABLE'),
(310, 1083, '2026-02-08 05:06:47', 101, 18, 38, 'PENDING'),
(311, 3128, '2026-01-25 17:56:18', 101, 61, 13, 'CREATED'),
(312, 109, '2026-01-30 15:52:00', 102, 32, 11, 'CREATED'),
(313, 203, '2026-01-30 13:25:17', 102, 61, 28, 'CREATED'),
(314, 114, '2026-01-28 01:20:00', 102, 16, 32, 'CREATED'),
(315, 62, '2026-01-06 15:54:00', 102, 7, 11, 'CREATED'),
(316, 165, '2026-02-08 13:34:51', 102, 21, 44, 'CREATED'),
(317, 1002, '2026-02-04 11:55:16', 103, 62, 18, 'OFFER_AVAILABLE'),
(318, 984, '2026-01-22 02:50:15', 103, 23, 26, 'CREATED'),
(319, 513, '2026-01-31 18:44:04', 104, 7, 11, 'CREATED');

INSERT INTO move_trip (id, move_request_id, move_offer_id, status) VALUES
(1, 1, 2, 'IS_IN_TRANSIT'),
(2, 2, 5, 'PAYMENT_COMPLETED'),
(3, 3, 9, 'CONFIRMED'),
(4, 3, 10, 'CONFIRMED'),
(5, 3, 12, 'PAYMENT_COMPLETED'),
(6, 3, 13, 'PAYMENT_COMPLETED'),
(7, 6, 19, 'IS_IN_TRANSIT'),
(8, 6, 20, 'COMPLETED'),
(9, 7, 22, 'CONFIRMED'),
(10, 9, 25, 'PAYMENT_COMPLETED'),
(11, 9, 27, 'IS_IN_TRANSIT'),
(12, 11, 33, 'COMPLETED'),
(13, 11, 36, 'COMPLETED'),
(14, 13, 38, 'IS_IN_TRANSIT'),
(15, 14, 44, 'COMPLETED'),
(16, 14, 45, 'IS_IN_TRANSIT'),
(17, 15, 46, 'COMPLETED'),
(18, 15, 47, 'COMPLETED'),
(19, 16, 52, 'COMPLETED'),
(20, 18, 56, 'PAYMENT_COMPLETED'),
(21, 18, 59, 'COMPLETED'),
(22, 19, 61, 'IS_IN_TRANSIT'),
(23, 20, 63, 'IS_IN_TRANSIT'),
(24, 20, 64, 'IS_IN_TRANSIT'),
(25, 22, 67, 'COMPLETED'),
(26, 22, 68, 'COMPLETED'),
(27, 23, 69, 'IS_IN_TRANSIT'),
(28, 23, 71, 'COMPLETED'),
(29, 23, 72, 'COMPLETED'),
(30, 24, 73, 'CONFIRMED'),
(31, 26, 80, 'PAYMENT_COMPLETED'),
(32, 26, 82, 'PAYMENT_COMPLETED'),
(33, 27, 86, 'COMPLETED'),
(34, 29, 92, 'IS_IN_TRANSIT'),
(35, 31, 97, 'IS_IN_TRANSIT'),
(36, 32, 102, 'CONFIRMED'),
(37, 34, 108, 'PAYMENT_COMPLETED'),
(38, 38, 113, 'PAYMENT_COMPLETED'),
(39, 39, 116, 'PAYMENT_COMPLETED'),
(40, 40, 119, 'CONFIRMED'),
(41, 40, 120, 'CONFIRMED'),
(42, 41, 122, 'COMPLETED'),
(43, 41, 123, 'CONFIRMED'),
(44, 41, 124, 'CONFIRMED'),
(45, 42, 127, 'PAYMENT_COMPLETED'),
(46, 44, 131, 'IS_IN_TRANSIT'),
(47, 45, 133, 'CONFIRMED'),
(48, 46, 139, 'IS_IN_TRANSIT'),
(49, 47, 141, 'IS_IN_TRANSIT'),
(50, 48, 143, 'PAYMENT_COMPLETED'),
(51, 48, 144, 'CONFIRMED'),
(52, 49, 147, 'PAYMENT_COMPLETED'),
(53, 50, 151, 'IS_IN_TRANSIT'),
(54, 51, 155, 'COMPLETED'),
(55, 53, 158, 'IS_IN_TRANSIT'),
(56, 54, 161, 'IS_IN_TRANSIT'),
(57, 57, 170, 'CONFIRMED'),
(58, 58, 172, 'CONFIRMED'),
(59, 59, 173, 'IS_IN_TRANSIT'),
(60, 60, 175, 'PAYMENT_COMPLETED'),
(61, 61, 177, 'CONFIRMED'),
(62, 62, 182, 'IS_IN_TRANSIT'),
(63, 62, 185, 'IS_IN_TRANSIT'),
(64, 63, 188, 'PAYMENT_COMPLETED'),
(65, 64, 190, 'PAYMENT_COMPLETED'),
(66, 64, 191, 'PAYMENT_COMPLETED'),
(67, 64, 193, 'CONFIRMED'),
(68, 65, 196, 'CONFIRMED'),
(69, 66, 199, 'PAYMENT_COMPLETED'),
(70, 66, 200, 'IS_IN_TRANSIT'),
(71, 67, 201, 'CONFIRMED'),
(72, 68, 204, 'COMPLETED'),
(73, 69, 207, 'IS_IN_TRANSIT'),
(74, 69, 208, 'PAYMENT_COMPLETED'),
(75, 73, 218, 'COMPLETED'),
(76, 73, 219, 'COMPLETED'),
(77, 74, 222, 'CONFIRMED'),
(78, 75, 223, 'PAYMENT_COMPLETED'),
(79, 75, 224, 'CONFIRMED'),
(80, 75, 225, 'COMPLETED'),
(81, 76, 229, 'IS_IN_TRANSIT'),
(82, 76, 230, 'CONFIRMED'),
(83, 77, 231, 'PAYMENT_COMPLETED'),
(84, 77, 233, 'PAYMENT_COMPLETED'),
(85, 78, 235, 'CONFIRMED'),
(86, 78, 236, 'COMPLETED'),
(87, 78, 238, 'CONFIRMED'),
(88, 79, 239, 'PAYMENT_COMPLETED'),
(89, 79, 242, 'CONFIRMED'),
(90, 80, 244, 'CONFIRMED'),
(91, 81, 245, 'IS_IN_TRANSIT'),
(92, 82, 248, 'PAYMENT_COMPLETED'),
(93, 83, 251, 'COMPLETED'),
(94, 86, 258, 'IS_IN_TRANSIT'),
(95, 87, 260, 'COMPLETED'),
(96, 87, 261, 'COMPLETED'),
(97, 88, 268, 'IS_IN_TRANSIT'),
(98, 89, 269, 'PAYMENT_COMPLETED'),
(99, 90, 271, 'IS_IN_TRANSIT'),
(100, 90, 272, 'CONFIRMED'),
(101, 91, 273, 'PAYMENT_COMPLETED'),
(102, 92, 276, 'PAYMENT_COMPLETED'),
(103, 93, 282, 'COMPLETED'),
(104, 96, 290, 'PAYMENT_COMPLETED'),
(105, 98, 293, 'IS_IN_TRANSIT'),
(106, 98, 295, 'COMPLETED'),
(107, 99, 298, 'COMPLETED'),
(108, 99, 300, 'PAYMENT_COMPLETED'),
(109, 99, 301, 'IS_IN_TRANSIT'),
(110, 100, 307, 'COMPLETED'),
(111, 101, 311, 'PAYMENT_COMPLETED'),
(112, 103, 317, 'COMPLETED'),
(113, 104, 319, 'IS_IN_TRANSIT');

