-- Seed data generated by seed_data.py

INSERT INTO
    vehicle_type (
        id,
        type,
        max_weight,
        capacity
    )
VALUES (1, 'SEDAN', 500.0, 4.0),
    (2, 'SUV', 800.0, 6.0),
    (3, 'HATCHBACK', 400.0, 4.0),
    (4, 'MINIVAN', 600.0, 7.0),
    (5, 'VAN', 1000.0, 10.0),
    (6, 'TRUCK', 2000.0, 2.0);

INSERT INTO
    luggage_type (
        id,
        type,
        name,
        volume,
        weight
    )
VALUES (
        1,
        'SMALL',
        'Small Box',
        1.0,
        5.0
    ),
    (
        2,
        'MEDIUM',
        'Medium Box',
        2.0,
        10.0
    ),
    (
        3,
        'LARGE',
        'Large Box',
        5.0,
        20.0
    ),
    (
        4,
        'EXTRA_LARGE',
        'Extra Large Box',
        10.0,
        50.0
    ),
    (
        5,
        'EXTRA_EXTRA_LARGE',
        'Extra Extra Large Box',
        20.0,
        100.0
    );

INSERT INTO
    address (
        id,
        line1,
        line2,
        city,
        state_or_province,
        country,
        postal_or_zip_code
    )
VALUES (
        1,
        '42562 Reed Gardens Suite 663',
        NULL,
        'North Christopher',
        'West Virginia',
        'USA',
        '96148'
    ),
    (
        2,
        '6742 John Courts',
        NULL,
        'Lake Brettport',
        'Missouri',
        'USA',
        '41737'
    ),
    (
        3,
        '6040 Christopher Rapids',
        'Apt. 493',
        'New Kevinborough',
        'North Dakota',
        'USA',
        '95734'
    ),
    (
        4,
        '810 Anna Islands',
        'Suite 926',
        'Codyberg',
        'Utah',
        'USA',
        '02655'
    ),
    (
        5,
        '65536 Larry Meadows',
        NULL,
        'Wangville',
        'Louisiana',
        'USA',
        '47119'
    ),
    (
        6,
        '2991 Gray Brook',
        NULL,
        'Rogersside',
        'Nevada',
        'USA',
        '84199'
    ),
    (
        7,
        '94934 James Glens',
        'Suite 824',
        'New Crystal',
        'Virginia',
        'USA',
        '04781'
    ),
    (
        8,
        '052 Betty Inlet',
        NULL,
        'Michelestad',
        'Oklahoma',
        'USA',
        '61989'
    ),
    (
        9,
        '547 Kristina Village',
        'Suite 913',
        'Darrellland',
        'Georgia',
        'USA',
        '14190'
    ),
    (
        10,
        '206 Jason Corners',
        'Apt. 214',
        'Dawnhaven',
        'Arkansas',
        'USA',
        '53076'
    ),
    (
        11,
        '432 Alvarado Heights',
        'Suite 186',
        'North Kristinburgh',
        'Minnesota',
        'USA',
        '79012'
    ),
    (
        12,
        '82822 Armstrong Estate Suite 024',
        'Apt. 822',
        'Port Teresa',
        'South Dakota',
        'USA',
        '81411'
    ),
    (
        13,
        '682 Micheal Heights',
        NULL,
        'Kathyville',
        'New Jersey',
        'USA',
        '42705'
    ),
    (
        14,
        '222 Gamble Park',
        'Apt. 870',
        'Lake Nancyfurt',
        'California',
        'USA',
        '97250'
    ),
    (
        15,
        '67941 Francis Canyon',
        'Suite 174',
        'Maryfurt',
        'Massachusetts',
        'USA',
        '93765'
    ),
    (
        16,
        '589 Emily Court Suite 268',
        NULL,
        'Lake Kathrynstad',
        'Iowa',
        'USA',
        '14478'
    ),
    (
        17,
        '7666 Tara Canyon Suite 497',
        NULL,
        'Lake Saraport',
        'Kansas',
        'USA',
        '05786'
    ),
    (
        18,
        '0360 Ross Track Apt. 791',
        'Apt. 731',
        'Davidberg',
        'Alaska',
        'USA',
        '23119'
    ),
    (
        19,
        '622 Keith Neck Apt. 900',
        NULL,
        'Jimburgh',
        'Minnesota',
        'USA',
        '61697'
    ),
    (
        20,
        '198 Brown Ways Apt. 105',
        'Suite 286',
        'Lake Kristen',
        'Arkansas',
        'USA',
        '24560'
    ),
    (
        21,
        '80801 Cheryl Dam Apt. 355',
        NULL,
        'Hintonmouth',
        'Illinois',
        'USA',
        '89248'
    ),
    (
        22,
        '030 Nicole Street Apt. 238',
        NULL,
        'Ayalaburgh',
        'Iowa',
        'USA',
        '80215'
    ),
    (
        23,
        '536 Martinez Fork Suite 087',
        'Suite 798',
        'Nicholasstad',
        'Oregon',
        'USA',
        '07287'
    ),
    (
        24,
        '63369 Michele Harbor',
        NULL,
        'Fullerstad',
        'Massachusetts',
        'USA',
        '54108'
    ),
    (
        25,
        '07114 Velez Spring Apt. 930',
        NULL,
        'Edwardsberg',
        'Washington',
        'USA',
        '58677'
    ),
    (
        26,
        '1553 Richardson Roads Suite 265',
        NULL,
        'Gonzalezborough',
        'Mississippi',
        'USA',
        '57253'
    ),
    (
        27,
        '9536 Jensen Island Suite 665',
        NULL,
        'New Sandra',
        'Oklahoma',
        'USA',
        '82316'
    ),
    (
        28,
        '965 Lewis Vista Apt. 958',
        NULL,
        'Sethfort',
        'Pennsylvania',
        'USA',
        '78533'
    ),
    (
        29,
        '39906 Bauer Way',
        'Apt. 594',
        'Michaelstad',
        'Massachusetts',
        'USA',
        '55865'
    ),
    (
        30,
        '4939 Rebecca Viaduct',
        NULL,
        'West Theresa',
        'Rhode Island',
        'USA',
        '89492'
    ),
    (
        31,
        '70398 Meagan View',
        'Apt. 541',
        'West Angelamouth',
        'Ohio',
        'USA',
        '36464'
    ),
    (
        32,
        '596 Todd Row Apt. 739',
        NULL,
        'North Donnaborough',
        'Michigan',
        'USA',
        '83323'
    ),
    (
        33,
        '127 Owens Drive',
        'Apt. 938',
        'Sharonmouth',
        'Colorado',
        'USA',
        '91222'
    ),
    (
        34,
        '66280 Bonilla Prairie',
        NULL,
        'Anthonyberg',
        'Florida',
        'USA',
        '03416'
    ),
    (
        35,
        '207 Vazquez Lights',
        'Suite 299',
        'Port Shirleystad',
        'Connecticut',
        'USA',
        '75100'
    ),
    (
        36,
        '167 Diaz Drive Suite 346',
        NULL,
        'West Christina',
        'New York',
        'USA',
        '30236'
    ),
    (
        37,
        '5881 Glenn Extension',
        'Apt. 622',
        'Dayshire',
        'Montana',
        'USA',
        '29966'
    ),
    (
        38,
        '16485 Sullivan Gardens',
        'Apt. 357',
        'Kimberlyside',
        'Maine',
        'USA',
        '55879'
    ),
    (
        39,
        '88316 Ferguson Manors Suite 117',
        NULL,
        'Lisafurt',
        'Massachusetts',
        'USA',
        '60148'
    ),
    (
        40,
        '44066 Briana Brook Suite 618',
        NULL,
        'Walkerport',
        'Utah',
        'USA',
        '23903'
    ),
    (
        41,
        '953 Kristin Rapids',
        NULL,
        'West Amanda',
        'Ohio',
        'USA',
        '71084'
    ),
    (
        42,
        '3855 Rojas Park Apt. 674',
        NULL,
        'South Williamborough',
        'Massachusetts',
        'USA',
        '96625'
    ),
    (
        43,
        '03543 Daniel Estates',
        'Apt. 324',
        'Davisville',
        'South Dakota',
        'USA',
        '90002'
    ),
    (
        44,
        '080 Ward Meadow',
        NULL,
        'South Nicholechester',
        'Virginia',
        'USA',
        '08744'
    ),
    (
        45,
        '8369 Kathleen Crossroad Suite 318',
        NULL,
        'East Tyler',
        'New Hampshire',
        'USA',
        '27719'
    ),
    (
        46,
        '681 Kelly Mills',
        'Suite 592',
        'Thomasbury',
        'Texas',
        'USA',
        '19671'
    ),
    (
        47,
        '252 Sullivan Circles',
        'Apt. 732',
        'New Joshuaside',
        'Maryland',
        'USA',
        '19602'
    ),
    (
        48,
        '804 Kristin Inlet',
        'Apt. 776',
        'Emilyshire',
        'Utah',
        'USA',
        '90340'
    ),
    (
        49,
        '532 Brenda Roads Apt. 890',
        NULL,
        'Careyville',
        'Minnesota',
        'USA',
        '62210'
    ),
    (
        50,
        '836 Johnson Square',
        NULL,
        'Lake Donnatown',
        'Georgia',
        'USA',
        '53739'
    ),
    (
        51,
        '07435 Jacobson Summit',
        NULL,
        'Gonzalezview',
        'Utah',
        'USA',
        '76366'
    ),
    (
        52,
        '72101 Jessica Mount Apt. 359',
        NULL,
        'Dixonville',
        'West Virginia',
        'USA',
        '65866'
    ),
    (
        53,
        '52805 Carla Parkway',
        'Apt. 789',
        'West Edwardfort',
        'Alaska',
        'USA',
        '06498'
    ),
    (
        54,
        '55147 Anderson Plaza Apt. 171',
        'Suite 773',
        'Eatonview',
        'North Dakota',
        'USA',
        '70368'
    ),
    (
        55,
        '56507 Debra Loaf',
        'Suite 885',
        'Olsenfort',
        'Rhode Island',
        'USA',
        '55656'
    ),
    (
        56,
        '8252 Jeffrey Well Suite 367',
        NULL,
        'Port Samuel',
        'Texas',
        'USA',
        '98883'
    ),
    (
        57,
        '974 John Hollow Suite 277',
        NULL,
        'Kennedyborough',
        'Oregon',
        'USA',
        '79048'
    ),
    (
        58,
        '3916 Pierce Brooks Suite 549',
        NULL,
        'New Krystal',
        'Delaware',
        'USA',
        '48518'
    ),
    (
        59,
        '149 Combs Stravenue',
        'Apt. 147',
        'Lake Jacquelineport',
        'South Carolina',
        'USA',
        '29754'
    ),
    (
        60,
        '11192 Elizabeth Turnpike Apt. 707',
        NULL,
        'New Natashaton',
        'Massachusetts',
        'USA',
        '09564'
    ),
    (
        61,
        '05550 Koch Drive',
        NULL,
        'East Kevin',
        'Washington',
        'USA',
        '99379'
    ),
    (
        62,
        '6413 Michael Meadow Apt. 942',
        NULL,
        'East Carlos',
        'Vermont',
        'USA',
        '41794'
    ),
    (
        63,
        '279 Burgess Groves Apt. 479',
        NULL,
        'Riveraland',
        'Oregon',
        'USA',
        '53115'
    ),
    (
        64,
        '607 Martinez Crest Apt. 305',
        NULL,
        'Thompsonview',
        'New Mexico',
        'USA',
        '52776'
    ),
    (
        65,
        '55881 Jamie Ramp Apt. 511',
        NULL,
        'West Kathleenmouth',
        'Kentucky',
        'USA',
        '50766'
    ),
    (
        66,
        '24568 Clark Vista Apt. 612',
        'Apt. 096',
        'Rodriguezstad',
        'South Carolina',
        'USA',
        '10615'
    ),
    (
        67,
        '35871 Hannah Valleys Suite 078',
        NULL,
        'Kramerport',
        'Maryland',
        'USA',
        '22820'
    ),
    (
        68,
        '944 Nicole Forks',
        NULL,
        'Lake Anthonyton',
        'Michigan',
        'USA',
        '98938'
    ),
    (
        69,
        '000 Nicole Branch Apt. 577',
        'Suite 015',
        'Carrieburgh',
        'Tennessee',
        'USA',
        '61366'
    ),
    (
        70,
        '78804 Lopez Vista Suite 923',
        NULL,
        'Ritterport',
        'New Mexico',
        'USA',
        '70486'
    ),
    (
        71,
        '1723 Harris Courts',
        NULL,
        'Rachelview',
        'Indiana',
        'USA',
        '48676'
    ),
    (
        72,
        '4755 Mary Prairie Suite 816',
        NULL,
        'Port Justin',
        'North Dakota',
        'USA',
        '94272'
    ),
    (
        73,
        '58873 Peter Cliff',
        'Apt. 570',
        'New Philip',
        'Oregon',
        'USA',
        '21684'
    ),
    (
        74,
        '60867 Brown Vista',
        'Suite 830',
        'Christinaville',
        'New York',
        'USA',
        '34249'
    ),
    (
        75,
        '6029 Brittany Brooks Apt. 778',
        NULL,
        'West Anthony',
        'Oklahoma',
        'USA',
        '10493'
    ),
    (
        76,
        '0162 Steven Glen',
        NULL,
        'Reginaldmouth',
        'Montana',
        'USA',
        '84582'
    ),
    (
        77,
        '319 Davis Branch Apt. 413',
        'Apt. 004',
        'East William',
        'Arkansas',
        'USA',
        '12567'
    ),
    (
        78,
        '615 Sean Mews',
        'Suite 731',
        'Lopeztown',
        'Tennessee',
        'USA',
        '62297'
    ),
    (
        79,
        '4102 Sean Vista Suite 792',
        'Apt. 602',
        'Port Aliciahaven',
        'Connecticut',
        'USA',
        '70413'
    ),
    (
        80,
        '56070 Thomas Way',
        'Suite 476',
        'Carrillofurt',
        'Alaska',
        'USA',
        '99269'
    ),
    (
        81,
        '064 Vicki Estates Suite 677',
        NULL,
        'Sandersview',
        'Alaska',
        'USA',
        '17700'
    ),
    (
        82,
        '5962 Myers Trace',
        'Apt. 896',
        'Lake Cynthia',
        'California',
        'USA',
        '67038'
    ),
    (
        83,
        '570 Rice Skyway Suite 279',
        NULL,
        'Lindsaychester',
        'Hawaii',
        'USA',
        '54058'
    ),
    (
        84,
        '552 Barker Path',
        'Apt. 119',
        'Salazarhaven',
        'Kansas',
        'USA',
        '50976'
    ),
    (
        85,
        '005 Matthew Inlet',
        NULL,
        'New Samuelberg',
        'Ohio',
        'USA',
        '78177'
    ),
    (
        86,
        '35000 Lisa Ridges',
        'Suite 773',
        'New Sean',
        'Iowa',
        'USA',
        '39595'
    ),
    (
        87,
        '382 Kristine Fords Apt. 236',
        'Apt. 516',
        'Michaelberg',
        'South Dakota',
        'USA',
        '05047'
    ),
    (
        88,
        '16482 Kirk Parkway Suite 409',
        'Apt. 316',
        'New Staceymouth',
        'Hawaii',
        'USA',
        '64049'
    ),
    (
        89,
        '389 Wright Shoal Apt. 828',
        'Suite 397',
        'South Rodneyborough',
        'Maryland',
        'USA',
        '34244'
    ),
    (
        90,
        '059 Conner Spurs',
        'Apt. 736',
        'New Robert',
        'Kentucky',
        'USA',
        '86323'
    ),
    (
        91,
        '12387 Trevor Street',
        NULL,
        'North Michaelstad',
        'Massachusetts',
        'USA',
        '54289'
    ),
    (
        92,
        '879 Nicholas Fields Apt. 900',
        NULL,
        'New Patrick',
        'Kansas',
        'USA',
        '93045'
    ),
    (
        93,
        '578 Evans Walk',
        'Apt. 252',
        'Amandafort',
        'North Carolina',
        'USA',
        '60092'
    ),
    (
        94,
        '1356 Phillips Highway Suite 950',
        NULL,
        'New Donnaland',
        'Maine',
        'USA',
        '91197'
    ),
    (
        95,
        '6188 Cole Extension Suite 153',
        'Suite 802',
        'North Lisaside',
        'New Jersey',
        'USA',
        '01191'
    ),
    (
        96,
        '56225 Krystal Club Apt. 058',
        'Apt. 931',
        'Elizabethborough',
        'Vermont',
        'USA',
        '14480'
    ),
    (
        97,
        '6143 Ray Loaf Apt. 546',
        NULL,
        'Port Manuel',
        'Mississippi',
        'USA',
        '38215'
    ),
    (
        98,
        '81773 Jones Tunnel',
        'Suite 897',
        'Margaretberg',
        'New Mexico',
        'USA',
        '38739'
    ),
    (
        99,
        '7565 Steven Center Suite 942',
        NULL,
        'Torresport',
        'Connecticut',
        'USA',
        '14903'
    ),
    (
        100,
        '8476 Salazar Port Apt. 566',
        'Apt. 220',
        'North Noah',
        'Massachusetts',
        'USA',
        '42776'
    ),
    (
        101,
        '618 Ramos Expressway',
        'Suite 409',
        'Robinsonchester',
        'North Dakota',
        'USA',
        '83845'
    ),
    (
        102,
        '194 Ricardo Prairie',
        'Suite 807',
        'Kimberlystad',
        'Nebraska',
        'USA',
        '89015'
    ),
    (
        103,
        '2070 Brandon Street',
        NULL,
        'Lesterberg',
        'Missouri',
        'USA',
        '14120'
    ),
    (
        104,
        '92539 Harper Center',
        NULL,
        'Benjaminton',
        'Delaware',
        'USA',
        '63112'
    ),
    (
        105,
        '522 Nguyen Centers Suite 738',
        'Apt. 951',
        'Kimberlymouth',
        'Maine',
        'USA',
        '30835'
    ),
    (
        106,
        '943 Maria Tunnel',
        'Apt. 000',
        'South Sophia',
        'North Carolina',
        'USA',
        '34523'
    ),
    (
        107,
        '75826 Le Oval',
        NULL,
        'Lake Tonyachester',
        'North Dakota',
        'USA',
        '20389'
    ),
    (
        108,
        '241 Judy Bypass Suite 495',
        NULL,
        'South Anthony',
        'Idaho',
        'USA',
        '24215'
    ),
    (
        109,
        '695 Julia Ports',
        NULL,
        'Kevinport',
        'Maryland',
        'USA',
        '64168'
    ),
    (
        110,
        '3031 Williamson Ports Apt. 941',
        NULL,
        'Terryland',
        'Kentucky',
        'USA',
        '17387'
    ),
    (
        111,
        '232 Jonathan Circles',
        'Suite 329',
        'Lake George',
        'Hawaii',
        'USA',
        '73805'
    ),
    (
        112,
        '80827 Logan Corners Suite 527',
        'Apt. 810',
        'Sharonmouth',
        'Mississippi',
        'USA',
        '61417'
    ),
    (
        113,
        '54359 Gregory Hollow Suite 225',
        'Apt. 744',
        'East Melanie',
        'Nevada',
        'USA',
        '58948'
    ),
    (
        114,
        '76719 Scott Knoll Apt. 602',
        'Suite 239',
        'Medinaland',
        'Nebraska',
        'USA',
        '61703'
    ),
    (
        115,
        '2903 Johnson Extensions Suite 214',
        NULL,
        'Andreview',
        'Rhode Island',
        'USA',
        '91032'
    ),
    (
        116,
        '33243 Laura Wall Suite 263',
        NULL,
        'Port Cassandra',
        'New Mexico',
        'USA',
        '17055'
    ),
    (
        117,
        '0791 Reynolds Loop Apt. 771',
        'Apt. 335',
        'South Mike',
        'Delaware',
        'USA',
        '95929'
    ),
    (
        118,
        '24631 Gibson View Apt. 114',
        'Apt. 332',
        'Thomasfort',
        'Michigan',
        'USA',
        '41976'
    ),
    (
        119,
        '6082 Brooke Turnpike',
        'Suite 591',
        'Davidmouth',
        'New York',
        'USA',
        '88685'
    ),
    (
        120,
        '380 Sullivan Pike',
        NULL,
        'South Emma',
        'California',
        'USA',
        '21720'
    ),
    (
        121,
        '374 Flores Trafficway',
        NULL,
        'Susanbury',
        'Pennsylvania',
        'USA',
        '35572'
    ),
    (
        122,
        '35503 Austin Trace Apt. 417',
        NULL,
        'Elizabethberg',
        'North Carolina',
        'USA',
        '44639'
    ),
    (
        123,
        '3755 Ryan Skyway Suite 040',
        'Apt. 657',
        'Darrenville',
        'Colorado',
        'USA',
        '23187'
    ),
    (
        124,
        '5869 Karen Via Apt. 527',
        NULL,
        'Lake Joshua',
        'Minnesota',
        'USA',
        '28612'
    ),
    (
        125,
        '2048 Amanda Cliffs',
        'Apt. 072',
        'East Emily',
        'Delaware',
        'USA',
        '47710'
    ),
    (
        126,
        '06231 Michelle Track',
        'Apt. 327',
        'North Rebeccahaven',
        'Oklahoma',
        'USA',
        '99115'
    ),
    (
        127,
        '25367 Mendez Road Apt. 174',
        'Apt. 618',
        'Lake Nicholas',
        'Pennsylvania',
        'USA',
        '31024'
    ),
    (
        128,
        '9064 Yvette Vista Suite 722',
        NULL,
        'New Mary',
        'Oregon',
        'USA',
        '49392'
    ),
    (
        129,
        '1444 Felicia Wells Apt. 887',
        NULL,
        'North Adam',
        'Maine',
        'USA',
        '61181'
    ),
    (
        130,
        '931 Deborah Avenue Suite 646',
        NULL,
        'Port George',
        'Alaska',
        'USA',
        '48372'
    ),
    (
        131,
        '15979 Ramirez Squares Suite 966',
        NULL,
        'New Jennifer',
        'Illinois',
        'USA',
        '12066'
    ),
    (
        132,
        '09403 Cindy Island Suite 670',
        NULL,
        'Lake Brendaside',
        'Virginia',
        'USA',
        '04578'
    ),
    (
        133,
        '7550 Wyatt Ports',
        'Apt. 167',
        'Jamesberg',
        'Nebraska',
        'USA',
        '82362'
    ),
    (
        134,
        '0106 Sue Tunnel',
        'Apt. 739',
        'Torresport',
        'Mississippi',
        'USA',
        '55344'
    ),
    (
        135,
        '726 Sara Valleys',
        NULL,
        'North Cynthia',
        'New York',
        'USA',
        '94016'
    ),
    (
        136,
        '2956 Christopher Street Suite 702',
        NULL,
        'Williamsport',
        'South Carolina',
        'USA',
        '91413'
    ),
    (
        137,
        '4937 Young Shore Suite 479',
        NULL,
        'Elizabethhaven',
        'California',
        'USA',
        '81144'
    ),
    (
        138,
        '1669 Kevin Fork',
        NULL,
        'Markbury',
        'North Dakota',
        'USA',
        '34738'
    ),
    (
        139,
        '9948 Wendy Glen Suite 406',
        'Suite 604',
        'Rossfurt',
        'Iowa',
        'USA',
        '19534'
    ),
    (
        140,
        '804 Troy Key Suite 192',
        NULL,
        'Fosterland',
        'Maryland',
        'USA',
        '34732'
    ),
    (
        141,
        '7962 Cherry Village',
        NULL,
        'New Jessica',
        'New York',
        'USA',
        '82012'
    ),
    (
        142,
        '705 Dyer Ports',
        NULL,
        'Stewartchester',
        'Kentucky',
        'USA',
        '18792'
    ),
    (
        143,
        '287 Ronald View',
        NULL,
        'South Thomaschester',
        'Tennessee',
        'USA',
        '80655'
    ),
    (
        144,
        '9583 Powers Rapid',
        'Suite 088',
        'New Misty',
        'Oklahoma',
        'USA',
        '61620'
    ),
    (
        145,
        '0615 Rowland Landing',
        'Suite 996',
        'New Christopherstad',
        'Montana',
        'USA',
        '05148'
    ),
    (
        146,
        '6045 Ramirez Ports',
        'Apt. 462',
        'Michelleshire',
        'Kansas',
        'USA',
        '31490'
    ),
    (
        147,
        '53810 Brown Grove',
        NULL,
        'South Bobbystad',
        'Connecticut',
        'USA',
        '92073'
    ),
    (
        148,
        '82306 Natalie Hill',
        'Apt. 223',
        'West Oscar',
        'Tennessee',
        'USA',
        '82330'
    ),
    (
        149,
        '380 William Springs',
        'Suite 679',
        'Emilystad',
        'Florida',
        'USA',
        '48721'
    ),
    (
        150,
        '75216 Brandon Spur Apt. 875',
        NULL,
        'Robertshire',
        'Vermont',
        'USA',
        '54588'
    ),
    (
        151,
        '28051 Hernandez Center',
        NULL,
        'Anthonyport',
        'Washington',
        'USA',
        '56709'
    ),
    (
        152,
        '6217 Richard Way',
        NULL,
        'Karenchester',
        'Delaware',
        'USA',
        '77190'
    ),
    (
        153,
        '65184 Jessica Glen',
        NULL,
        'West Hectorbury',
        'Delaware',
        'USA',
        '28271'
    ),
    (
        154,
        '577 Tina Heights Suite 398',
        NULL,
        'Port Angela',
        'Alabama',
        'USA',
        '19932'
    ),
    (
        155,
        '45309 Megan Point Apt. 391',
        'Apt. 372',
        'Stevenside',
        'Wisconsin',
        'USA',
        '85757'
    ),
    (
        156,
        '152 Henson Cliffs',
        NULL,
        'New Jonathan',
        'West Virginia',
        'USA',
        '06980'
    ),
    (
        157,
        '2331 Sarah Ville Apt. 939',
        NULL,
        'Port Rachel',
        'Delaware',
        'USA',
        '58772'
    ),
    (
        158,
        '036 Kimberly Flats Suite 112',
        NULL,
        'New Briannaton',
        'Indiana',
        'USA',
        '58872'
    ),
    (
        159,
        '0348 Williams Ferry',
        'Suite 710',
        'Christinetown',
        'New York',
        'USA',
        '61203'
    ),
    (
        160,
        '632 Karen Freeway Suite 007',
        NULL,
        'East Thomas',
        'Maine',
        'USA',
        '41963'
    ),
    (
        161,
        '3190 Isaiah Ferry',
        NULL,
        'Danielton',
        'North Dakota',
        'USA',
        '81811'
    ),
    (
        162,
        '73507 Garrett Underpass Apt. 319',
        NULL,
        'South Michael',
        'New York',
        'USA',
        '65482'
    ),
    (
        163,
        '16371 Matthew Flat',
        NULL,
        'Timothyberg',
        'Florida',
        'USA',
        '90773'
    ),
    (
        164,
        '926 Roberta Coves',
        'Apt. 460',
        'Rogersfort',
        'New Hampshire',
        'USA',
        '76760'
    ),
    (
        165,
        '9936 William Prairie Suite 344',
        'Apt. 371',
        'Port Aaronchester',
        'New Jersey',
        'USA',
        '59861'
    ),
    (
        166,
        '935 Heather Summit',
        'Apt. 526',
        'Port David',
        'North Dakota',
        'USA',
        '85579'
    ),
    (
        167,
        '214 Kristi Fork',
        'Suite 550',
        'North Michael',
        'Delaware',
        'USA',
        '88987'
    ),
    (
        168,
        '43253 Tracy Ridges Apt. 413',
        NULL,
        'Martinbury',
        'Wisconsin',
        'USA',
        '70868'
    ),
    (
        169,
        '3134 Stephanie Rest',
        NULL,
        'Christinaview',
        'Washington',
        'USA',
        '34902'
    ),
    (
        170,
        '54451 Mark Mall Suite 981',
        NULL,
        'Nicholasburgh',
        'Nebraska',
        'USA',
        '95595'
    ),
    (
        171,
        '19226 Pratt Spurs Suite 541',
        NULL,
        'New Jennifer',
        'New York',
        'USA',
        '31582'
    ),
    (
        172,
        '332 Smith Springs Suite 262',
        'Suite 986',
        'Lake Victoria',
        'Wyoming',
        'USA',
        '50119'
    ),
    (
        173,
        '4438 Smith Cliffs',
        NULL,
        'Port Suzannefurt',
        'Tennessee',
        'USA',
        '93170'
    ),
    (
        174,
        '480 Tyler Cove Apt. 620',
        NULL,
        'Timothyside',
        'Maine',
        'USA',
        '12822'
    ),
    (
        175,
        '3428 Castillo Wall Suite 495',
        NULL,
        'West Kellyfurt',
        'Nebraska',
        'USA',
        '77307'
    ),
    (
        176,
        '945 Lane Square Apt. 032',
        'Suite 766',
        'Williammouth',
        'Alabama',
        'USA',
        '77287'
    ),
    (
        177,
        '22036 Darius Drive',
        'Apt. 500',
        'Victoriaport',
        'Oregon',
        'USA',
        '94997'
    ),
    (
        178,
        '7868 Marissa Locks Suite 897',
        NULL,
        'Lake Melindaborough',
        'Kansas',
        'USA',
        '78625'
    ),
    (
        179,
        '695 Brown Ramp',
        NULL,
        'Port Dawn',
        'Alaska',
        'USA',
        '69477'
    ),
    (
        180,
        '4091 Gabrielle Well',
        NULL,
        'Brownfurt',
        'Indiana',
        'USA',
        '70722'
    ),
    (
        181,
        '3857 Danielle View Apt. 474',
        'Suite 325',
        'Lake Adriana',
        'Indiana',
        'USA',
        '99614'
    ),
    (
        182,
        '8823 Christina Walks',
        NULL,
        'Port Kellyside',
        'Virginia',
        'USA',
        '79046'
    ),
    (
        183,
        '470 Jonathan Place Suite 159',
        'Suite 928',
        'Friedmanstad',
        'California',
        'USA',
        '77984'
    ),
    (
        184,
        '6848 Diaz Junction',
        'Apt. 841',
        'Colemanhaven',
        'Hawaii',
        'USA',
        '27875'
    ),
    (
        185,
        '74927 Martinez Well',
        'Apt. 112',
        'New Antoniofurt',
        'New Jersey',
        'USA',
        '02959'
    ),
    (
        186,
        '61503 Linda Field Suite 797',
        'Apt. 256',
        'Alexisborough',
        'Oklahoma',
        'USA',
        '24898'
    ),
    (
        187,
        '35591 Lee Ports',
        'Suite 346',
        'Lisaland',
        'Mississippi',
        'USA',
        '78474'
    ),
    (
        188,
        '997 Christy Fords Apt. 327',
        'Suite 587',
        'Obrienfort',
        'Hawaii',
        'USA',
        '12904'
    ),
    (
        189,
        '7514 Schneider Ports Apt. 690',
        'Suite 617',
        'Timothyburgh',
        'Missouri',
        'USA',
        '96608'
    ),
    (
        190,
        '53515 Janet Haven',
        NULL,
        'North Lauraview',
        'New York',
        'USA',
        '74761'
    ),
    (
        191,
        '62291 Joseph Centers Suite 146',
        NULL,
        'New Ronald',
        'Mississippi',
        'USA',
        '07154'
    ),
    (
        192,
        '273 Osborn Isle',
        'Apt. 732',
        'Walkerville',
        'Minnesota',
        'USA',
        '40859'
    ),
    (
        193,
        '7623 Stone Greens',
        'Apt. 546',
        'Jonesstad',
        'Michigan',
        'USA',
        '38814'
    ),
    (
        194,
        '75802 Smith Turnpike Apt. 758',
        NULL,
        'East Scott',
        'New Mexico',
        'USA',
        '97050'
    ),
    (
        195,
        '049 Hill Lodge',
        NULL,
        'New Danielleland',
        'Kansas',
        'USA',
        '67676'
    ),
    (
        196,
        '6807 Robert View',
        NULL,
        'Mathisville',
        'Kentucky',
        'USA',
        '60299'
    ),
    (
        197,
        '2128 Richard Hills Suite 800',
        NULL,
        'Diazton',
        'Minnesota',
        'USA',
        '45111'
    ),
    (
        198,
        '4827 Leonard Vista Apt. 620',
        'Apt. 993',
        'Danielburgh',
        'Vermont',
        'USA',
        '44040'
    ),
    (
        199,
        '35361 Christopher Track',
        'Suite 963',
        'Wolfemouth',
        'Delaware',
        'USA',
        '32150'
    ),
    (
        200,
        '0567 Paul Wells',
        'Apt. 866',
        'Lake Rickeychester',
        'Idaho',
        'USA',
        '69792'
    );

INSERT INTO
    "user" (
        id,
        username,
        password_hash,
        f_name,
        l_name,
        dob,
        rating,
        role,
        address_id
    )
VALUES (
        1,
        'iwilcox',
        'b80036543365f2b18cf92c6f776d2ac1eb9c56e4e831068f6f412c6911c3e58d',
        'Keith',
        'Marshall',
        '1998-07-10',
        3.2,
        'DRIVER',
        101
    ),
    (
        2,
        'conleyjessica',
        '6aac69e53cf0688d969a52a495a14496f8cba990500a8bace52bd343f44afb6b',
        'Matthew',
        'Collins',
        '1973-07-23',
        3.6,
        'CLIENT',
        108
    ),
    (
        3,
        'hgalvan',
        '19f7e86a4aec12cd913860a9377370faf6941d324f8f9b7c00449c49e5b731d2',
        'Elizabeth',
        'Smith',
        '2007-07-01',
        NULL,
        'ADMIN',
        143
    ),
    (
        4,
        'itodd',
        '4adf963c4f23c38a39eed6bc64e1118991fa3d5ae5c3dd22d9a37a4590aa4e6b',
        'Michael',
        'Robertson',
        '1987-03-06',
        3.3,
        'DRIVER',
        81
    ),
    (
        5,
        'sanchezgene',
        '86ab7b1a08ad5c90157e265d9b39a5cbd26c87da2c6e29c321e7135c8491057b',
        'Eric',
        'Miller',
        '1999-12-28',
        NULL,
        'DRIVER',
        186
    ),
    (
        6,
        'owenskara',
        'd0ee45b0209646e80779af266cfc06cec9e9d82cb4e9c2392a5f431858e1fc86',
        'Taylor',
        'Kaufman',
        '1984-06-20',
        NULL,
        'DRIVER',
        20
    ),
    (
        7,
        'marcus48',
        '16b6e9862aa48caf197e890a1b98107f5787bb76622dc3a7f27d30bb942941e8',
        'Cynthia',
        'Kelley',
        '1947-10-14',
        4.9,
        'ADMIN',
        92
    ),
    (
        8,
        'xmejia',
        '826b7c96028a9d8b2b40cbbd0192dc9bfbcfda16149219905e778fcfde2a5a5a',
        'Jennifer',
        'Valenzuela',
        '1996-01-12',
        NULL,
        'CLIENT',
        20
    ),
    (
        9,
        'bryanmoore',
        '1dc13b98c2c0d293bb8248603c330eb615a36737963756965638843d20ca456b',
        'Tina',
        'Johnson',
        '1976-11-26',
        NULL,
        'DRIVER',
        76
    ),
    (
        10,
        'caitlinsingleton',
        '257d2325334644d494204a3efc927a75d9372af3334653b50b004606f6967915',
        'Robert',
        'Frazier',
        '1966-05-08',
        2.8,
        'CLIENT',
        106
    ),
    (
        11,
        'vmaxwell',
        '3f4225e3e5f40bbee215ff7118ce7f91fe57c0bdb754d4c5e89c98ba9ef46cca',
        'Kimberly',
        'Thompson',
        '1951-10-12',
        NULL,
        'CLIENT',
        144
    ),
    (
        12,
        'emilyjackson',
        '0677a80376e87728f8067404e7503c2c08fcdd430092a882466d2c5fed3bb2f2',
        'Eric',
        'Ortiz',
        '1946-04-27',
        3.5,
        'DRIVER',
        8
    ),
    (
        13,
        'ttyler',
        '290a17d055bc0b5dd30b4f40360b0a7e0937ceba66ebde4b639242832c46fb9c',
        'Kent',
        'Spencer',
        '2001-05-20',
        4.7,
        'CLIENT',
        58
    ),
    (
        14,
        'brownjohn',
        'f72fcc64713837d19c1f0f9ba8d9207d255be60183390c5c19415e520b1961f7',
        'Marie',
        'Rogers',
        '1982-06-05',
        NULL,
        'DRIVER',
        61
    ),
    (
        15,
        'huffrobert',
        '0a9b67bc4b7966a2b1120477696063103eaefdecb18b9838b3272d0a462f0cc4',
        'Robyn',
        'Richmond',
        '2002-05-13',
        4.2,
        'CLIENT',
        188
    ),
    (
        16,
        'kwilson',
        '3749a3136196ce4e04059a521c5552bd477c15be62dc8d6215adfbc6043a4455',
        'Bailey',
        'Rice',
        '1995-06-16',
        3.9,
        'DRIVER',
        143
    ),
    (
        17,
        'helenwillis',
        '7ddef1affd15d4b1d4285fdd8a92c9ac05dec37ad1b0eeca62ae8391bc44631c',
        'Sydney',
        'Mitchell',
        '1973-01-18',
        2.1,
        'DRIVER',
        57
    ),
    (
        18,
        'wwilson',
        '006d131762583becb7f5766549eb52431e5292b30a63e398722d04d10cb2e32a',
        'Jonathan',
        'Macias',
        '2002-11-25',
        2.5,
        'CLIENT',
        71
    ),
    (
        19,
        'tina39',
        'a85cbcecd8a2844847ac8a566b11be8b7f5ea07ebf1c2ddf01f442941ca3ab34',
        'Billy',
        'Weaver',
        '2002-05-28',
        4.3,
        'DRIVER',
        195
    ),
    (
        20,
        'wcollins',
        '1b3646d966421d3bcb1ecc2f9af4f6e6ee028d13cfe9c72df467d2bfe194dad3',
        'Julia',
        'Watkins',
        '1985-05-06',
        3.6,
        'CLIENT',
        137
    ),
    (
        21,
        'vasquezvirginia',
        '89353e12e970fdfe57d5ff1778217143aff3cb515e0342680e4186945677651b',
        'Joshua',
        'Frederick',
        '2001-11-30',
        2.6,
        'CLIENT',
        57
    ),
    (
        22,
        'coxkathleen',
        'ed05f93c01b06691ec61ab74ac0a38677c9dcca480874e631cf629c8bfa5e020',
        'Matthew',
        'Martinez',
        '1965-06-27',
        4.6,
        'DRIVER',
        42
    ),
    (
        23,
        'lukeadams',
        '6017be88ca71ceab41320aa57ecae23e86c4d61c2f55e77678c5589b213b0c7e',
        'Cory',
        'Hernandez',
        '1995-03-07',
        2.1,
        'ADMIN',
        135
    ),
    (
        24,
        'vstrickland',
        '7a41defc60f201081bef3210a4094aeb637bf8323864e0d92469d9873f68a72c',
        'Henry',
        'Torres',
        '1964-08-23',
        3.4,
        'CLIENT',
        138
    ),
    (
        25,
        'zbrooks',
        'd923f709f7483dd230a643fa708db113a63c8f45a6f428959d743f32fb499161',
        'Jonathan',
        'Stone',
        '1952-08-15',
        NULL,
        'ADMIN',
        104
    ),
    (
        26,
        'keith31',
        '2b9ce739dd9c803809858b3a419049c13e628ade105544b4718449b806d7b3a1',
        'Ryan',
        'Sanchez',
        '1963-07-30',
        4.5,
        'CLIENT',
        139
    ),
    (
        27,
        'evan05',
        'cace4a6dc1efb3ae8dee8b9f1691f28882ff8ec471be7d023842a4033975af8d',
        'Melissa',
        'Wilson',
        '1972-09-19',
        1.8,
        'DRIVER',
        137
    ),
    (
        28,
        'andrea94',
        '25953d8c52caa4f7ffc82f8ad8eabe95836685473487b86f6690b93aae4945bd',
        'Spencer',
        'Schroeder',
        '2003-12-01',
        1.4,
        'ADMIN',
        103
    ),
    (
        29,
        'espinozakaren',
        '8bd248c5b225e6b6b86b45898e801eb5b1eae66c96457a245352ea621a15eddb',
        'Timothy',
        'Alexander',
        '1995-06-03',
        2.7,
        'CLIENT',
        73
    ),
    (
        30,
        'ievans',
        'b0b6b6e5d6397457f35cedd899cf1401f5cdc732ff22c903a1ab93a74afe6751',
        'Henry',
        'Smith',
        '1995-04-19',
        4.1,
        'CLIENT',
        138
    ),
    (
        31,
        'xjones',
        'a0e8200c7f6f140bbb949e9ec23dd26dd0d7d3dfcb404be93d82d284f419ae2a',
        'Miranda',
        'Berry',
        '1987-12-28',
        3.6,
        'CLIENT',
        73
    ),
    (
        32,
        'benjaminwalls',
        'c88f90df5df06bd51720707ce073a3f97c6c46b02f21b9a33c88ec0496cb4492',
        'Jessica',
        'Fox',
        '1945-04-14',
        NULL,
        'DRIVER',
        102
    ),
    (
        33,
        'opearson',
        '9405f3e7aba7cc3246bb35046ee05d67aec8efd7d6767fb4f737b3e85ae50514',
        'James',
        'Bradley',
        '1961-01-07',
        3.1,
        'ADMIN',
        164
    ),
    (
        34,
        'ronaldlindsey',
        '0c3642bf602ac26a9af9ea68fe7269b709c937d25dc35d7f07bf7957f383bd6c',
        'Adam',
        'Simmons',
        '1982-06-05',
        4.6,
        'CLIENT',
        88
    ),
    (
        35,
        'jjohnson',
        'f82878aec4ffa7220fcc65f0633fa6291d134ebc52c5c3c6fcec60b9f481b01b',
        'Scott',
        'Hughes',
        '1967-08-08',
        NULL,
        'ADMIN',
        64
    ),
    (
        36,
        'ryan77',
        '1891ac8975c65daae05a0ac39c42310eb0f2b5116973f06083c7b9b642ac8063',
        'Rick',
        'Lara',
        '1954-01-12',
        2.3,
        'DRIVER',
        189
    ),
    (
        37,
        'yguerrero',
        '1283822ec57a745d2d9264defff326ce1846b0f47672e3f05aefbd43ca80bead',
        'Shannon',
        'Potter',
        '1953-10-05',
        NULL,
        'CLIENT',
        133
    ),
    (
        38,
        'rachelharris',
        'b7b09e7decf30403b95a036d7a9b8df2d64ab407e1def60f1fc1be234e9af1dd',
        'Jennifer',
        'Howard',
        '1961-07-29',
        NULL,
        'CLIENT',
        160
    ),
    (
        39,
        'tterry',
        'afcf85e223ac4249970d2132fb666841719dc356c310b17419688dc76ca8c37e',
        'Bryan',
        'Ward',
        '2006-09-13',
        NULL,
        'CLIENT',
        32
    ),
    (
        40,
        'kevin78',
        '5cdab4c45f1c521b1aaa9646d428f1ce50a18615ad2f24d161225c45cde758e3',
        'Alexa',
        'Norton',
        '1974-12-13',
        2.9,
        'CLIENT',
        198
    ),
    (
        41,
        'martindillon',
        'fa6c195a17d29e3ab6068a71b7c914b2221155bebf3f808c774f7ec82805c89b',
        'Patricia',
        'Taylor',
        '2007-11-27',
        4.5,
        'DRIVER',
        165
    ),
    (
        42,
        'stephen14',
        'b1f572db983364283ba231135283742bdaa283f0a34942c34a25e469c9374e4f',
        'Sarah',
        'Yang',
        '1986-05-25',
        NULL,
        'DRIVER',
        63
    ),
    (
        43,
        'kathleen89',
        '08cb4db6985b803c18b900bc9a43f7128fd722192492f00f97d70237f35de8ee',
        'Jordan',
        'Butler',
        '1953-09-20',
        1.5,
        'DRIVER',
        166
    ),
    (
        44,
        'johnsondaniel',
        'e223678170e4d943d4b2f578b761f55ccaa061983ea5a977f392798d1be8ec9b',
        'Janice',
        'Campbell',
        '1973-10-22',
        4.5,
        'ADMIN',
        172
    ),
    (
        45,
        'tvalentine',
        '45234b4fc0f92e127e1b8580f3a5b4f4f57e2558336203377cd636d424ed02ef',
        'Barbara',
        'Sullivan',
        '1947-03-23',
        4.4,
        'CLIENT',
        128
    ),
    (
        46,
        'tracyjordan',
        '43c1be1ec6df99e841d4965d2373539dda78046e882915b23cc1ff640dd1faa1',
        'Rachael',
        'Cummings',
        '1983-02-27',
        2.1,
        'ADMIN',
        115
    ),
    (
        47,
        'martha59',
        '0594c8fc5e243813f58cbef2d677cf2e901c752028314faf320cd80cf5ed9493',
        'Corey',
        'Lewis',
        '1982-08-06',
        1.4,
        'CLIENT',
        175
    ),
    (
        48,
        'aday',
        'd1b1c7b56294cfb2d9f1721231bf7e1cc6cdc930a99dc0e40865b7eaaeda216a',
        'Randy',
        'Curry',
        '1955-07-04',
        NULL,
        'DRIVER',
        70
    ),
    (
        49,
        'russellbenjamin',
        '10d20127404c3c35262c751d93dc2bc1f9e2ddadddd7d1675530005eadd454f3',
        'Whitney',
        'Wilson',
        '1984-11-24',
        4.6,
        'CLIENT',
        97
    ),
    (
        50,
        'cburton',
        'bc363d0fff383f89a1290b515b496d55e4f5a535604931f36fbf1a17ebd55c47',
        'Jesus',
        'Stout',
        '1956-01-27',
        1.8,
        'CLIENT',
        140
    ),
    (
        51,
        'flynnchad',
        '7d8b68d417fb27b5737fe9a2a2aca4333aa325a67ea7e564216e011075923f87',
        'Troy',
        'Mcintosh',
        '2005-10-31',
        1.6,
        'ADMIN',
        75
    ),
    (
        52,
        'ptran',
        '0d0b78f7da06bb7bf073185a2aabe80a3a584d2eceea07b2252cb59c2cbbe4be',
        'Jessica',
        'Thomas',
        '2005-08-17',
        3.2,
        'ADMIN',
        86
    ),
    (
        53,
        'aliciamoore',
        '85d7025441eea120a10af2745b7382ec3acf57432ad4b69c1f334c64eb6f38d1',
        'Robert',
        'Peters',
        '1988-07-05',
        2.2,
        'CLIENT',
        128
    ),
    (
        54,
        'jlivingston',
        'c1841d688dfa873d750f4257ece3984dedee6f1a59fda8297439425c27dd8a14',
        'John',
        'Santana',
        '1996-05-24',
        NULL,
        'CLIENT',
        21
    ),
    (
        55,
        'tammymartinez',
        '554f12ab51a9a5f657f6c96335a9b48948d53f0d7e4de2898d694ad26a0ff9e6',
        'Barbara',
        'Dillon',
        '2006-01-21',
        1.1,
        'ADMIN',
        196
    ),
    (
        56,
        'jenniferparker',
        '775e71968ae9729c1f24ec511ed723ba25968f040ffd3f2775d0239e6722ea5f',
        'Mark',
        'Oconnor',
        '2004-02-15',
        1.1,
        'DRIVER',
        167
    ),
    (
        57,
        'swatson',
        '7ee8cb3fff6073de627ce18358bcf30b4cb632bba8ca364b2e491467dfece65e',
        'Hannah',
        'Barnes',
        '1947-08-14',
        2.5,
        'DRIVER',
        23
    ),
    (
        58,
        'panderson',
        '6c352731a7f7487bf72574354aa935facb4a48b4f0ada17b20e026a3c9e4670b',
        'Connie',
        'Ballard',
        '1954-06-01',
        1.7,
        'ADMIN',
        178
    ),
    (
        59,
        'chelseanorris',
        '4cc585a2104beb11790035fb782e5408fce48da37e8a88d3e4a6dbcaff4cb9ac',
        'Alan',
        'Hall',
        '1977-06-24',
        1.8,
        'ADMIN',
        46
    ),
    (
        60,
        'hoffmankeith',
        'bba2de756625decdbf21a3e5bda2b1ecc191906f7372d3417a3d334ba8ad01f5',
        'William',
        'Fisher',
        '1997-09-08',
        NULL,
        'DRIVER',
        10
    ),
    (
        61,
        'taylorkathleen',
        'b51f08c9d5e39045460301bf136da38481a14697b723aef850a528c8ade3a92b',
        'Charles',
        'Wilson',
        '1967-12-07',
        3.4,
        'ADMIN',
        98
    ),
    (
        62,
        'anicholson',
        'b9a1e73f5e2fa27a7f7f313b7cac3b9ffaa8b7ae7594b7ef28e6a587fc5229da',
        'Randall',
        'Hughes',
        '1990-10-28',
        3.3,
        'DRIVER',
        98
    ),
    (
        63,
        'velezedward',
        '6e68cc91538488ceb9886d3ad852a7c3bbaea32c254aeb527c903d89896c5ba6',
        'Monica',
        'Griffith',
        '1990-11-30',
        1.8,
        'DRIVER',
        128
    ),
    (
        64,
        'campbellalexander',
        'fa51e7b86a3604499a030fdb4f512f59fb284f51547b15ea9add0b8f6f043896',
        'Melissa',
        'Cline',
        '1964-09-07',
        5.0,
        'ADMIN',
        196
    ),
    (
        65,
        'cynthiawilson',
        'dad6e5bb01625e453814d3020d1872e504f8bd92e1cca64a8943d40b26ff594a',
        'Logan',
        'Burch',
        '1947-07-08',
        NULL,
        'DRIVER',
        125
    ),
    (
        66,
        'tnelson',
        'fff2e9e8530ac0281d71b64019515656e43393fa575d68d38d776d092cf5d23f',
        'Courtney',
        'Allen',
        '1981-10-10',
        1.5,
        'ADMIN',
        7
    ),
    (
        67,
        'wardmadeline',
        'ab4817ca1759dbc932254155b87e484e78b4aa7ca6c6a8be278a26c6882821c6',
        'Susan',
        'Jones',
        '2001-04-18',
        1.7,
        'CLIENT',
        59
    ),
    (
        68,
        'leeantonio',
        '5d579d6c59d2c18230c8d17dc58e449b9d1250c78e63c6d113b2817d360d1559',
        'Alexis',
        'Campbell',
        '1947-12-15',
        2.5,
        'ADMIN',
        99
    ),
    (
        69,
        'ujohnston',
        'e100a9cf993245cb25015e27fd0fe74fe911b6a3fda120700bda74838dc70c29',
        'Kimberly',
        'Terrell',
        '1952-08-24',
        4.8,
        'DRIVER',
        151
    ),
    (
        70,
        'victorchandler',
        'ca0c4c52db848a831eb48d475858572cfa042842246b31b071864d4d78d6113e',
        'Wendy',
        'Thornton',
        '1968-12-11',
        4.3,
        'DRIVER',
        96
    ),
    (
        71,
        'sarahrobertson',
        'fe146b33f89bc11cab60f2d118b253bbc80708123a05dd63a2f687f0c76885ba',
        'Johnny',
        'Schwartz',
        '1982-12-14',
        NULL,
        'ADMIN',
        15
    ),
    (
        72,
        'tammy64',
        '62b2a9f1eaada1a198f1778f9909f567f099b07be12d0468ff8ba4bd46eefe9c',
        'Annette',
        'Larson',
        '2001-05-19',
        3.4,
        'CLIENT',
        132
    ),
    (
        73,
        'zwhite',
        '0b3fec0b78d37d6b6704f5d974969be0a9f3c30c7d403f1efa4d5e46f49da8ad',
        'Michelle',
        'Davidson',
        '1963-04-02',
        1.5,
        'ADMIN',
        176
    ),
    (
        74,
        'sullivanerica',
        '4eb523189346ee5038011589a3f56d2051215e6a2d42362b864553a5efb3b866',
        'William',
        'Jackson',
        '1969-08-09',
        3.6,
        'CLIENT',
        112
    ),
    (
        75,
        'valeriepatel',
        'a2890514ac1cd7f430935175ab3ad68ec4b0134ea73ea026f79c4ffd34dbd173',
        'Natasha',
        'Martin',
        '1979-02-17',
        3.1,
        'ADMIN',
        14
    ),
    (
        76,
        'csalazar',
        'a1ad20eb77a4d268f148e49842ec11e170d682f1217576ea7a89de6308fb4a3c',
        'Samantha',
        'Oconnell',
        '1962-08-15',
        NULL,
        'CLIENT',
        149
    ),
    (
        77,
        'bharris',
        '055a87ed0e230b6d761aeccdf62df7fc9ab46ed365b0ea2bc71a09a6be03c2cc',
        'Michael',
        'Garza',
        '2004-05-02',
        3.0,
        'DRIVER',
        116
    ),
    (
        78,
        'suzanne26',
        '0d42ac05087ab062bc2e59da56df08747d52b088afecd84058ca6b2505617c96',
        'Don',
        'Roberts',
        '1966-08-30',
        2.5,
        'CLIENT',
        174
    ),
    (
        79,
        'othompson',
        'e21d06bce593d2b0067841fbee1466eea0d3fc0874430e674a50309ccb755c27',
        'Cindy',
        'Mathis',
        '2007-10-06',
        1.3,
        'DRIVER',
        129
    ),
    (
        80,
        'hodgechristina',
        'a6f07e8900747b74dcee24790e87ecb780ff9e4bcccec2dabd28c8b1ec568e38',
        'Cassandra',
        'Price',
        '1987-07-22',
        NULL,
        'CLIENT',
        61
    );

INSERT INTO
    driver_info (
        id,
        driving_experience,
        range,
        driving_license,
        user_id
    )
VALUES (1, 14, 564, 'CCP-5077', 1),
    (2, 10, 218, 'LFM 999', 4),
    (3, 22, 351, '030FV', 5),
    (4, 6, 841, 'N 764588', 6),
    (5, 3, 297, 'DAU 997', 9),
    (6, 22, 339, 'UES 099', 12),
    (7, 20, 116, 'XDT 284', 14),
    (8, 22, 906, 'NRU 716', 16),
    (9, 4, 809, 'DBU-822', 17),
    (10, 13, 721, '3E B8595', 19),
    (11, 8, 938, '86-0014M', 22),
    (12, 10, 365, '60I BK9', 27),
    (13, 35, 114, 'KA 77005', 32),
    (14, 9, 331, '000 6UB', 36),
    (15, 5, 953, '6RJ 434', 41),
    (16, 2, 966, '9QFD702', 42),
    (17, 30, 781, 'PWA3842', 43),
    (18, 7, 907, '3ET 048', 48),
    (19, 35, 956, '0-4056X', 56),
    (20, 10, 455, 'HHY-268', 57),
    (21, 2, 833, '15-8649P', 60),
    (22, 13, 237, 'AAV-203', 62),
    (23, 20, 288, '8-70248', 63),
    (24, 7, 123, '781 AHX', 65),
    (25, 4, 927, 'TKF 491', 69),
    (26, 34, 460, '378-FYF', 70),
    (27, 17, 810, '040 4029', 77),
    (28, 6, 482, '619 XFP', 79);

INSERT INTO
    vehicle (
        id,
        model,
        make,
        year,
        color,
        price_per_km,
        is_active,
        can_carry_furniture,
        driver_id,
        vehicle_type_id
    )
VALUES (
        1,
        'Again',
        'Goodwin, Wood and Jones',
        2013,
        'LightGoldenRodYellow',
        31,
        false,
        true,
        1,
        2
    ),
    (
        2,
        'Financial',
        'Bird LLC',
        1971,
        'Beige',
        10,
        false,
        false,
        4,
        4
    ),
    (
        3,
        'View',
        'Hoffman and Sons',
        2014,
        'SaddleBrown',
        50,
        false,
        true,
        5,
        3
    ),
    (
        4,
        'Buy',
        'Garcia-Williams',
        1981,
        'Silver',
        9,
        false,
        true,
        6,
        5
    ),
    (
        5,
        'Whole',
        'Allen Inc',
        2014,
        'Cornsilk',
        48,
        true,
        true,
        6,
        5
    ),
    (
        6,
        'Order',
        'Wood Group',
        2004,
        'Salmon',
        12,
        true,
        false,
        9,
        3
    ),
    (
        7,
        'Toward',
        'Rodriguez PLC',
        1997,
        'MediumSpringGreen',
        46,
        false,
        false,
        9,
        1
    ),
    (
        8,
        'Commercial',
        'Perry, Gordon and Welch',
        1972,
        'HoneyDew',
        11,
        true,
        true,
        12,
        3
    ),
    (
        9,
        'Understand',
        'Crawford, Robertson and Sanchez',
        1992,
        'LawnGreen',
        50,
        false,
        false,
        12,
        3
    ),
    (
        10,
        'Station',
        'Mcdonald-Ramirez',
        1989,
        'Khaki',
        36,
        false,
        true,
        12,
        2
    ),
    (
        11,
        'And',
        'Nguyen, Foley and Ashley',
        1984,
        'SteelBlue',
        23,
        false,
        false,
        14,
        3
    ),
    (
        12,
        'Response',
        'Booker Inc',
        1980,
        'Orange',
        48,
        false,
        false,
        16,
        2
    ),
    (
        13,
        'His',
        'Garza LLC',
        2025,
        'DarkOrchid',
        15,
        false,
        true,
        16,
        3
    ),
    (
        14,
        'Type',
        'Walker-Tate',
        2006,
        'Brown',
        18,
        false,
        false,
        16,
        1
    ),
    (
        15,
        'Rate',
        'Buchanan, Small and Cisneros',
        2022,
        'DarkSlateBlue',
        36,
        false,
        true,
        17,
        3
    ),
    (
        16,
        'Home',
        'Page Inc',
        2022,
        'DarkTurquoise',
        28,
        false,
        true,
        17,
        1
    ),
    (
        17,
        'Amount',
        'Davis LLC',
        2013,
        'RoyalBlue',
        23,
        false,
        true,
        17,
        6
    ),
    (
        18,
        'Television',
        'Norris, Moody and Jones',
        2005,
        'DarkGoldenRod',
        9,
        false,
        false,
        19,
        5
    ),
    (
        19,
        'Property',
        'Smith, Norton and Gonzalez',
        2020,
        'Pink',
        19,
        false,
        false,
        19,
        1
    ),
    (
        20,
        'New',
        'Ingram LLC',
        1973,
        'GreenYellow',
        47,
        false,
        false,
        22,
        3
    ),
    (
        21,
        'No',
        'Flowers, Jarvis and Barton',
        1996,
        'GoldenRod',
        8,
        false,
        true,
        22,
        5
    ),
    (
        22,
        'Usually',
        'Robertson, Murphy and Baker',
        2003,
        'Chartreuse',
        45,
        false,
        true,
        22,
        4
    ),
    (
        23,
        'Process',
        'Blankenship, Green and Chapman',
        1996,
        'Beige',
        5,
        false,
        true,
        27,
        3
    ),
    (
        24,
        'Argue',
        'Davis-Turner',
        2006,
        'Green',
        13,
        false,
        true,
        32,
        4
    ),
    (
        25,
        'Result',
        'Wright Inc',
        2014,
        'DarkSalmon',
        5,
        true,
        false,
        32,
        4
    ),
    (
        26,
        'Test',
        'Schmitt Inc',
        2024,
        'DarkTurquoise',
        36,
        true,
        true,
        32,
        6
    ),
    (
        27,
        'Line',
        'Morgan-Zamora',
        1991,
        'Beige',
        27,
        true,
        false,
        36,
        4
    ),
    (
        28,
        'Best',
        'Rose Group',
        2003,
        'Blue',
        45,
        false,
        false,
        36,
        6
    ),
    (
        29,
        'Report',
        'Terry Ltd',
        1986,
        'Wheat',
        18,
        false,
        false,
        36,
        4
    ),
    (
        30,
        'Region',
        'Haney-Quinn',
        2001,
        'Plum',
        25,
        false,
        false,
        41,
        1
    ),
    (
        31,
        'Stage',
        'Chambers-Moreno',
        1983,
        'GreenYellow',
        28,
        true,
        false,
        41,
        4
    ),
    (
        32,
        'Must',
        'Moore Inc',
        1985,
        'Coral',
        45,
        true,
        false,
        41,
        3
    ),
    (
        33,
        'Sport',
        'Hill Inc',
        2019,
        'Coral',
        38,
        false,
        false,
        42,
        6
    ),
    (
        34,
        'Listen',
        'Walters-Smith',
        1977,
        'MediumSpringGreen',
        34,
        true,
        false,
        42,
        5
    ),
    (
        35,
        'War',
        'Marshall Inc',
        1978,
        'NavajoWhite',
        46,
        false,
        false,
        43,
        4
    ),
    (
        36,
        'Wrong',
        'Richardson-Osborne',
        1981,
        'Aqua',
        48,
        false,
        false,
        43,
        4
    ),
    (
        37,
        'Drive',
        'Lane, Lee and Washington',
        2016,
        'DarkSlateBlue',
        20,
        false,
        false,
        48,
        3
    ),
    (
        38,
        'Guess',
        'Wagner and Sons',
        2004,
        'Chocolate',
        43,
        true,
        true,
        48,
        3
    ),
    (
        39,
        'Research',
        'Garcia and Sons',
        1971,
        'Khaki',
        25,
        true,
        false,
        56,
        4
    ),
    (
        40,
        'Him',
        'Hunt-Kelley',
        1986,
        'PeachPuff',
        41,
        true,
        false,
        57,
        2
    ),
    (
        41,
        'Sing',
        'Gallagher PLC',
        2021,
        'Gold',
        49,
        false,
        true,
        57,
        4
    ),
    (
        42,
        'Catch',
        'Riley-Thomas',
        2005,
        'Olive',
        22,
        true,
        false,
        57,
        2
    ),
    (
        43,
        'Paper',
        'Zimmerman-Harris',
        1970,
        'LightCyan',
        15,
        false,
        false,
        60,
        4
    ),
    (
        44,
        'Protect',
        'Gonzalez-Wright',
        1977,
        'Cornsilk',
        8,
        true,
        false,
        62,
        2
    ),
    (
        45,
        'Explain',
        'Park PLC',
        2015,
        'DeepPink',
        42,
        false,
        false,
        62,
        4
    ),
    (
        46,
        'History',
        'Haas, Brewer and Porter',
        1983,
        'LightYellow',
        9,
        false,
        true,
        62,
        4
    ),
    (
        47,
        'Take',
        'Jackson-Schmidt',
        1976,
        'Snow',
        21,
        true,
        false,
        63,
        3
    ),
    (
        48,
        'Management',
        'Frank, Ruiz and Smith',
        1975,
        'SaddleBrown',
        44,
        false,
        false,
        63,
        1
    ),
    (
        49,
        'Control',
        'Cunningham-Roberts',
        1973,
        'MistyRose',
        7,
        false,
        false,
        65,
        5
    ),
    (
        50,
        'Boy',
        'Johnson, Ferguson and Bradford',
        2013,
        'Sienna',
        6,
        true,
        false,
        65,
        5
    ),
    (
        51,
        'Truth',
        'Brown Inc',
        2010,
        'Cornsilk',
        48,
        true,
        true,
        65,
        2
    ),
    (
        52,
        'Stuff',
        'Lewis-Cook',
        1995,
        'Ivory',
        14,
        false,
        true,
        69,
        1
    ),
    (
        53,
        'Hope',
        'Farmer-Johnson',
        1995,
        'SkyBlue',
        47,
        true,
        false,
        70,
        1
    ),
    (
        54,
        'Material',
        'Ramos PLC',
        2021,
        'Green',
        8,
        true,
        true,
        70,
        2
    ),
    (
        55,
        'Piece',
        'Ward Inc',
        2006,
        'Crimson',
        6,
        true,
        false,
        77,
        2
    ),
    (
        56,
        'Mention',
        'Lee-Taylor',
        2021,
        'MediumSpringGreen',
        10,
        false,
        false,
        79,
        3
    );

INSERT INTO
    move_request (
        id,
        move_date,
        max_budget,
        client_id,
        from_address_id,
        to_address_id,
        status
    )
VALUES (
        1,
        '2026-01-09 17:33:16',
        2622,
        2,
        21,
        180,
        'OFFER_AVAILABLE'
    ),
    (
        2,
        '2026-01-01 06:36:12',
        1540,
        8,
        189,
        144,
        'OFFER_AVAILABLE'
    ),
    (
        3,
        '2026-01-18 03:29:54',
        2398,
        8,
        53,
        196,
        'OFFER_SENT'
    ),
    (
        4,
        '2026-01-23 19:47:12',
        4805,
        8,
        15,
        200,
        'OFFER_AVAILABLE'
    ),
    (
        5,
        '2026-01-19 17:35:58',
        2037,
        8,
        128,
        90,
        'PENDING'
    ),
    (
        6,
        '2026-01-24 12:49:09',
        1906,
        8,
        175,
        173,
        'OFFER_AVAILABLE'
    ),
    (
        7,
        '2026-01-26 06:02:24',
        3341,
        10,
        154,
        110,
        'PENDING'
    ),
    (
        8,
        '2026-01-10 09:17:36',
        2707,
        10,
        83,
        172,
        'CREATED'
    ),
    (
        9,
        '2026-01-20 10:43:27',
        1891,
        10,
        13,
        179,
        'OFFER_SENT'
    ),
    (
        10,
        '2026-01-07 09:07:17',
        4447,
        10,
        90,
        159,
        'OFFER_AVAILABLE'
    ),
    (
        11,
        '2026-01-05 22:48:32',
        757,
        10,
        173,
        18,
        'OFFER_SENT'
    ),
    (
        12,
        '2026-01-05 17:28:20',
        326,
        11,
        197,
        88,
        'OFFER_SENT'
    ),
    (
        13,
        '2026-01-14 18:04:28',
        4707,
        13,
        27,
        171,
        'PENDING'
    ),
    (
        14,
        '2026-01-07 11:02:23',
        1834,
        15,
        82,
        10,
        'OFFER_SENT'
    ),
    (
        15,
        '2026-01-08 03:31:28',
        997,
        15,
        154,
        162,
        'OFFER_AVAILABLE'
    ),
    (
        16,
        '2026-01-06 02:37:01',
        3764,
        15,
        14,
        140,
        'CREATED'
    ),
    (
        17,
        '2026-01-24 00:15:40',
        2243,
        18,
        175,
        17,
        'CREATED'
    ),
    (
        18,
        '2026-01-05 19:53:30',
        3186,
        18,
        110,
        122,
        'PENDING'
    ),
    (
        19,
        '2026-01-16 23:51:54',
        415,
        20,
        75,
        147,
        'PENDING'
    ),
    (
        20,
        '2026-01-25 01:53:16',
        3565,
        21,
        100,
        104,
        'OFFER_AVAILABLE'
    ),
    (
        21,
        '2026-01-18 07:14:14',
        366,
        21,
        190,
        31,
        'PENDING'
    ),
    (
        22,
        '2026-01-23 00:46:27',
        2258,
        21,
        149,
        172,
        'CREATED'
    ),
    (
        23,
        '2026-01-02 10:24:45',
        1362,
        21,
        80,
        59,
        'PENDING'
    ),
    (
        24,
        '2026-01-02 03:17:56',
        1772,
        24,
        47,
        116,
        'CREATED'
    ),
    (
        25,
        '2026-01-08 10:58:40',
        3354,
        24,
        116,
        158,
        'OFFER_AVAILABLE'
    ),
    (
        26,
        '2026-01-13 09:48:14',
        2225,
        24,
        196,
        98,
        'OFFER_SENT'
    ),
    (
        27,
        '2026-01-07 23:39:23',
        4542,
        24,
        79,
        115,
        'PENDING'
    ),
    (
        28,
        '2026-01-19 12:54:39',
        4505,
        24,
        159,
        22,
        'PENDING'
    ),
    (
        29,
        '2026-01-04 19:43:12',
        4016,
        26,
        147,
        152,
        'OFFER_AVAILABLE'
    ),
    (
        30,
        '2026-01-25 05:05:11',
        4914,
        26,
        32,
        135,
        'OFFER_SENT'
    ),
    (
        31,
        '2026-01-05 06:03:18',
        1417,
        26,
        138,
        19,
        'OFFER_SENT'
    ),
    (
        32,
        '2026-01-13 03:37:40',
        2970,
        26,
        188,
        143,
        'PENDING'
    ),
    (
        33,
        '2026-01-01 02:16:10',
        1449,
        29,
        53,
        152,
        'PENDING'
    ),
    (
        34,
        '2026-01-07 20:36:57',
        684,
        29,
        171,
        49,
        'PENDING'
    ),
    (
        35,
        '2026-01-04 20:02:46',
        4367,
        29,
        137,
        67,
        'OFFER_SENT'
    ),
    (
        36,
        '2026-01-15 20:16:55',
        4867,
        30,
        181,
        79,
        'OFFER_SENT'
    ),
    (
        37,
        '2026-01-09 13:49:47',
        2688,
        30,
        61,
        60,
        'OFFER_AVAILABLE'
    ),
    (
        38,
        '2026-01-14 11:42:22',
        4516,
        30,
        161,
        128,
        'OFFER_SENT'
    ),
    (
        39,
        '2026-01-02 09:17:33',
        348,
        30,
        199,
        185,
        'OFFER_AVAILABLE'
    ),
    (
        40,
        '2026-01-08 13:03:23',
        1417,
        30,
        153,
        54,
        'OFFER_AVAILABLE'
    ),
    (
        41,
        '2026-01-08 05:47:39',
        1347,
        31,
        79,
        152,
        'OFFER_SENT'
    ),
    (
        42,
        '2026-01-26 18:35:16',
        135,
        31,
        160,
        138,
        'PENDING'
    ),
    (
        43,
        '2026-01-16 08:31:26',
        289,
        34,
        138,
        70,
        'OFFER_AVAILABLE'
    ),
    (
        44,
        '2026-01-07 13:33:56',
        3788,
        34,
        35,
        62,
        'CREATED'
    ),
    (
        45,
        '2026-01-03 09:18:27',
        856,
        34,
        39,
        194,
        'OFFER_SENT'
    ),
    (
        46,
        '2026-01-15 21:15:10',
        2659,
        37,
        32,
        144,
        'CREATED'
    ),
    (
        47,
        '2026-01-06 13:50:35',
        852,
        37,
        131,
        55,
        'PENDING'
    ),
    (
        48,
        '2026-01-10 02:10:38',
        1791,
        37,
        157,
        176,
        'OFFER_SENT'
    ),
    (
        49,
        '2026-01-04 15:26:15',
        2978,
        38,
        89,
        172,
        'OFFER_AVAILABLE'
    ),
    (
        50,
        '2026-01-23 20:37:17',
        2040,
        38,
        39,
        7,
        'CREATED'
    ),
    (
        51,
        '2026-01-23 01:12:13',
        2280,
        39,
        26,
        137,
        'PENDING'
    ),
    (
        52,
        '2026-01-11 04:21:57',
        4610,
        39,
        185,
        4,
        'CREATED'
    ),
    (
        53,
        '2026-01-08 20:26:48',
        1171,
        39,
        145,
        58,
        'CREATED'
    ),
    (
        54,
        '2026-01-20 18:04:39',
        4442,
        39,
        175,
        66,
        'OFFER_SENT'
    ),
    (
        55,
        '2026-01-23 06:05:22',
        2397,
        40,
        59,
        185,
        'OFFER_AVAILABLE'
    ),
    (
        56,
        '2026-01-04 03:18:56',
        2193,
        40,
        191,
        87,
        'OFFER_SENT'
    ),
    (
        57,
        '2026-01-09 06:08:12',
        2822,
        40,
        46,
        23,
        'OFFER_SENT'
    ),
    (
        58,
        '2026-01-10 06:29:45',
        2040,
        45,
        23,
        75,
        'CREATED'
    ),
    (
        59,
        '2026-01-01 13:40:24',
        1887,
        47,
        41,
        182,
        'OFFER_AVAILABLE'
    ),
    (
        60,
        '2026-01-12 04:58:02',
        1630,
        47,
        60,
        190,
        'PENDING'
    ),
    (
        61,
        '2026-01-01 22:38:22',
        2678,
        47,
        134,
        52,
        'PENDING'
    ),
    (
        62,
        '2026-01-03 00:00:23',
        954,
        47,
        70,
        195,
        'OFFER_AVAILABLE'
    ),
    (
        63,
        '2026-01-19 11:49:49',
        3103,
        47,
        151,
        178,
        'PENDING'
    ),
    (
        64,
        '2026-01-02 19:15:23',
        4939,
        49,
        58,
        104,
        'OFFER_SENT'
    ),
    (
        65,
        '2026-01-20 07:33:34',
        3836,
        49,
        80,
        78,
        'OFFER_AVAILABLE'
    ),
    (
        66,
        '2026-01-07 18:38:56',
        1002,
        49,
        161,
        169,
        'OFFER_AVAILABLE'
    ),
    (
        67,
        '2026-01-26 05:21:17',
        4685,
        49,
        121,
        118,
        'OFFER_SENT'
    ),
    (
        68,
        '2026-01-15 14:00:43',
        2945,
        50,
        126,
        123,
        'PENDING'
    ),
    (
        69,
        '2026-01-14 17:22:44',
        4247,
        50,
        87,
        49,
        'OFFER_AVAILABLE'
    ),
    (
        70,
        '2026-01-13 15:55:23',
        1399,
        50,
        68,
        119,
        'OFFER_SENT'
    ),
    (
        71,
        '2026-01-13 18:42:55',
        1513,
        50,
        66,
        138,
        'OFFER_AVAILABLE'
    ),
    (
        72,
        '2026-01-22 09:53:42',
        1001,
        53,
        186,
        51,
        'PENDING'
    ),
    (
        73,
        '2026-01-21 20:55:51',
        2679,
        54,
        114,
        60,
        'PENDING'
    ),
    (
        74,
        '2026-01-20 20:08:29',
        3994,
        54,
        36,
        41,
        'OFFER_AVAILABLE'
    ),
    (
        75,
        '2026-01-18 03:55:13',
        3264,
        54,
        172,
        82,
        'OFFER_AVAILABLE'
    ),
    (
        76,
        '2026-01-04 00:08:38',
        4942,
        54,
        147,
        136,
        'OFFER_SENT'
    ),
    (
        77,
        '2026-01-10 06:36:22',
        2521,
        67,
        110,
        176,
        'CREATED'
    ),
    (
        78,
        '2026-01-06 19:14:28',
        3768,
        67,
        99,
        171,
        'OFFER_SENT'
    ),
    (
        79,
        '2026-01-11 05:06:29',
        4600,
        67,
        13,
        107,
        'OFFER_AVAILABLE'
    ),
    (
        80,
        '2026-01-05 10:11:54',
        1827,
        67,
        197,
        60,
        'CREATED'
    ),
    (
        81,
        '2026-01-04 23:34:47',
        1978,
        72,
        74,
        56,
        'PENDING'
    ),
    (
        82,
        '2026-01-13 17:37:39',
        495,
        72,
        17,
        107,
        'PENDING'
    ),
    (
        83,
        '2026-01-04 17:14:18',
        1727,
        72,
        15,
        20,
        'CREATED'
    ),
    (
        84,
        '2026-01-02 16:42:19',
        812,
        72,
        170,
        184,
        'OFFER_AVAILABLE'
    ),
    (
        85,
        '2026-01-24 09:52:22',
        3537,
        72,
        40,
        110,
        'PENDING'
    ),
    (
        86,
        '2026-01-22 18:30:52',
        2339,
        74,
        25,
        53,
        'OFFER_SENT'
    ),
    (
        87,
        '2026-01-14 08:36:43',
        2606,
        74,
        169,
        134,
        'PENDING'
    ),
    (
        88,
        '2026-01-23 01:57:21',
        520,
        74,
        180,
        123,
        'PENDING'
    ),
    (
        89,
        '2026-01-03 20:40:31',
        2055,
        74,
        115,
        44,
        'OFFER_AVAILABLE'
    ),
    (
        90,
        '2026-01-26 11:17:19',
        1092,
        74,
        74,
        83,
        'CREATED'
    ),
    (
        91,
        '2026-01-28 03:06:08',
        1612,
        76,
        104,
        149,
        'OFFER_AVAILABLE'
    ),
    (
        92,
        '2026-01-11 21:14:03',
        1860,
        76,
        196,
        31,
        'CREATED'
    ),
    (
        93,
        '2026-01-20 22:46:44',
        1426,
        76,
        180,
        83,
        'CREATED'
    ),
    (
        94,
        '2026-01-10 10:08:45',
        1441,
        78,
        44,
        118,
        'CREATED'
    ),
    (
        95,
        '2026-01-25 15:16:25',
        3256,
        80,
        136,
        29,
        'CREATED'
    ),
    (
        96,
        '2026-01-19 21:59:36',
        249,
        80,
        197,
        199,
        'PENDING'
    ),
    (
        97,
        '2026-01-18 20:27:06',
        1424,
        80,
        183,
        22,
        'OFFER_AVAILABLE'
    ),
    (
        98,
        '2026-01-27 23:19:03',
        4751,
        80,
        26,
        47,
        'CREATED'
    ),
    (
        99,
        '2026-01-25 17:29:57',
        4593,
        80,
        140,
        2,
        'OFFER_AVAILABLE'
    );

INSERT INTO
    luggage_entry (
        id,
        quantity,
        move_request_id,
        luggage_type_id
    )
VALUES (1, 6, 1, 4),
    (2, 13, 1, 1),
    (3, 9, 1, 3),
    (4, 4, 1, 2),
    (5, 10, 1, 2),
    (6, 7, 1, 4),
    (7, 15, 1, 5),
    (8, 20, 1, 4),
    (9, 11, 2, 5),
    (10, 6, 2, 5),
    (11, 6, 2, 3),
    (12, 17, 2, 2),
    (13, 8, 2, 5),
    (14, 8, 3, 4),
    (15, 12, 4, 4),
    (16, 17, 4, 3),
    (17, 10, 4, 1),
    (18, 16, 4, 2),
    (19, 16, 4, 2),
    (20, 12, 5, 2),
    (21, 4, 5, 2),
    (22, 18, 5, 3),
    (23, 7, 5, 1),
    (24, 16, 6, 2),
    (25, 13, 6, 2),
    (26, 9, 6, 3),
    (27, 6, 7, 1),
    (28, 17, 7, 3),
    (29, 13, 7, 4),
    (30, 5, 7, 4),
    (31, 20, 7, 2),
    (32, 17, 8, 1),
    (33, 2, 8, 4),
    (34, 11, 9, 2),
    (35, 3, 9, 3),
    (36, 12, 9, 3),
    (37, 5, 9, 4),
    (38, 16, 10, 2),
    (39, 10, 10, 1),
    (40, 7, 10, 5),
    (41, 10, 10, 4),
    (42, 7, 10, 3),
    (43, 20, 10, 4),
    (44, 6, 10, 4),
    (45, 6, 10, 3),
    (46, 1, 11, 1),
    (47, 4, 12, 4),
    (48, 4, 12, 2),
    (49, 19, 12, 1),
    (50, 10, 12, 5),
    (51, 10, 12, 1),
    (52, 8, 13, 4),
    (53, 20, 13, 4),
    (54, 12, 13, 2),
    (55, 17, 13, 2),
    (56, 1, 13, 4),
    (57, 11, 14, 2),
    (58, 1, 14, 2),
    (59, 12, 14, 2),
    (60, 9, 14, 1),
    (61, 7, 14, 3),
    (62, 17, 14, 1),
    (63, 17, 14, 3),
    (64, 15, 14, 3),
    (65, 10, 15, 1),
    (66, 1, 15, 3),
    (67, 4, 15, 1),
    (68, 6, 15, 5),
    (69, 2, 15, 5),
    (70, 2, 15, 3),
    (71, 4, 15, 4),
    (72, 2, 15, 2),
    (73, 7, 15, 4),
    (74, 11, 16, 5),
    (75, 11, 16, 1),
    (76, 6, 17, 2),
    (77, 4, 18, 5),
    (78, 17, 18, 2),
    (79, 9, 18, 4),
    (80, 9, 18, 5),
    (81, 19, 18, 2),
    (82, 2, 18, 5),
    (83, 1, 18, 4),
    (84, 10, 18, 5),
    (85, 16, 19, 4),
    (86, 16, 19, 1),
    (87, 2, 19, 2),
    (88, 14, 20, 1),
    (89, 17, 20, 3),
    (90, 13, 20, 2),
    (91, 5, 20, 2),
    (92, 10, 21, 4),
    (93, 10, 21, 3),
    (94, 13, 21, 4),
    (95, 8, 22, 4),
    (96, 15, 22, 4),
    (97, 12, 22, 5),
    (98, 3, 22, 5),
    (99, 15, 22, 2),
    (100, 5, 22, 1),
    (101, 12, 22, 2),
    (102, 8, 22, 1),
    (103, 19, 22, 3),
    (104, 14, 22, 3),
    (105, 16, 23, 2),
    (106, 15, 23, 4),
    (107, 18, 23, 1),
    (108, 2, 23, 1),
    (109, 14, 23, 4),
    (110, 9, 23, 5),
    (111, 2, 23, 3),
    (112, 19, 23, 1),
    (113, 17, 23, 1),
    (114, 9, 24, 3),
    (115, 6, 24, 3),
    (116, 19, 25, 1),
    (117, 8, 25, 3),
    (118, 15, 25, 3),
    (119, 3, 25, 5),
    (120, 1, 25, 5),
    (121, 15, 25, 4),
    (122, 17, 25, 3),
    (123, 1, 25, 3),
    (124, 5, 25, 1),
    (125, 9, 25, 5),
    (126, 15, 26, 5),
    (127, 16, 26, 1),
    (128, 2, 26, 1),
    (129, 15, 26, 5),
    (130, 20, 26, 5),
    (131, 11, 26, 3),
    (132, 2, 26, 1),
    (133, 16, 27, 2),
    (134, 19, 28, 2),
    (135, 3, 28, 2),
    (136, 14, 28, 5),
    (137, 11, 28, 3),
    (138, 15, 29, 2),
    (139, 15, 29, 5),
    (140, 10, 29, 5),
    (141, 8, 29, 5),
    (142, 13, 29, 2),
    (143, 10, 30, 3),
    (144, 8, 30, 2),
    (145, 1, 30, 3),
    (146, 13, 30, 4),
    (147, 4, 30, 1),
    (148, 12, 30, 1),
    (149, 15, 30, 5),
    (150, 20, 30, 4),
    (151, 12, 30, 3),
    (152, 3, 31, 3),
    (153, 14, 31, 4),
    (154, 15, 31, 5),
    (155, 2, 31, 5),
    (156, 14, 31, 1),
    (157, 2, 31, 3),
    (158, 15, 31, 1),
    (159, 6, 32, 5),
    (160, 1, 32, 1),
    (161, 18, 32, 1),
    (162, 8, 32, 4),
    (163, 7, 32, 3),
    (164, 2, 32, 1),
    (165, 4, 33, 3),
    (166, 17, 33, 1),
    (167, 19, 33, 2),
    (168, 9, 33, 4),
    (169, 6, 33, 2),
    (170, 9, 33, 4),
    (171, 12, 33, 5),
    (172, 11, 34, 3),
    (173, 3, 34, 2),
    (174, 12, 34, 4),
    (175, 9, 34, 2),
    (176, 2, 34, 1),
    (177, 14, 34, 4),
    (178, 14, 34, 4),
    (179, 4, 35, 2),
    (180, 8, 35, 4),
    (181, 3, 35, 3),
    (182, 1, 35, 2),
    (183, 3, 35, 4),
    (184, 8, 35, 1),
    (185, 20, 35, 2),
    (186, 8, 35, 5),
    (187, 5, 36, 1),
    (188, 3, 36, 4),
    (189, 6, 36, 5),
    (190, 18, 36, 3),
    (191, 16, 36, 2),
    (192, 16, 36, 3),
    (193, 6, 36, 1),
    (194, 15, 36, 3),
    (195, 7, 36, 4),
    (196, 11, 36, 4),
    (197, 5, 37, 4),
    (198, 1, 38, 4),
    (199, 6, 38, 1),
    (200, 9, 38, 3),
    (201, 16, 39, 2),
    (202, 16, 39, 1),
    (203, 9, 39, 1),
    (204, 14, 39, 3),
    (205, 7, 39, 1),
    (206, 16, 39, 2),
    (207, 15, 39, 2),
    (208, 4, 39, 3),
    (209, 8, 39, 2),
    (210, 2, 40, 1),
    (211, 7, 40, 4),
    (212, 18, 40, 2),
    (213, 19, 40, 5),
    (214, 14, 40, 3),
    (215, 16, 40, 5),
    (216, 10, 40, 5),
    (217, 20, 41, 2),
    (218, 6, 41, 2),
    (219, 11, 41, 5),
    (220, 2, 41, 3),
    (221, 17, 41, 4),
    (222, 12, 41, 5),
    (223, 14, 42, 5),
    (224, 7, 42, 2),
    (225, 10, 42, 2),
    (226, 4, 42, 2),
    (227, 1, 43, 5),
    (228, 13, 43, 4),
    (229, 3, 43, 2),
    (230, 7, 43, 3),
    (231, 6, 43, 3),
    (232, 17, 43, 4),
    (233, 1, 44, 5),
    (234, 7, 45, 1),
    (235, 6, 45, 3),
    (236, 7, 45, 4),
    (237, 6, 45, 4),
    (238, 11, 45, 5),
    (239, 16, 45, 3),
    (240, 4, 45, 1),
    (241, 15, 45, 5),
    (242, 18, 46, 4),
    (243, 19, 47, 3),
    (244, 8, 47, 2),
    (245, 11, 47, 5),
    (246, 1, 47, 4),
    (247, 20, 47, 2),
    (248, 9, 47, 4),
    (249, 3, 47, 4),
    (250, 3, 47, 2),
    (251, 14, 47, 5),
    (252, 15, 48, 4),
    (253, 13, 48, 4),
    (254, 1, 48, 1),
    (255, 9, 48, 4),
    (256, 9, 48, 1),
    (257, 19, 48, 5),
    (258, 9, 49, 3),
    (259, 14, 49, 4),
    (260, 4, 49, 1),
    (261, 3, 50, 3),
    (262, 1, 50, 1),
    (263, 18, 50, 5),
    (264, 14, 50, 2),
    (265, 6, 50, 4),
    (266, 11, 50, 2),
    (267, 17, 50, 2),
    (268, 15, 50, 4),
    (269, 17, 50, 5),
    (270, 12, 51, 5),
    (271, 1, 51, 2),
    (272, 12, 51, 3),
    (273, 11, 51, 1),
    (274, 12, 51, 1),
    (275, 19, 51, 1),
    (276, 14, 52, 1),
    (277, 16, 53, 4),
    (278, 14, 53, 4),
    (279, 12, 53, 1),
    (280, 11, 54, 5),
    (281, 15, 54, 3),
    (282, 2, 54, 3),
    (283, 18, 55, 4),
    (284, 17, 55, 1),
    (285, 16, 55, 2),
    (286, 12, 55, 3),
    (287, 20, 55, 4),
    (288, 1, 55, 5),
    (289, 6, 55, 4),
    (290, 14, 55, 4),
    (291, 8, 56, 1),
    (292, 10, 56, 2),
    (293, 1, 56, 5),
    (294, 10, 56, 4),
    (295, 14, 56, 5),
    (296, 14, 56, 4),
    (297, 8, 56, 3),
    (298, 14, 57, 5),
    (299, 16, 57, 4),
    (300, 9, 57, 1),
    (301, 5, 57, 3),
    (302, 4, 57, 2),
    (303, 13, 57, 4),
    (304, 10, 57, 4),
    (305, 18, 57, 1),
    (306, 14, 57, 4),
    (307, 20, 57, 4),
    (308, 9, 58, 2),
    (309, 16, 58, 4),
    (310, 7, 58, 4),
    (311, 8, 58, 4),
    (312, 4, 58, 2),
    (313, 1, 58, 1),
    (314, 14, 58, 5),
    (315, 16, 58, 1),
    (316, 19, 58, 2),
    (317, 1, 58, 5),
    (318, 8, 59, 2),
    (319, 17, 59, 1),
    (320, 9, 59, 4),
    (321, 17, 60, 2),
    (322, 11, 60, 3),
    (323, 4, 61, 5),
    (324, 17, 61, 3),
    (325, 8, 62, 2),
    (326, 10, 62, 2),
    (327, 5, 62, 4),
    (328, 20, 62, 5),
    (329, 16, 62, 2),
    (330, 2, 62, 4),
    (331, 1, 62, 1),
    (332, 2, 62, 1),
    (333, 19, 62, 2),
    (334, 19, 63, 5),
    (335, 19, 63, 3),
    (336, 16, 63, 5),
    (337, 5, 63, 4),
    (338, 15, 63, 2),
    (339, 8, 64, 1),
    (340, 6, 64, 2),
    (341, 10, 64, 3),
    (342, 6, 64, 2),
    (343, 20, 64, 5),
    (344, 6, 64, 3),
    (345, 12, 64, 3),
    (346, 5, 64, 3),
    (347, 12, 64, 1),
    (348, 5, 65, 5),
    (349, 18, 65, 4),
    (350, 13, 66, 5),
    (351, 17, 66, 1),
    (352, 5, 66, 1),
    (353, 12, 66, 3),
    (354, 19, 66, 1),
    (355, 6, 66, 5),
    (356, 4, 66, 3),
    (357, 18, 66, 1),
    (358, 6, 66, 2),
    (359, 20, 66, 5),
    (360, 14, 67, 2),
    (361, 16, 67, 1),
    (362, 20, 67, 3),
    (363, 5, 67, 1),
    (364, 1, 67, 1),
    (365, 19, 67, 4),
    (366, 15, 68, 2),
    (367, 16, 68, 4),
    (368, 14, 68, 1),
    (369, 5, 68, 1),
    (370, 2, 68, 4),
    (371, 20, 69, 2),
    (372, 2, 69, 5),
    (373, 10, 69, 3),
    (374, 4, 69, 4),
    (375, 1, 69, 2),
    (376, 18, 69, 1),
    (377, 18, 69, 3),
    (378, 2, 70, 3),
    (379, 2, 70, 5),
    (380, 11, 70, 4),
    (381, 4, 70, 4),
    (382, 20, 70, 5),
    (383, 18, 70, 3),
    (384, 18, 70, 5),
    (385, 7, 70, 5),
    (386, 6, 71, 1),
    (387, 9, 71, 4),
    (388, 16, 71, 3),
    (389, 16, 71, 4),
    (390, 13, 71, 4),
    (391, 16, 71, 2),
    (392, 7, 71, 2),
    (393, 20, 72, 1),
    (394, 8, 72, 3),
    (395, 16, 72, 5),
    (396, 5, 73, 3),
    (397, 7, 73, 1),
    (398, 8, 73, 5),
    (399, 7, 74, 3),
    (400, 16, 74, 1),
    (401, 20, 74, 5),
    (402, 20, 75, 4),
    (403, 1, 75, 2),
    (404, 16, 76, 3),
    (405, 13, 76, 5),
    (406, 14, 76, 4),
    (407, 4, 76, 2),
    (408, 17, 76, 3),
    (409, 13, 76, 4),
    (410, 3, 77, 1),
    (411, 19, 77, 2),
    (412, 13, 77, 1),
    (413, 5, 77, 4),
    (414, 17, 77, 2),
    (415, 15, 77, 1),
    (416, 12, 78, 2),
    (417, 15, 78, 1),
    (418, 9, 78, 4),
    (419, 18, 79, 4),
    (420, 17, 79, 1),
    (421, 17, 79, 1),
    (422, 2, 79, 5),
    (423, 10, 79, 3),
    (424, 17, 79, 3),
    (425, 5, 79, 5),
    (426, 1, 79, 1),
    (427, 3, 80, 5),
    (428, 2, 80, 2),
    (429, 13, 80, 1),
    (430, 7, 80, 5),
    (431, 7, 80, 4),
    (432, 17, 80, 1),
    (433, 20, 80, 5),
    (434, 3, 80, 1),
    (435, 14, 81, 3),
    (436, 2, 81, 2),
    (437, 13, 82, 3),
    (438, 12, 82, 2),
    (439, 12, 82, 4),
    (440, 7, 82, 1),
    (441, 8, 82, 1),
    (442, 17, 82, 5),
    (443, 1, 82, 5),
    (444, 10, 82, 3),
    (445, 17, 83, 4),
    (446, 15, 83, 1),
    (447, 18, 83, 5),
    (448, 16, 83, 5),
    (449, 14, 83, 3),
    (450, 17, 83, 5),
    (451, 8, 84, 4),
    (452, 15, 84, 4),
    (453, 4, 84, 3),
    (454, 1, 84, 5),
    (455, 7, 84, 2),
    (456, 1, 84, 2),
    (457, 7, 84, 3),
    (458, 13, 84, 3),
    (459, 19, 84, 3),
    (460, 3, 85, 3),
    (461, 4, 85, 4),
    (462, 2, 85, 4),
    (463, 8, 85, 1),
    (464, 20, 85, 1),
    (465, 4, 85, 3),
    (466, 5, 85, 2),
    (467, 17, 85, 1),
    (468, 15, 86, 4),
    (469, 12, 86, 2),
    (470, 15, 86, 2),
    (471, 14, 86, 5),
    (472, 13, 86, 2),
    (473, 6, 86, 3),
    (474, 10, 86, 5),
    (475, 11, 86, 1),
    (476, 15, 87, 1),
    (477, 20, 87, 1),
    (478, 4, 87, 1),
    (479, 9, 87, 5),
    (480, 2, 87, 1),
    (481, 10, 87, 2),
    (482, 9, 87, 2),
    (483, 5, 87, 2),
    (484, 10, 88, 4),
    (485, 13, 88, 2),
    (486, 8, 88, 2),
    (487, 19, 88, 1),
    (488, 12, 88, 5),
    (489, 19, 88, 3),
    (490, 17, 89, 5),
    (491, 14, 89, 2),
    (492, 20, 89, 3),
    (493, 10, 89, 5),
    (494, 16, 90, 4),
    (495, 20, 90, 2),
    (496, 10, 90, 2),
    (497, 5, 90, 1),
    (498, 18, 90, 1),
    (499, 3, 90, 2),
    (500, 3, 90, 4),
    (501, 19, 91, 1),
    (502, 18, 91, 1),
    (503, 1, 91, 2),
    (504, 19, 91, 2),
    (505, 6, 92, 1),
    (506, 17, 92, 4),
    (507, 19, 92, 4),
    (508, 8, 93, 1),
    (509, 14, 93, 5),
    (510, 17, 93, 3),
    (511, 16, 93, 4),
    (512, 15, 93, 2),
    (513, 9, 93, 1),
    (514, 20, 93, 5),
    (515, 4, 94, 1),
    (516, 10, 94, 4),
    (517, 3, 94, 5),
    (518, 15, 95, 1),
    (519, 19, 95, 5),
    (520, 2, 95, 2),
    (521, 3, 95, 4),
    (522, 19, 95, 3),
    (523, 7, 95, 1),
    (524, 20, 95, 1),
    (525, 10, 95, 3),
    (526, 11, 96, 4),
    (527, 16, 96, 1),
    (528, 19, 96, 2),
    (529, 20, 96, 4),
    (530, 7, 96, 4),
    (531, 19, 96, 4),
    (532, 19, 96, 5),
    (533, 20, 97, 2),
    (534, 2, 97, 3),
    (535, 10, 97, 2),
    (536, 14, 97, 4),
    (537, 19, 97, 2),
    (538, 16, 97, 5),
    (539, 8, 97, 2),
    (540, 7, 97, 5),
    (541, 20, 97, 1),
    (542, 14, 97, 5),
    (543, 11, 98, 2),
    (544, 10, 98, 1),
    (545, 17, 98, 1),
    (546, 3, 98, 4),
    (547, 6, 98, 5),
    (548, 19, 98, 2),
    (549, 13, 98, 5),
    (550, 4, 99, 1);

INSERT INTO
    move_offer (
        id,
        price,
        offered_date,
        move_request_id,
        driver_id,
        vehicle_id,
        status
    )
VALUES (
        1,
        1962,
        '2026-01-06 23:46:52',
        1,
        57,
        42,
        'OFFER_AVAILABLE'
    ),
    (
        2,
        1369,
        '2026-01-01 23:39:36',
        1,
        62,
        44,
        'OFFER_AVAILABLE'
    ),
    (
        3,
        268,
        '2026-01-22 18:55:26',
        1,
        22,
        22,
        'PENDING'
    ),
    (
        4,
        834,
        '2026-01-20 03:26:24',
        1,
        1,
        1,
        'CREATED'
    ),
    (
        5,
        446,
        '2026-01-12 08:00:20',
        1,
        70,
        54,
        'OFFER_SENT'
    ),
    (
        6,
        233,
        '2026-01-16 08:05:56',
        2,
        27,
        23,
        'OFFER_AVAILABLE'
    ),
    (
        7,
        89,
        '2026-01-11 14:05:12',
        2,
        5,
        3,
        'CREATED'
    ),
    (
        8,
        1367,
        '2026-01-07 04:23:07',
        2,
        79,
        56,
        'CREATED'
    ),
    (
        9,
        148,
        '2026-01-15 13:26:13',
        3,
        41,
        30,
        'OFFER_SENT'
    ),
    (
        10,
        3025,
        '2026-01-08 09:19:02',
        4,
        63,
        48,
        'OFFER_SENT'
    ),
    (
        11,
        641,
        '2026-01-23 01:18:49',
        5,
        69,
        52,
        'CREATED'
    ),
    (
        12,
        1538,
        '2026-01-24 19:39:20',
        5,
        65,
        50,
        'OFFER_AVAILABLE'
    ),
    (
        13,
        53,
        '2026-01-23 10:33:27',
        5,
        62,
        46,
        'PENDING'
    ),
    (
        14,
        1556,
        '2026-01-17 08:48:36',
        6,
        41,
        30,
        'OFFER_AVAILABLE'
    ),
    (
        15,
        335,
        '2026-01-14 18:15:23',
        6,
        69,
        52,
        'OFFER_AVAILABLE'
    ),
    (
        16,
        2868,
        '2026-01-26 23:32:11',
        7,
        65,
        51,
        'OFFER_AVAILABLE'
    ),
    (
        17,
        2771,
        '2026-01-16 21:02:39',
        7,
        4,
        2,
        'CREATED'
    ),
    (
        18,
        473,
        '2026-01-05 20:30:13',
        7,
        4,
        2,
        'OFFER_AVAILABLE'
    ),
    (
        19,
        2639,
        '2026-01-05 01:22:11',
        7,
        43,
        36,
        'PENDING'
    ),
    (
        20,
        1073,
        '2026-01-04 21:00:39',
        7,
        63,
        48,
        'OFFER_SENT'
    ),
    (
        21,
        696,
        '2026-01-18 07:41:46',
        8,
        43,
        35,
        'OFFER_AVAILABLE'
    ),
    (
        22,
        2314,
        '2026-01-01 15:46:52',
        8,
        16,
        13,
        'PENDING'
    ),
    (
        23,
        839,
        '2026-01-15 04:48:04',
        8,
        1,
        1,
        'OFFER_SENT'
    ),
    (
        24,
        282,
        '2026-01-24 07:52:20',
        8,
        19,
        18,
        'CREATED'
    ),
    (
        25,
        2240,
        '2026-01-04 10:00:00',
        8,
        16,
        13,
        'PENDING'
    ),
    (
        26,
        1616,
        '2026-01-10 14:30:48',
        9,
        77,
        55,
        'CREATED'
    ),
    (
        27,
        87,
        '2026-01-20 11:38:32',
        9,
        6,
        4,
        'OFFER_AVAILABLE'
    ),
    (
        28,
        1412,
        '2026-01-08 07:49:31',
        9,
        22,
        20,
        'CREATED'
    ),
    (
        29,
        818,
        '2026-01-15 11:18:43',
        9,
        57,
        42,
        'OFFER_AVAILABLE'
    ),
    (
        30,
        656,
        '2026-01-24 22:41:18',
        9,
        27,
        23,
        'CREATED'
    ),
    (
        31,
        2934,
        '2026-01-02 08:58:24',
        10,
        19,
        18,
        'CREATED'
    ),
    (
        32,
        1943,
        '2026-01-15 10:05:35',
        10,
        62,
        45,
        'PENDING'
    ),
    (
        33,
        455,
        '2026-01-11 20:06:19',
        11,
        63,
        47,
        'OFFER_AVAILABLE'
    ),
    (
        34,
        110,
        '2026-01-17 16:19:14',
        11,
        77,
        55,
        'PENDING'
    ),
    (
        35,
        219,
        '2026-01-16 18:31:05',
        11,
        77,
        55,
        'PENDING'
    ),
    (
        36,
        684,
        '2026-01-24 19:51:30',
        11,
        19,
        19,
        'OFFER_SENT'
    ),
    (
        37,
        108,
        '2026-01-23 10:03:34',
        12,
        16,
        14,
        'PENDING'
    ),
    (
        38,
        87,
        '2026-01-13 16:02:32',
        12,
        65,
        50,
        'PENDING'
    ),
    (
        39,
        79,
        '2026-01-21 17:09:37',
        12,
        12,
        9,
        'PENDING'
    ),
    (
        40,
        179,
        '2026-01-05 09:32:11',
        12,
        6,
        4,
        'PENDING'
    ),
    (
        41,
        3573,
        '2026-01-25 20:04:08',
        13,
        4,
        2,
        'CREATED'
    ),
    (
        42,
        4314,
        '2026-01-16 16:00:13',
        13,
        36,
        27,
        'OFFER_AVAILABLE'
    ),
    (
        43,
        2156,
        '2026-01-11 23:38:58',
        13,
        27,
        23,
        'OFFER_SENT'
    ),
    (
        44,
        3681,
        '2026-01-01 13:57:22',
        13,
        16,
        12,
        'CREATED'
    ),
    (
        45,
        2066,
        '2026-01-07 10:37:48',
        13,
        63,
        47,
        'OFFER_AVAILABLE'
    ),
    (
        46,
        1513,
        '2026-01-06 16:50:47',
        14,
        32,
        24,
        'OFFER_SENT'
    ),
    (
        47,
        671,
        '2026-01-12 16:27:38',
        14,
        32,
        25,
        'OFFER_AVAILABLE'
    ),
    (
        48,
        1458,
        '2026-01-06 21:27:51',
        14,
        32,
        24,
        'OFFER_AVAILABLE'
    ),
    (
        49,
        645,
        '2026-01-21 10:20:44',
        14,
        1,
        1,
        'OFFER_SENT'
    ),
    (
        50,
        894,
        '2026-01-20 21:48:07',
        14,
        1,
        1,
        'OFFER_SENT'
    ),
    (
        51,
        679,
        '2026-01-27 07:41:21',
        15,
        65,
        49,
        'PENDING'
    ),
    (
        52,
        918,
        '2026-01-11 18:58:27',
        15,
        17,
        17,
        'PENDING'
    ),
    (
        53,
        460,
        '2026-01-05 04:58:28',
        15,
        36,
        28,
        'PENDING'
    ),
    (
        54,
        294,
        '2026-01-08 12:41:57',
        15,
        77,
        55,
        'OFFER_SENT'
    ),
    (
        55,
        2255,
        '2026-01-07 03:39:56',
        16,
        48,
        38,
        'OFFER_SENT'
    ),
    (
        56,
        3191,
        '2026-01-01 10:59:40',
        16,
        79,
        56,
        'CREATED'
    ),
    (
        57,
        1546,
        '2026-01-21 13:46:58',
        17,
        48,
        38,
        'OFFER_AVAILABLE'
    ),
    (
        58,
        1667,
        '2026-01-08 14:02:05',
        17,
        9,
        7,
        'OFFER_AVAILABLE'
    ),
    (
        59,
        2736,
        '2026-01-26 23:34:39',
        18,
        12,
        9,
        'OFFER_AVAILABLE'
    ),
    (
        60,
        307,
        '2026-01-03 12:55:57',
        19,
        48,
        37,
        'CREATED'
    ),
    (
        61,
        2969,
        '2026-01-18 14:38:02',
        20,
        60,
        43,
        'PENDING'
    ),
    (
        62,
        358,
        '2026-01-10 22:46:38',
        20,
        77,
        55,
        'OFFER_AVAILABLE'
    ),
    (
        63,
        311,
        '2026-01-15 10:06:10',
        21,
        27,
        23,
        'OFFER_AVAILABLE'
    ),
    (
        64,
        311,
        '2026-01-22 06:05:16',
        21,
        14,
        11,
        'PENDING'
    ),
    (
        65,
        106,
        '2026-01-18 10:27:30',
        21,
        65,
        51,
        'OFFER_AVAILABLE'
    ),
    (
        66,
        166,
        '2026-01-17 10:26:12',
        21,
        4,
        2,
        'CREATED'
    ),
    (
        67,
        314,
        '2026-01-25 12:47:41',
        21,
        1,
        1,
        'OFFER_SENT'
    ),
    (
        68,
        505,
        '2026-01-20 19:02:21',
        22,
        36,
        29,
        'OFFER_SENT'
    ),
    (
        69,
        1442,
        '2026-01-18 07:07:57',
        22,
        63,
        48,
        'CREATED'
    ),
    (
        70,
        1116,
        '2026-01-10 21:55:55',
        22,
        14,
        11,
        'PENDING'
    ),
    (
        71,
        2126,
        '2026-01-10 04:31:42',
        22,
        4,
        2,
        'PENDING'
    ),
    (
        72,
        650,
        '2026-01-13 04:38:32',
        23,
        14,
        11,
        'PENDING'
    ),
    (
        73,
        1181,
        '2026-01-12 08:31:51',
        23,
        63,
        47,
        'CREATED'
    ),
    (
        74,
        1099,
        '2026-01-14 20:49:20',
        23,
        69,
        52,
        'OFFER_AVAILABLE'
    ),
    (
        75,
        574,
        '2026-01-04 19:55:02',
        24,
        22,
        20,
        'OFFER_AVAILABLE'
    ),
    (
        76,
        2178,
        '2026-01-16 08:53:48',
        25,
        6,
        5,
        'OFFER_SENT'
    ),
    (
        77,
        3193,
        '2026-01-03 20:12:38',
        25,
        4,
        2,
        'OFFER_SENT'
    ),
    (
        78,
        1772,
        '2026-01-06 02:18:32',
        26,
        9,
        7,
        'PENDING'
    ),
    (
        79,
        1764,
        '2026-01-01 19:05:19',
        27,
        36,
        27,
        'CREATED'
    ),
    (
        80,
        1523,
        '2026-01-01 17:25:37',
        27,
        5,
        3,
        'PENDING'
    ),
    (
        81,
        3650,
        '2026-01-18 01:03:48',
        27,
        32,
        24,
        'CREATED'
    ),
    (
        82,
        1678,
        '2026-01-06 02:24:31',
        27,
        56,
        39,
        'OFFER_SENT'
    ),
    (
        83,
        2754,
        '2026-01-21 05:28:14',
        28,
        16,
        13,
        'CREATED'
    ),
    (
        84,
        569,
        '2026-01-05 22:24:55',
        28,
        57,
        42,
        'OFFER_AVAILABLE'
    ),
    (
        85,
        1379,
        '2026-01-16 13:34:44',
        28,
        4,
        2,
        'OFFER_AVAILABLE'
    ),
    (
        86,
        1669,
        '2026-01-06 03:23:13',
        29,
        65,
        49,
        'OFFER_AVAILABLE'
    ),
    (
        87,
        1011,
        '2026-01-04 11:05:43',
        29,
        41,
        30,
        'PENDING'
    ),
    (
        88,
        232,
        '2026-01-23 16:39:50',
        29,
        69,
        52,
        'CREATED'
    ),
    (
        89,
        3244,
        '2026-01-15 15:52:12',
        30,
        4,
        2,
        'OFFER_AVAILABLE'
    ),
    (
        90,
        942,
        '2026-01-28 02:44:40',
        31,
        36,
        29,
        'OFFER_SENT'
    ),
    (
        91,
        1306,
        '2026-01-11 07:30:38',
        31,
        17,
        15,
        'CREATED'
    ),
    (
        92,
        460,
        '2026-01-22 10:05:14',
        32,
        70,
        54,
        'OFFER_SENT'
    ),
    (
        93,
        2551,
        '2026-01-12 22:37:57',
        32,
        36,
        28,
        'CREATED'
    ),
    (
        94,
        717,
        '2026-01-13 16:18:28',
        32,
        60,
        43,
        'PENDING'
    ),
    (
        95,
        1184,
        '2026-01-09 03:18:27',
        32,
        27,
        23,
        'OFFER_AVAILABLE'
    ),
    (
        96,
        1270,
        '2026-01-04 02:38:39',
        32,
        42,
        33,
        'CREATED'
    ),
    (
        97,
        290,
        '2026-01-28 02:57:59',
        33,
        57,
        40,
        'OFFER_SENT'
    ),
    (
        98,
        406,
        '2026-01-21 15:47:04',
        33,
        70,
        54,
        'CREATED'
    ),
    (
        99,
        1064,
        '2026-01-16 02:46:24',
        33,
        60,
        43,
        'OFFER_AVAILABLE'
    ),
    (
        100,
        60,
        '2026-01-10 15:06:58',
        33,
        19,
        19,
        'CREATED'
    ),
    (
        101,
        529,
        '2026-01-17 03:14:55',
        33,
        77,
        55,
        'CREATED'
    ),
    (
        102,
        101,
        '2026-01-02 20:48:16',
        34,
        32,
        24,
        'CREATED'
    ),
    (
        103,
        1529,
        '2026-01-12 15:36:54',
        35,
        12,
        10,
        'PENDING'
    ),
    (
        104,
        790,
        '2026-01-20 11:21:48',
        35,
        60,
        43,
        'OFFER_SENT'
    ),
    (
        105,
        1121,
        '2026-01-28 08:25:32',
        35,
        17,
        15,
        'OFFER_SENT'
    ),
    (
        106,
        4642,
        '2026-01-12 09:07:00',
        36,
        63,
        48,
        'OFFER_SENT'
    ),
    (
        107,
        2498,
        '2026-01-16 21:31:58',
        36,
        41,
        32,
        'PENDING'
    ),
    (
        108,
        4488,
        '2026-01-12 00:52:33',
        36,
        16,
        14,
        'OFFER_SENT'
    ),
    (
        109,
        1849,
        '2026-01-17 09:46:38',
        36,
        77,
        55,
        'PENDING'
    ),
    (
        110,
        891,
        '2026-01-26 19:44:06',
        37,
        70,
        53,
        'OFFER_SENT'
    ),
    (
        111,
        1985,
        '2026-01-18 19:12:49',
        37,
        57,
        42,
        'CREATED'
    ),
    (
        112,
        2682,
        '2026-01-11 07:33:19',
        37,
        62,
        46,
        'OFFER_SENT'
    ),
    (
        113,
        2747,
        '2026-01-06 18:41:39',
        38,
        1,
        1,
        'OFFER_SENT'
    ),
    (
        114,
        359,
        '2026-01-23 17:37:53',
        38,
        14,
        11,
        'OFFER_SENT'
    ),
    (
        115,
        3227,
        '2026-01-07 06:50:29',
        38,
        27,
        23,
        'OFFER_SENT'
    ),
    (
        116,
        218,
        '2026-01-21 17:16:50',
        38,
        48,
        38,
        'OFFER_SENT'
    ),
    (
        117,
        3202,
        '2026-01-06 20:44:58',
        38,
        14,
        11,
        'PENDING'
    ),
    (
        118,
        322,
        '2026-01-05 22:27:00',
        39,
        36,
        28,
        'PENDING'
    ),
    (
        119,
        65,
        '2026-01-18 14:00:32',
        39,
        57,
        42,
        'CREATED'
    ),
    (
        120,
        188,
        '2026-01-10 13:52:32',
        39,
        12,
        9,
        'OFFER_AVAILABLE'
    ),
    (
        121,
        342,
        '2026-01-25 01:16:18',
        39,
        48,
        38,
        'PENDING'
    ),
    (
        122,
        926,
        '2026-01-14 23:43:45',
        40,
        27,
        23,
        'OFFER_SENT'
    ),
    (
        123,
        432,
        '2026-01-15 23:36:54',
        40,
        4,
        2,
        'PENDING'
    ),
    (
        124,
        1338,
        '2026-01-15 20:59:17',
        40,
        65,
        50,
        'CREATED'
    ),
    (
        125,
        140,
        '2026-01-17 17:36:11',
        40,
        1,
        1,
        'OFFER_SENT'
    ),
    (
        126,
        292,
        '2026-01-12 16:35:10',
        41,
        41,
        31,
        'CREATED'
    ),
    (
        127,
        1289,
        '2026-01-26 17:38:39',
        41,
        19,
        19,
        'PENDING'
    ),
    (
        128,
        52,
        '2026-01-01 01:12:43',
        42,
        27,
        23,
        'OFFER_SENT'
    ),
    (
        129,
        118,
        '2026-01-15 05:23:24',
        42,
        6,
        5,
        'OFFER_AVAILABLE'
    ),
    (
        130,
        69,
        '2026-01-10 20:54:52',
        42,
        70,
        53,
        'PENDING'
    ),
    (
        131,
        109,
        '2026-01-17 11:08:11',
        42,
        62,
        46,
        'PENDING'
    ),
    (
        132,
        282,
        '2026-01-09 00:05:09',
        43,
        5,
        3,
        'OFFER_AVAILABLE'
    ),
    (
        133,
        188,
        '2026-01-11 15:54:00',
        43,
        32,
        26,
        'CREATED'
    ),
    (
        134,
        743,
        '2026-01-27 19:09:49',
        44,
        14,
        11,
        'OFFER_SENT'
    ),
    (
        135,
        3169,
        '2026-01-20 00:59:34',
        44,
        77,
        55,
        'OFFER_SENT'
    ),
    (
        136,
        405,
        '2026-01-11 04:34:36',
        44,
        48,
        38,
        'OFFER_AVAILABLE'
    ),
    (
        137,
        2766,
        '2026-01-23 20:06:02',
        44,
        60,
        43,
        'OFFER_SENT'
    ),
    (
        138,
        212,
        '2026-01-12 23:46:02',
        45,
        9,
        7,
        'PENDING'
    ),
    (
        139,
        108,
        '2026-01-24 00:35:23',
        45,
        60,
        43,
        'CREATED'
    ),
    (
        140,
        621,
        '2026-01-07 02:44:20',
        45,
        9,
        6,
        'PENDING'
    ),
    (
        141,
        131,
        '2026-01-18 15:28:00',
        45,
        65,
        50,
        'PENDING'
    ),
    (
        142,
        750,
        '2026-01-20 22:10:47',
        45,
        79,
        56,
        'OFFER_AVAILABLE'
    ),
    (
        143,
        1487,
        '2026-01-23 19:57:33',
        46,
        1,
        1,
        'OFFER_AVAILABLE'
    ),
    (
        144,
        576,
        '2026-01-05 23:11:17',
        47,
        5,
        3,
        'PENDING'
    ),
    (
        145,
        491,
        '2026-01-08 05:24:59',
        48,
        43,
        36,
        'OFFER_SENT'
    ),
    (
        146,
        1293,
        '2026-01-06 17:29:35',
        48,
        19,
        18,
        'PENDING'
    ),
    (
        147,
        829,
        '2026-01-03 12:21:37',
        49,
        77,
        55,
        'OFFER_AVAILABLE'
    ),
    (
        148,
        1641,
        '2026-01-25 15:55:51',
        49,
        69,
        52,
        'OFFER_AVAILABLE'
    ),
    (
        149,
        1517,
        '2026-01-12 09:15:13',
        50,
        19,
        18,
        'CREATED'
    ),
    (
        150,
        547,
        '2026-01-26 16:43:42',
        50,
        22,
        22,
        'CREATED'
    ),
    (
        151,
        1933,
        '2026-01-09 09:36:01',
        50,
        57,
        42,
        'PENDING'
    ),
    (
        152,
        1370,
        '2026-01-24 18:13:59',
        50,
        9,
        7,
        'OFFER_SENT'
    ),
    (
        153,
        293,
        '2026-01-06 05:13:14',
        50,
        19,
        19,
        'OFFER_SENT'
    ),
    (
        154,
        1484,
        '2026-01-07 12:00:12',
        51,
        60,
        43,
        'OFFER_SENT'
    ),
    (
        155,
        1532,
        '2026-01-05 15:34:00',
        51,
        41,
        30,
        'CREATED'
    ),
    (
        156,
        580,
        '2026-01-13 19:47:40',
        52,
        9,
        7,
        'PENDING'
    ),
    (
        157,
        1205,
        '2026-01-04 14:50:59',
        52,
        5,
        3,
        'CREATED'
    ),
    (
        158,
        774,
        '2026-01-08 21:12:50',
        52,
        62,
        44,
        'OFFER_SENT'
    ),
    (
        159,
        1486,
        '2026-01-15 22:01:26',
        52,
        19,
        19,
        'CREATED'
    ),
    (
        160,
        3959,
        '2026-01-25 09:56:15',
        52,
        43,
        35,
        'PENDING'
    ),
    (
        161,
        427,
        '2026-01-03 11:30:46',
        53,
        19,
        19,
        'OFFER_SENT'
    ),
    (
        162,
        262,
        '2026-01-28 06:13:22',
        53,
        1,
        1,
        'PENDING'
    ),
    (
        163,
        492,
        '2026-01-27 13:35:52',
        53,
        12,
        10,
        'OFFER_SENT'
    ),
    (
        164,
        3942,
        '2026-01-15 10:58:21',
        54,
        62,
        45,
        'OFFER_SENT'
    ),
    (
        165,
        4412,
        '2026-01-15 13:11:45',
        54,
        16,
        14,
        'OFFER_AVAILABLE'
    ),
    (
        166,
        606,
        '2026-01-24 15:32:16',
        55,
        77,
        55,
        'CREATED'
    ),
    (
        167,
        541,
        '2026-01-14 19:12:20',
        55,
        69,
        52,
        'PENDING'
    ),
    (
        168,
        2369,
        '2026-01-18 09:54:28',
        55,
        43,
        36,
        'OFFER_AVAILABLE'
    ),
    (
        169,
        1496,
        '2026-01-19 08:56:52',
        56,
        77,
        55,
        'OFFER_SENT'
    ),
    (
        170,
        197,
        '2026-01-05 06:31:59',
        56,
        63,
        47,
        'PENDING'
    ),
    (
        171,
        193,
        '2026-01-09 06:12:18',
        56,
        48,
        38,
        'OFFER_SENT'
    ),
    (
        172,
        606,
        '2026-01-23 04:49:35',
        56,
        79,
        56,
        'PENDING'
    ),
    (
        173,
        2094,
        '2026-01-06 23:30:01',
        57,
        69,
        52,
        'OFFER_AVAILABLE'
    ),
    (
        174,
        2035,
        '2026-01-24 06:08:43',
        57,
        9,
        6,
        'OFFER_SENT'
    ),
    (
        175,
        302,
        '2026-01-24 03:33:04',
        57,
        79,
        56,
        'OFFER_SENT'
    ),
    (
        176,
        1031,
        '2026-01-07 20:00:08',
        58,
        6,
        4,
        'PENDING'
    ),
    (
        177,
        893,
        '2026-01-02 03:53:03',
        59,
        56,
        39,
        'PENDING'
    ),
    (
        178,
        1013,
        '2026-01-18 00:10:39',
        59,
        56,
        39,
        'OFFER_SENT'
    ),
    (
        179,
        672,
        '2026-01-03 03:52:20',
        59,
        69,
        52,
        'OFFER_SENT'
    ),
    (
        180,
        777,
        '2026-01-19 05:00:01',
        60,
        57,
        42,
        'OFFER_AVAILABLE'
    ),
    (
        181,
        1273,
        '2026-01-21 04:44:37',
        60,
        57,
        42,
        'PENDING'
    ),
    (
        182,
        1270,
        '2026-01-27 13:25:53',
        61,
        57,
        41,
        'CREATED'
    ),
    (
        183,
        1787,
        '2026-01-10 09:05:51',
        61,
        48,
        37,
        'CREATED'
    ),
    (
        184,
        285,
        '2026-01-27 20:02:10',
        62,
        70,
        54,
        'OFFER_AVAILABLE'
    ),
    (
        185,
        1426,
        '2026-01-06 10:24:33',
        63,
        56,
        39,
        'PENDING'
    ),
    (
        186,
        895,
        '2026-01-01 07:01:09',
        63,
        32,
        24,
        'CREATED'
    ),
    (
        187,
        1175,
        '2026-01-20 00:26:09',
        64,
        19,
        19,
        'CREATED'
    ),
    (
        188,
        3368,
        '2026-01-25 17:16:53',
        64,
        5,
        3,
        'PENDING'
    ),
    (
        189,
        2892,
        '2026-01-08 13:09:24',
        64,
        4,
        2,
        'OFFER_SENT'
    ),
    (
        190,
        1398,
        '2026-01-12 17:20:56',
        65,
        57,
        42,
        'CREATED'
    ),
    (
        191,
        146,
        '2026-01-16 11:44:22',
        65,
        77,
        55,
        'CREATED'
    ),
    (
        192,
        2296,
        '2026-01-07 08:36:04',
        65,
        27,
        23,
        'CREATED'
    ),
    (
        193,
        3050,
        '2026-01-01 15:31:23',
        65,
        65,
        50,
        'CREATED'
    ),
    (
        194,
        988,
        '2026-01-02 14:30:36',
        66,
        41,
        32,
        'OFFER_SENT'
    ),
    (
        195,
        721,
        '2026-01-08 19:39:57',
        66,
        69,
        52,
        'CREATED'
    ),
    (
        196,
        1130,
        '2026-01-06 12:35:12',
        67,
        19,
        18,
        'OFFER_SENT'
    ),
    (
        197,
        2684,
        '2026-01-16 21:29:54',
        67,
        63,
        48,
        'CREATED'
    ),
    (
        198,
        574,
        '2026-01-16 15:24:41',
        68,
        62,
        44,
        'OFFER_SENT'
    ),
    (
        199,
        657,
        '2026-01-02 23:15:32',
        68,
        12,
        10,
        'CREATED'
    ),
    (
        200,
        1678,
        '2026-01-20 23:20:03',
        68,
        56,
        39,
        'CREATED'
    ),
    (
        201,
        2785,
        '2026-01-14 00:47:08',
        69,
        22,
        22,
        'OFFER_AVAILABLE'
    ),
    (
        202,
        265,
        '2026-01-08 02:53:59',
        70,
        27,
        23,
        'OFFER_AVAILABLE'
    ),
    (
        203,
        637,
        '2026-01-26 14:39:23',
        70,
        56,
        39,
        'OFFER_AVAILABLE'
    ),
    (
        204,
        1264,
        '2026-01-24 02:27:41',
        70,
        19,
        19,
        'PENDING'
    ),
    (
        205,
        1029,
        '2026-01-26 15:57:24',
        70,
        79,
        56,
        'CREATED'
    ),
    (
        206,
        526,
        '2026-01-22 16:46:16',
        70,
        12,
        9,
        'OFFER_AVAILABLE'
    ),
    (
        207,
        563,
        '2026-01-09 12:02:29',
        71,
        41,
        31,
        'OFFER_SENT'
    ),
    (
        208,
        1350,
        '2026-01-26 02:26:24',
        71,
        32,
        24,
        'PENDING'
    ),
    (
        209,
        906,
        '2026-01-22 21:05:01',
        71,
        5,
        3,
        'CREATED'
    ),
    (
        210,
        164,
        '2026-01-06 16:07:17',
        72,
        6,
        4,
        'PENDING'
    ),
    (
        211,
        874,
        '2026-01-26 10:26:10',
        72,
        69,
        52,
        'PENDING'
    ),
    (
        212,
        621,
        '2026-01-14 01:47:31',
        72,
        1,
        1,
        'PENDING'
    ),
    (
        213,
        2138,
        '2026-01-02 05:57:14',
        73,
        79,
        56,
        'OFFER_SENT'
    ),
    (
        214,
        2446,
        '2026-01-18 11:12:58',
        73,
        17,
        17,
        'OFFER_SENT'
    ),
    (
        215,
        1677,
        '2026-01-15 02:40:15',
        73,
        14,
        11,
        'PENDING'
    ),
    (
        216,
        3398,
        '2026-01-15 17:18:43',
        74,
        19,
        18,
        'OFFER_SENT'
    ),
    (
        217,
        50,
        '2026-01-22 19:58:29',
        74,
        16,
        13,
        'OFFER_AVAILABLE'
    ),
    (
        218,
        749,
        '2026-01-17 16:29:28',
        75,
        41,
        31,
        'OFFER_SENT'
    ),
    (
        219,
        544,
        '2026-01-26 06:02:03',
        76,
        65,
        50,
        'OFFER_AVAILABLE'
    ),
    (
        220,
        1861,
        '2026-01-25 15:42:18',
        76,
        1,
        1,
        'OFFER_SENT'
    ),
    (
        221,
        3058,
        '2026-01-01 22:10:42',
        76,
        60,
        43,
        'OFFER_AVAILABLE'
    ),
    (
        222,
        1141,
        '2026-01-01 08:22:36',
        77,
        57,
        40,
        'CREATED'
    ),
    (
        223,
        946,
        '2026-01-06 01:25:00',
        78,
        22,
        22,
        'CREATED'
    ),
    (
        224,
        2310,
        '2026-01-16 19:24:43',
        78,
        9,
        6,
        'OFFER_AVAILABLE'
    ),
    (
        225,
        3227,
        '2026-01-18 19:14:44',
        78,
        62,
        46,
        'OFFER_SENT'
    ),
    (
        226,
        3300,
        '2026-01-23 04:15:54',
        79,
        19,
        19,
        'PENDING'
    ),
    (
        227,
        1318,
        '2026-01-18 03:23:50',
        80,
        42,
        34,
        'PENDING'
    ),
    (
        228,
        777,
        '2026-01-20 07:57:29',
        80,
        42,
        34,
        'OFFER_SENT'
    ),
    (
        229,
        855,
        '2026-01-18 08:24:50',
        80,
        41,
        31,
        'OFFER_AVAILABLE'
    ),
    (
        230,
        857,
        '2026-01-14 23:01:30',
        81,
        69,
        52,
        'PENDING'
    ),
    (
        231,
        1374,
        '2026-01-15 04:03:38',
        81,
        48,
        38,
        'OFFER_AVAILABLE'
    ),
    (
        232,
        609,
        '2026-01-22 16:32:28',
        81,
        9,
        7,
        'OFFER_SENT'
    ),
    (
        233,
        704,
        '2026-01-03 16:39:49',
        81,
        79,
        56,
        'CREATED'
    ),
    (
        234,
        268,
        '2026-01-14 15:20:56',
        82,
        27,
        23,
        'PENDING'
    ),
    (
        235,
        1449,
        '2026-01-15 05:45:27',
        83,
        5,
        3,
        'PENDING'
    ),
    (
        236,
        1437,
        '2026-01-06 07:04:35',
        83,
        70,
        54,
        'OFFER_SENT'
    ),
    (
        237,
        1024,
        '2026-01-11 20:01:05',
        83,
        63,
        47,
        'PENDING'
    ),
    (
        238,
        733,
        '2026-01-24 01:18:24',
        83,
        17,
        15,
        'OFFER_SENT'
    ),
    (
        239,
        661,
        '2026-01-26 11:45:07',
        83,
        22,
        21,
        'PENDING'
    ),
    (
        240,
        91,
        '2026-01-09 18:11:53',
        84,
        27,
        23,
        'OFFER_SENT'
    ),
    (
        241,
        732,
        '2026-01-12 10:02:04',
        84,
        70,
        53,
        'OFFER_AVAILABLE'
    ),
    (
        242,
        572,
        '2026-01-13 09:02:07',
        84,
        41,
        30,
        'OFFER_AVAILABLE'
    ),
    (
        243,
        327,
        '2026-01-21 12:34:18',
        84,
        65,
        51,
        'CREATED'
    ),
    (
        244,
        564,
        '2026-01-10 10:53:30',
        85,
        5,
        3,
        'OFFER_SENT'
    ),
    (
        245,
        578,
        '2026-01-05 19:57:58',
        85,
        56,
        39,
        'OFFER_SENT'
    ),
    (
        246,
        673,
        '2026-01-21 02:39:42',
        85,
        27,
        23,
        'CREATED'
    ),
    (
        247,
        180,
        '2026-01-09 23:45:54',
        85,
        22,
        22,
        'OFFER_AVAILABLE'
    ),
    (
        248,
        2074,
        '2026-01-04 11:42:35',
        86,
        14,
        11,
        'OFFER_SENT'
    ),
    (
        249,
        1978,
        '2026-01-04 09:50:07',
        86,
        22,
        22,
        'OFFER_SENT'
    ),
    (
        250,
        489,
        '2026-01-08 07:06:51',
        86,
        14,
        11,
        'OFFER_AVAILABLE'
    ),
    (
        251,
        2485,
        '2026-01-15 14:47:07',
        87,
        9,
        6,
        'PENDING'
    ),
    (
        252,
        1483,
        '2026-01-16 06:51:48',
        87,
        48,
        38,
        'CREATED'
    ),
    (
        253,
        566,
        '2026-01-22 07:35:13',
        87,
        14,
        11,
        'OFFER_AVAILABLE'
    ),
    (
        254,
        2419,
        '2026-01-24 00:21:33',
        87,
        1,
        1,
        'OFFER_AVAILABLE'
    ),
    (
        255,
        250,
        '2026-01-12 06:17:26',
        88,
        48,
        37,
        'PENDING'
    ),
    (
        256,
        310,
        '2026-01-10 21:50:58',
        88,
        12,
        10,
        'PENDING'
    ),
    (
        257,
        216,
        '2026-01-27 21:47:11',
        88,
        9,
        7,
        'OFFER_AVAILABLE'
    ),
    (
        258,
        181,
        '2026-01-25 20:21:26',
        88,
        36,
        28,
        'OFFER_AVAILABLE'
    ),
    (
        259,
        451,
        '2026-01-22 11:27:23',
        88,
        60,
        43,
        'OFFER_AVAILABLE'
    ),
    (
        260,
        1728,
        '2026-01-03 20:08:14',
        89,
        60,
        43,
        'CREATED'
    ),
    (
        261,
        820,
        '2026-01-16 04:43:14',
        90,
        14,
        11,
        'PENDING'
    ),
    (
        262,
        614,
        '2026-01-12 01:18:41',
        90,
        16,
        14,
        'OFFER_AVAILABLE'
    ),
    (
        263,
        392,
        '2026-01-12 08:01:43',
        90,
        14,
        11,
        'OFFER_AVAILABLE'
    ),
    (
        264,
        965,
        '2026-01-26 00:40:14',
        90,
        5,
        3,
        'OFFER_AVAILABLE'
    ),
    (
        265,
        98,
        '2026-01-13 10:25:45',
        90,
        6,
        4,
        'CREATED'
    ),
    (
        266,
        1290,
        '2026-01-22 17:35:39',
        91,
        27,
        23,
        'CREATED'
    ),
    (
        267,
        703,
        '2026-01-28 02:40:36',
        92,
        1,
        1,
        'OFFER_AVAILABLE'
    ),
    (
        268,
        514,
        '2026-01-24 08:11:25',
        93,
        14,
        11,
        'OFFER_SENT'
    ),
    (
        269,
        334,
        '2026-01-16 09:54:48',
        94,
        57,
        41,
        'CREATED'
    ),
    (
        270,
        1087,
        '2026-01-26 06:14:37',
        94,
        62,
        46,
        'OFFER_AVAILABLE'
    ),
    (
        271,
        380,
        '2026-01-25 04:07:22',
        94,
        16,
        14,
        'OFFER_SENT'
    ),
    (
        272,
        2766,
        '2026-01-09 18:09:32',
        95,
        57,
        41,
        'OFFER_AVAILABLE'
    ),
    (
        273,
        1092,
        '2026-01-14 04:45:22',
        95,
        41,
        31,
        'PENDING'
    ),
    (
        274,
        2667,
        '2026-01-24 19:58:12',
        95,
        57,
        42,
        'OFFER_AVAILABLE'
    ),
    (
        275,
        209,
        '2026-01-14 07:38:47',
        96,
        56,
        39,
        'OFFER_SENT'
    ),
    (
        276,
        122,
        '2026-01-20 07:00:20',
        96,
        1,
        1,
        'PENDING'
    ),
    (
        277,
        143,
        '2026-01-02 08:48:38',
        96,
        69,
        52,
        'CREATED'
    ),
    (
        278,
        64,
        '2026-01-13 19:54:08',
        96,
        77,
        55,
        'OFFER_SENT'
    ),
    (
        279,
        1017,
        '2026-01-25 03:03:43',
        97,
        43,
        35,
        'OFFER_AVAILABLE'
    ),
    (
        280,
        352,
        '2026-01-13 02:59:44',
        97,
        14,
        11,
        'OFFER_AVAILABLE'
    ),
    (
        281,
        1126,
        '2026-01-08 11:58:06',
        97,
        14,
        11,
        'OFFER_SENT'
    ),
    (
        282,
        681,
        '2026-01-06 15:03:09',
        98,
        48,
        37,
        'OFFER_SENT'
    ),
    (
        283,
        873,
        '2026-01-06 12:54:13',
        99,
        36,
        29,
        'PENDING'
    ),
    (
        284,
        2451,
        '2026-01-21 07:01:47',
        99,
        69,
        52,
        'OFFER_AVAILABLE'
    );

INSERT INTO
    move_trip (
        id,
        move_request_id,
        move_offer_id,
        status
    )
VALUES (1, 4, 10, 'COMPLETED'),
    (2, 5, 11, 'IS_IN_TRANSIT'),
    (3, 8, 22, 'IS_IN_TRANSIT'),
    (4, 8, 24, 'CONFIRMED'),
    (5, 9, 27, 'IS_IN_TRANSIT'),
    (6, 11, 36, 'COMPLETED'),
    (
        7,
        13,
        45,
        'PAYMENT_COMPLETED'
    ),
    (8, 14, 50, 'IS_IN_TRANSIT'),
    (9, 15, 51, 'CONFIRMED'),
    (
        10,
        15,
        53,
        'PAYMENT_COMPLETED'
    ),
    (11, 16, 56, 'COMPLETED'),
    (12, 19, 60, 'IS_IN_TRANSIT'),
    (13, 20, 61, 'IS_IN_TRANSIT'),
    (14, 21, 64, 'IS_IN_TRANSIT'),
    (
        15,
        21,
        65,
        'PAYMENT_COMPLETED'
    ),
    (16, 23, 72, 'COMPLETED'),
    (17, 23, 74, 'CONFIRMED'),
    (18, 24, 75, 'IS_IN_TRANSIT'),
    (19, 27, 79, 'CONFIRMED'),
    (
        20,
        28,
        83,
        'PAYMENT_COMPLETED'
    ),
    (
        21,
        31,
        91,
        'PAYMENT_COMPLETED'
    ),
    (22, 33, 98, 'IS_IN_TRANSIT'),
    (23, 35, 105, 'IS_IN_TRANSIT'),
    (24, 36, 109, 'COMPLETED'),
    (25, 38, 113, 'CONFIRMED'),
    (26, 38, 114, 'IS_IN_TRANSIT'),
    (27, 41, 127, 'COMPLETED'),
    (28, 42, 128, 'CONFIRMED'),
    (29, 44, 135, 'COMPLETED'),
    (
        30,
        44,
        136,
        'PAYMENT_COMPLETED'
    ),
    (31, 45, 139, 'IS_IN_TRANSIT'),
    (
        32,
        52,
        156,
        'PAYMENT_COMPLETED'
    ),
    (
        33,
        52,
        159,
        'PAYMENT_COMPLETED'
    ),
    (
        34,
        52,
        160,
        'PAYMENT_COMPLETED'
    ),
    (
        35,
        55,
        166,
        'PAYMENT_COMPLETED'
    ),
    (36, 55, 167, 'IS_IN_TRANSIT'),
    (37, 56, 169, 'COMPLETED'),
    (38, 56, 170, 'IS_IN_TRANSIT'),
    (39, 56, 172, 'IS_IN_TRANSIT'),
    (
        40,
        58,
        176,
        'PAYMENT_COMPLETED'
    ),
    (41, 59, 177, 'CONFIRMED'),
    (42, 60, 180, 'IS_IN_TRANSIT'),
    (43, 60, 181, 'CONFIRMED'),
    (44, 61, 182, 'IS_IN_TRANSIT'),
    (45, 64, 187, 'CONFIRMED'),
    (
        46,
        64,
        189,
        'PAYMENT_COMPLETED'
    ),
    (47, 65, 192, 'IS_IN_TRANSIT'),
    (48, 67, 196, 'COMPLETED'),
    (49, 67, 197, 'CONFIRMED'),
    (
        50,
        70,
        205,
        'PAYMENT_COMPLETED'
    ),
    (51, 71, 207, 'IS_IN_TRANSIT'),
    (52, 72, 210, 'COMPLETED'),
    (53, 72, 211, 'IS_IN_TRANSIT'),
    (54, 72, 212, 'CONFIRMED'),
    (55, 73, 213, 'IS_IN_TRANSIT'),
    (56, 74, 216, 'CONFIRMED'),
    (57, 80, 229, 'IS_IN_TRANSIT'),
    (58, 81, 230, 'COMPLETED'),
    (59, 81, 231, 'CONFIRMED'),
    (60, 81, 232, 'IS_IN_TRANSIT'),
    (61, 83, 236, 'IS_IN_TRANSIT'),
    (62, 83, 237, 'IS_IN_TRANSIT'),
    (63, 84, 242, 'IS_IN_TRANSIT'),
    (64, 85, 244, 'COMPLETED'),
    (
        65,
        85,
        245,
        'PAYMENT_COMPLETED'
    ),
    (66, 86, 248, 'IS_IN_TRANSIT'),
    (67, 87, 254, 'COMPLETED'),
    (68, 88, 256, 'CONFIRMED'),
    (69, 90, 262, 'IS_IN_TRANSIT'),
    (
        70,
        94,
        271,
        'PAYMENT_COMPLETED'
    ),
    (71, 95, 273, 'CONFIRMED'),
    (72, 96, 276, 'IS_IN_TRANSIT'),
    (
        73,
        97,
        280,
        'PAYMENT_COMPLETED'
    ),
    (74, 98, 282, 'CONFIRMED');