-- Seed data generated by seed_data.py

INSERT INTO vehicle_type (id, type, max_weight, capacity) VALUES
(1, 'SEDAN', 500.0, 4.0),
(2, 'SUV', 800.0, 6.0),
(3, 'HATCHBACKS', 400.0, 4.0),
(4, 'MINIVAN', 600.0, 7.0),
(5, 'VAN', 1000.0, 10.0),
(6, 'TRUCK', 2000.0, 2.0);

INSERT INTO luggage_type (id, type, name, volume, weight) VALUES
(1, 'SMALL', 'Small Box', 1.0, 5.0),
(2, 'MEDIUM', 'Medium Box', 2.0, 10.0),
(3, 'LARGE', 'Large Box', 5.0, 20.0),
(4, 'EXTRA_LARGE', 'Extra Large Box', 10.0, 50.0),
(5, 'EXTRA_EXTRA_LARGE', 'Extra Extra Large Box', 20.0, 100.0);

INSERT INTO address (id, line1, line2, city, state_or_province, country, postal_or_zip_code) VALUES
(1, '852 Roberts Summit Apt. 053', 'Apt. 459', 'Vaughnchester', 'Hawaii', 'USA', '22385'),
(2, '54342 Natasha Flat', NULL, 'West Victorburgh', 'Utah', 'USA', '68539'),
(3, '0708 Tucker Hill', 'Suite 488', 'Mullinsport', 'Wisconsin', 'USA', '87795'),
(4, '855 Zachary Points', 'Apt. 699', 'Port Christopherport', 'California', 'USA', '33489'),
(5, '188 Guzman Stravenue Suite 313', 'Suite 816', 'South Melissaland', 'Vermont', 'USA', '51703'),
(6, '223 Peters Junction Apt. 175', NULL, 'South Paul', 'Kansas', 'USA', '10490'),
(7, '466 Thompson Manor', 'Suite 690', 'New Allison', 'Michigan', 'USA', '28055'),
(8, '2139 Kirsten Corner Suite 558', NULL, 'Samanthafort', 'Delaware', 'USA', '97028'),
(9, '64508 Contreras Ridges Suite 036', NULL, 'Lake Danielmouth', 'Oklahoma', 'USA', '77794'),
(10, '0836 Krystal Way Apt. 763', 'Apt. 562', 'West Sean', 'Missouri', 'USA', '99501'),
(11, '7216 Elizabeth Passage Apt. 470', 'Apt. 393', 'South Tiffany', 'Minnesota', 'USA', '30258'),
(12, '307 Deanna Light Suite 826', 'Apt. 392', 'Donaldview', 'South Dakota', 'USA', '78645'),
(13, '30506 Shepard Plains', NULL, 'Woodfort', 'Mississippi', 'USA', '40872'),
(14, '709 Castro Overpass', NULL, 'Moralesbury', 'Alaska', 'USA', '82622'),
(15, '436 Benson Parks Apt. 431', NULL, 'Port Sarah', 'Colorado', 'USA', '10116'),
(16, '451 Harris Loaf', 'Apt. 745', 'Shannonburgh', 'New York', 'USA', '67407'),
(17, '90171 Davis Locks Apt. 042', 'Apt. 188', 'South Courtneybury', 'Michigan', 'USA', '48702'),
(18, '93409 William Locks', 'Apt. 983', 'North Paulshire', 'North Carolina', 'USA', '09114'),
(19, '18009 Mary Street Suite 390', NULL, 'Christinafurt', 'Florida', 'USA', '26041'),
(20, '1998 Laura Gateway', 'Apt. 345', 'New Ericville', 'Utah', 'USA', '90288'),
(21, '8640 Michele Viaduct Suite 496', 'Suite 191', 'Johnfort', 'Idaho', 'USA', '36355'),
(22, '076 Edward Lodge Apt. 550', NULL, 'Davidland', 'Iowa', 'USA', '80743'),
(23, '778 Phillips Junction', NULL, 'Hendersonview', 'Indiana', 'USA', '83326'),
(24, '42733 Brent Via Suite 094', NULL, 'Port Bridgetside', 'Florida', 'USA', '31604'),
(25, '610 Hernandez Village', NULL, 'Lauramouth', 'Colorado', 'USA', '53403'),
(26, '75574 Herrera Common', NULL, 'Frankport', 'North Dakota', 'USA', '45445'),
(27, '7994 Mcmillan Trail', 'Apt. 009', 'East Kevin', 'South Dakota', 'USA', '14810'),
(28, '415 Ramirez Vista Suite 458', 'Suite 190', 'Matthewtown', 'Oklahoma', 'USA', '23412'),
(29, '0898 Moran Glen Apt. 606', NULL, 'West Lisafort', 'Massachusetts', 'USA', '98242'),
(30, '028 Joseph Port Suite 298', 'Suite 250', 'Andersonborough', 'New Hampshire', 'USA', '58468'),
(31, '348 Hernandez Ford', 'Suite 486', 'West Allisonhaven', 'Florida', 'USA', '46898'),
(32, '63776 Patricia Village', 'Apt. 905', 'Davisstad', 'Virginia', 'USA', '49400'),
(33, '37824 Martin Forks Suite 937', 'Apt. 014', 'Carlosstad', 'New Hampshire', 'USA', '46780'),
(34, '01813 Benjamin Fords', 'Apt. 874', 'Martinberg', 'New York', 'USA', '62567'),
(35, '63439 Mcdowell Rapids Suite 174', 'Suite 329', 'Sotofurt', 'Texas', 'USA', '70641'),
(36, '8021 Gary Dale Suite 232', 'Apt. 309', 'Armstrongshire', 'Virginia', 'USA', '67735'),
(37, '763 Woodard Dam Suite 818', 'Apt. 932', 'Port Benjaminfurt', 'North Carolina', 'USA', '61694'),
(38, '439 Reid Field', NULL, 'North Davidton', 'Alabama', 'USA', '57400'),
(39, '0246 Martinez Lodge', NULL, 'Brownchester', 'Indiana', 'USA', '35214'),
(40, '71544 Carla Mountain Suite 316', NULL, 'North Danielbury', 'Ohio', 'USA', '92631'),
(41, '8750 Medina Spurs', NULL, 'North Joshuaview', 'Illinois', 'USA', '78113'),
(42, '15591 Jones Village Apt. 882', 'Apt. 563', 'Lopezport', 'Iowa', 'USA', '03916'),
(43, '52837 Sherry Estates', 'Suite 898', 'North Joshua', 'Maine', 'USA', '12611'),
(44, '0753 Miller Extensions Suite 507', NULL, 'Jamesmouth', 'Minnesota', 'USA', '08019'),
(45, '431 Stephanie Island Apt. 452', 'Apt. 672', 'New Andrew', 'Tennessee', 'USA', '64716'),
(46, '690 Fields Trail', 'Suite 493', 'Lake Bryan', 'Minnesota', 'USA', '21833'),
(47, '229 John Ferry Apt. 960', 'Suite 212', 'Maryfurt', 'New Mexico', 'USA', '45214'),
(48, '74852 Robbins Shoals Apt. 502', NULL, 'North Dillon', 'Kentucky', 'USA', '66008'),
(49, '19434 Adam Fords', NULL, 'West Heather', 'Tennessee', 'USA', '90380'),
(50, '74857 Lopez Neck Apt. 956', 'Apt. 420', 'Richardshire', 'Minnesota', 'USA', '46954'),
(51, '555 Meyer Stravenue Suite 129', NULL, 'Lake Evelynhaven', 'New Hampshire', 'USA', '22559'),
(52, '9289 Russell Burgs', NULL, 'Saundersfurt', 'Michigan', 'USA', '89728'),
(53, '04612 Williams Burgs Apt. 827', NULL, 'Robinfort', 'Wisconsin', 'USA', '86360'),
(54, '70851 Victoria Brooks Suite 117', NULL, 'Traviston', 'Kentucky', 'USA', '26353'),
(55, '08712 Brown Road', 'Apt. 226', 'Veronicastad', 'Iowa', 'USA', '29665'),
(56, '3997 Roy Inlet Apt. 980', NULL, 'Sheilaton', 'Washington', 'USA', '67912'),
(57, '63133 Miller Gateway', 'Apt. 644', 'Underwoodborough', 'Kansas', 'USA', '50896'),
(58, '5682 Simmons Tunnel Apt. 411', NULL, 'Ginaton', 'Ohio', 'USA', '33549'),
(59, '27007 Audrey Ramp', 'Apt. 730', 'Campbellview', 'Florida', 'USA', '99846'),
(60, '9307 Thompson Villages', NULL, 'East Sharon', 'California', 'USA', '47108'),
(61, '054 Jordan Vista Apt. 258', 'Suite 063', 'Davidmouth', 'California', 'USA', '11983'),
(62, '12217 Martin Bridge Suite 104', 'Suite 059', 'Christianberg', 'Oregon', 'USA', '40187'),
(63, '600 Christian Track', NULL, 'Danielside', 'California', 'USA', '79736'),
(64, '602 Jones Mews', NULL, 'Port Josephmouth', 'Kentucky', 'USA', '93887'),
(65, '92333 Stevens Circles', 'Suite 552', 'North Coreyfurt', 'Kansas', 'USA', '30694'),
(66, '4159 Kyle Mountains', 'Apt. 867', 'Collinsbury', 'Michigan', 'USA', '84578'),
(67, '656 Duane Valley', 'Apt. 591', 'Port Albertmouth', 'Hawaii', 'USA', '59199'),
(68, '879 Johnathan Burg Suite 780', NULL, 'Glennton', 'Mississippi', 'USA', '16182'),
(69, '400 Adam Mall', 'Apt. 252', 'Payneberg', 'Mississippi', 'USA', '93856'),
(70, '170 Walter Union Suite 477', 'Apt. 550', 'Lewisborough', 'Maryland', 'USA', '29251'),
(71, '267 William Streets Suite 316', NULL, 'West Walterport', 'Ohio', 'USA', '72504'),
(72, '5488 Campbell Avenue Apt. 392', NULL, 'Gregoryland', 'New Mexico', 'USA', '40151'),
(73, '09457 Kathleen Parks Suite 206', NULL, 'South Amberhaven', 'Wyoming', 'USA', '96368'),
(74, '5163 Maria Valleys', 'Suite 334', 'Linfort', 'North Dakota', 'USA', '62515'),
(75, '13518 Medina Trafficway Apt. 751', 'Apt. 854', 'Walkerfort', 'Oklahoma', 'USA', '81165'),
(76, '49652 Jose Pine', NULL, 'East Patrick', 'Minnesota', 'USA', '61062'),
(77, '87849 Leah Mall', 'Suite 474', 'New Rebecca', 'Texas', 'USA', '61951'),
(78, '67151 Price Mission', NULL, 'Blackstad', 'Georgia', 'USA', '79710'),
(79, '96003 Jackson Mill', NULL, 'New Derek', 'Texas', 'USA', '86438'),
(80, '0642 Patricia Parks Suite 073', 'Suite 142', 'East Joshuamouth', 'Alabama', 'USA', '24098'),
(81, '694 Daniel Squares Apt. 524', NULL, 'North Brent', 'Minnesota', 'USA', '90631'),
(82, '62231 Kevin Shoals Apt. 207', NULL, 'North Amybury', 'West Virginia', 'USA', '65843'),
(83, '12650 Larry Drives Suite 613', NULL, 'North Rachel', 'Wyoming', 'USA', '15128'),
(84, '8356 Marc Crossroad', NULL, 'Amystad', 'Alabama', 'USA', '98313'),
(85, '939 Davis Spur Suite 137', NULL, 'Littlechester', 'Arkansas', 'USA', '15757'),
(86, '3202 Angela Burgs Apt. 080', 'Suite 612', 'South Jessica', 'Georgia', 'USA', '37554'),
(87, '80822 Parker Shore Suite 183', 'Apt. 791', 'North Loritown', 'South Carolina', 'USA', '99589'),
(88, '025 Taylor Expressway', 'Apt. 868', 'Petersonborough', 'Wisconsin', 'USA', '91231'),
(89, '3794 Steven Burgs', 'Suite 203', 'Frankstad', 'Ohio', 'USA', '54702'),
(90, '8713 Cohen Fords Suite 168', NULL, 'New Benjamin', 'Kentucky', 'USA', '02003'),
(91, '4435 Steven Mill Suite 491', 'Suite 090', 'Lake Angela', 'Louisiana', 'USA', '53071'),
(92, '61166 Rowe Orchard', 'Apt. 235', 'Brandihaven', 'Maine', 'USA', '61628'),
(93, '3207 Debra Centers Suite 516', 'Apt. 699', 'Shirleyside', 'Florida', 'USA', '42290'),
(94, '3976 Knight Plain Apt. 312', NULL, 'Christopherton', 'California', 'USA', '04191'),
(95, '1398 Adams Garden', 'Suite 648', 'Chelseaberg', 'Tennessee', 'USA', '49980'),
(96, '090 Werner Point Apt. 389', 'Apt. 798', 'East Holly', 'Arizona', 'USA', '91302'),
(97, '880 Kathleen Harbors Apt. 862', 'Apt. 973', 'Lake Jeffreyton', 'Utah', 'USA', '25606'),
(98, '737 Graham View Suite 656', 'Apt. 089', 'Sandrastad', 'Louisiana', 'USA', '05162'),
(99, '2911 Diane Unions', NULL, 'Hopkinsberg', 'Vermont', 'USA', '87026'),
(100, '7135 John Crescent', 'Apt. 072', 'North Kevinberg', 'Wisconsin', 'USA', '04081'),
(101, '97037 Mitchell Fort', NULL, 'Port Michaelport', 'Maine', 'USA', '40215'),
(102, '05838 Nicholas Village Apt. 521', 'Suite 643', 'Dariuston', 'Kentucky', 'USA', '74711'),
(103, '938 Lisa Corner', NULL, 'Marshallfort', 'Missouri', 'USA', '44049'),
(104, '36432 Turner Mountains Apt. 690', NULL, 'Port George', 'Missouri', 'USA', '24345'),
(105, '26409 Lopez Lake Suite 640', 'Suite 236', 'Angelatown', 'Connecticut', 'USA', '67436'),
(106, '3001 Kenneth Mountains Suite 202', 'Suite 968', 'Patrickchester', 'Maine', 'USA', '48489'),
(107, '41608 Haney Ranch', 'Apt. 433', 'North Jessicamouth', 'Virginia', 'USA', '98472'),
(108, '222 Robert Port Suite 985', NULL, 'Wilsonport', 'Illinois', 'USA', '58407'),
(109, '44290 Robinson Forest Apt. 130', NULL, 'West Anthonyview', 'Delaware', 'USA', '84942'),
(110, '80739 Jeffery Road Suite 219', NULL, 'East Lindseyborough', 'Colorado', 'USA', '69256'),
(111, '882 Harris Camp Suite 441', 'Suite 045', 'Lake Todd', 'North Carolina', 'USA', '87697'),
(112, '14637 James Points', 'Apt. 534', 'Frederickhaven', 'Indiana', 'USA', '46117'),
(113, '09644 Lori Row', NULL, 'Mooreburgh', 'Maine', 'USA', '60084'),
(114, '131 Karen Loop', NULL, 'New Jonathan', 'Pennsylvania', 'USA', '09386'),
(115, '487 Martinez Cliff', 'Suite 787', 'Bradfordbury', 'Texas', 'USA', '67744'),
(116, '153 Watkins Heights Suite 770', 'Apt. 307', 'Port Mary', 'New Hampshire', 'USA', '84751'),
(117, '3491 Sweeney Shore', 'Suite 891', 'Schmidtville', 'New Jersey', 'USA', '13900'),
(118, '9422 White Underpass', NULL, 'New Joshua', 'Arizona', 'USA', '93013'),
(119, '08896 Williams Shoal', 'Apt. 322', 'New Terri', 'Oklahoma', 'USA', '84578'),
(120, '5923 Cain Lake Apt. 365', 'Suite 169', 'South Brandonport', 'Tennessee', 'USA', '80990'),
(121, '2208 Byrd Dam', 'Suite 620', 'Meganville', 'Nebraska', 'USA', '46018'),
(122, '07631 Barron Row', NULL, 'Christianchester', 'Vermont', 'USA', '41917'),
(123, '19396 Amanda Walk', 'Suite 882', 'Lindamouth', 'Nevada', 'USA', '94019'),
(124, '6497 Montgomery Islands', 'Suite 100', 'Ronnieburgh', 'Missouri', 'USA', '39141'),
(125, '6827 Bell Mountain', NULL, 'New Karen', 'Wisconsin', 'USA', '05797'),
(126, '2654 Fuentes Pike Suite 612', 'Suite 226', 'Jefferyfort', 'Mississippi', 'USA', '40240'),
(127, '85735 Danielle Rapids', NULL, 'East Gabriel', 'West Virginia', 'USA', '12974'),
(128, '996 Adrian Skyway', NULL, 'Thomasfort', 'South Dakota', 'USA', '00603'),
(129, '568 Cook Streets Apt. 923', NULL, 'South Katherinefurt', 'Indiana', 'USA', '67077'),
(130, '2377 Morales Flats Apt. 166', NULL, 'Johnshire', 'Georgia', 'USA', '48606'),
(131, '68029 Baker Vista Suite 656', 'Apt. 490', 'Millerville', 'Connecticut', 'USA', '95188'),
(132, '54278 Scott Route Suite 686', 'Apt. 097', 'Browninghaven', 'California', 'USA', '32135'),
(133, '426 Megan Trafficway', 'Apt. 444', 'West Jennifer', 'Maryland', 'USA', '02186'),
(134, '314 Mark Port', NULL, 'Lake Cheryltown', 'Mississippi', 'USA', '65292'),
(135, '613 Jill Burgs', NULL, 'East Desireetown', 'Kansas', 'USA', '51528'),
(136, '3119 Jennifer Isle Suite 673', NULL, 'Christopherbury', 'California', 'USA', '12134'),
(137, '05426 Laura Pines', NULL, 'East Michaelbury', 'Massachusetts', 'USA', '85897'),
(138, '1780 Scott Manors', 'Suite 606', 'Lake Ericshire', 'Florida', 'USA', '72402'),
(139, '80738 Berry Station Suite 249', 'Suite 390', 'Priscillaberg', 'Kansas', 'USA', '72470'),
(140, '1736 Dixon Islands', 'Suite 827', 'Richardsbury', 'West Virginia', 'USA', '02946'),
(141, '4874 Deborah Road Apt. 220', 'Apt. 720', 'Lake Tiffany', 'Florida', 'USA', '71126'),
(142, '68428 Hoffman Tunnel Apt. 900', NULL, 'Rittershire', 'Rhode Island', 'USA', '38633'),
(143, '97946 Graves Valley Apt. 047', NULL, 'Pachecoborough', 'Indiana', 'USA', '17192'),
(144, '7332 Raymond Points Suite 075', 'Apt. 324', 'Jessicaport', 'South Dakota', 'USA', '20866'),
(145, '275 Crystal Crossing', NULL, 'Reedstad', 'Oklahoma', 'USA', '00552'),
(146, '5526 Robert Stravenue', NULL, 'Lake Sean', 'Rhode Island', 'USA', '37085'),
(147, '516 Brian Mountains', NULL, 'South Robert', 'Virginia', 'USA', '84803'),
(148, '28974 Patrick Crossroad Suite 586', 'Apt. 513', 'North Lisa', 'Rhode Island', 'USA', '92974'),
(149, '13668 Amanda Mount', NULL, 'Pricemouth', 'Nebraska', 'USA', '66467'),
(150, '62815 Estrada Pass', NULL, 'Singletonmouth', 'Colorado', 'USA', '88474'),
(151, '381 Castro Harbors', 'Apt. 379', 'Wardborough', 'Iowa', 'USA', '16892'),
(152, '12370 Harry Village', 'Apt. 463', 'Hallborough', 'Minnesota', 'USA', '35197'),
(153, '16563 Jose Estates', NULL, 'Charlesmouth', 'Illinois', 'USA', '61394'),
(154, '01853 Tony Dale', 'Suite 329', 'Port Jameston', 'New York', 'USA', '80214'),
(155, '66690 Austin Station', 'Apt. 339', 'Waltersborough', 'New Hampshire', 'USA', '58453'),
(156, '7592 Teresa Terrace', 'Apt. 980', 'South Lonnietown', 'Connecticut', 'USA', '04315'),
(157, '3258 Kevin Flat', NULL, 'Costaport', 'Ohio', 'USA', '46010'),
(158, '37847 Rodriguez Rapid Apt. 454', NULL, 'West Kyle', 'Alaska', 'USA', '49742'),
(159, '1506 Harmon Loop Suite 382', NULL, 'Jonesside', 'Arkansas', 'USA', '51039'),
(160, '1220 Pittman Brooks', NULL, 'Millston', 'New Jersey', 'USA', '79306'),
(161, '83743 Deanna Walks Suite 768', 'Apt. 769', 'West Emilystad', 'Massachusetts', 'USA', '96280'),
(162, '080 Cunningham Dale', 'Apt. 425', 'West Coryville', 'Oregon', 'USA', '69425'),
(163, '332 William Manors Suite 402', NULL, 'New Brittany', 'Virginia', 'USA', '48928'),
(164, '49582 Garcia Dam', 'Suite 143', 'Wyattshire', 'Tennessee', 'USA', '71231'),
(165, '3719 Jeremy Ville', 'Apt. 392', 'West Juliatown', 'South Dakota', 'USA', '29220'),
(166, '887 Rachel Glen', 'Apt. 855', 'Meganshire', 'Alabama', 'USA', '24174'),
(167, '355 Schultz Inlet Apt. 160', NULL, 'Port Raymond', 'Georgia', 'USA', '67381'),
(168, '279 Gilbert Cliffs Suite 304', NULL, 'Moniquechester', 'Kansas', 'USA', '07921'),
(169, '36072 Monica Divide', NULL, 'East Carol', 'Oregon', 'USA', '93250'),
(170, '8720 Cody Plains', NULL, 'Lake Jose', 'South Dakota', 'USA', '04005'),
(171, '1836 Huff Estates Apt. 459', NULL, 'Port Adrian', 'Minnesota', 'USA', '19120'),
(172, '206 Oscar Islands Apt. 331', 'Suite 685', 'Lake Nicole', 'Utah', 'USA', '57919'),
(173, '41882 Veronica Road Apt. 526', 'Apt. 929', 'North Sharonhaven', 'New Mexico', 'USA', '33696'),
(174, '025 Amy Fork', 'Suite 379', 'Humphreyhaven', 'Vermont', 'USA', '87341'),
(175, '08205 Christine Bypass', NULL, 'Longmouth', 'Illinois', 'USA', '82651'),
(176, '164 Garner Mills Suite 998', 'Apt. 837', 'Smithfurt', 'Utah', 'USA', '03872'),
(177, '00098 Scott Streets', NULL, 'New Marcside', 'Arkansas', 'USA', '42313'),
(178, '060 Johnson Groves Suite 924', NULL, 'Waltersfurt', 'California', 'USA', '22900'),
(179, '0137 Sullivan Knoll Suite 976', 'Apt. 646', 'Powerstown', 'Florida', 'USA', '54415'),
(180, '94694 Decker Pine', NULL, 'Lake Alicia', 'Massachusetts', 'USA', '42846'),
(181, '6680 Stacy Parkway', NULL, 'West Aimeefort', 'Maryland', 'USA', '24797'),
(182, '82210 Shannon Ports Suite 501', 'Suite 083', 'West Joel', 'Illinois', 'USA', '30522'),
(183, '85727 Philip Curve Apt. 967', 'Apt. 694', 'Port Robert', 'Oregon', 'USA', '45570'),
(184, '24637 Warner Mount Apt. 230', NULL, 'Brandonfort', 'Illinois', 'USA', '51683'),
(185, '284 Tiffany Cliff Apt. 488', 'Suite 019', 'Danielview', 'Pennsylvania', 'USA', '73864'),
(186, '4391 Lindsey Inlet Apt. 844', NULL, 'Justinborough', 'Idaho', 'USA', '76536'),
(187, '97788 Sharon Drives', NULL, 'Davidhaven', 'Washington', 'USA', '84777'),
(188, '281 Bennett Courts Suite 924', NULL, 'Fisherton', 'Indiana', 'USA', '05563'),
(189, '54768 Beth Mountain', NULL, 'North Thomas', 'Nebraska', 'USA', '05313'),
(190, '07809 Robert Brook Suite 930', 'Apt. 692', 'North Vanessa', 'Arizona', 'USA', '51711'),
(191, '955 Ford Cliff Apt. 471', 'Apt. 844', 'North Gabrielview', 'Hawaii', 'USA', '97312'),
(192, '59163 Joseph Freeway', NULL, 'South Jasminetown', 'Nevada', 'USA', '09221'),
(193, '1364 Chad Motorway', 'Suite 080', 'Nixonville', 'Utah', 'USA', '38205'),
(194, '7846 Carter Dale Apt. 074', NULL, 'Port Natalie', 'Nebraska', 'USA', '63442'),
(195, '210 Davis Fall Apt. 390', NULL, 'New Donna', 'Connecticut', 'USA', '75283'),
(196, '2291 Cathy Mill Apt. 334', NULL, 'New Susan', 'Wisconsin', 'USA', '36546'),
(197, '65633 Francisco Ramp Apt. 477', NULL, 'Rachelshire', 'Illinois', 'USA', '07637'),
(198, '545 Dorothy Islands', NULL, 'Turnerborough', 'Wyoming', 'USA', '59996'),
(199, '34981 Michael Roads', 'Apt. 817', 'South Christina', 'New Mexico', 'USA', '69545'),
(200, '0297 Maureen Branch', 'Suite 854', 'Johnsonshire', 'Hawaii', 'USA', '93375');

INSERT INTO "user" (id, username, password_hash, f_name, l_name, dob, rating, role, address_id) VALUES
(1, 'peterenglish', '61a118c07d94851bc0d5ad1169703269f4142325bb4e5b4eace858a578e4c5ee', 'Adam', 'Decker', '1952-06-18', 4.3, 'ADMIN', 158),
(2, 'jadegarcia', '0ee7309eac66c4c2d4f4e0d796cdb09f4643b25ecc4d739e8c0985abfa0ac7f3', 'Cheryl', 'Brown', '1992-09-28', 1.6, 'CLIENT', 152),
(3, 'crystaljones', 'eaa99532081402b31c4644d6a70795593cf9dfbcc2ddacc034b893d50dc963ba', 'Justin', 'Franklin', '1959-07-18', NULL, 'CLIENT', 179),
(4, 'shawn75', 'd2ef0b145d4b4d0bc068005574818c6b1cfe5efac38be2140e4366774e4db10c', 'Tracy', 'Harris', '2005-10-26', NULL, 'DRIVER', 180),
(5, 'tmarsh', 'b3b2275ebae458a69a536766290b0811d7af3d4db7488023984bbc50e724b41c', 'Mark', 'Larsen', '1946-05-05', 3.8, 'CLIENT', 143),
(6, 'brian14', '9d64bc317868ce189ddc758fb8f853414735b103ab7404d88977350a40c0df0d', 'Cameron', 'Lewis', '1981-01-27', 4.7, 'DRIVER', 3),
(7, 'christinewright', '38a07dd649d7be46d1cef52fd34ae1cdf74e2ca42efa9eb66070c1f416c073a8', 'Brianna', 'Orr', '1970-01-22', 1.2, 'CLIENT', 149),
(8, 'jessica07', '05ed83d5624f4b963fe6a67bc33b1f7a6fd843e3e59b41c912835aadf3c56bb5', 'Christian', 'Ramirez', '1964-01-11', NULL, 'DRIVER', 5),
(9, 'bushjeffrey', '865f882627ec317f1c0c8bdc545cff4edd95d9b122438c40e3befe94ea315555', 'Daniel', 'Cole', '1965-02-08', 1.0, 'ADMIN', 94),
(10, 'iwilson', '4cc748ee9b25319fb6b2a736f20e340a6abc11f36a78260167ba9cb2263abda4', 'Donald', 'Walton', '1954-02-24', NULL, 'DRIVER', 47),
(11, 'xhendrix', 'a6b0c04953267ecf701dbead7cf565314cbb32ed87bed6231107e4659a2f3b67', 'Katelyn', 'Carroll', '1949-07-03', 2.4, 'ADMIN', 171),
(12, 'sean38', 'a8d17aad6b9e8af215dcc540c277678e420ba4cb2ce380d993c2b286fd2e16e8', 'Christian', 'Jacobs', '1996-06-18', 4.9, 'DRIVER', 9),
(13, 'hlevine', '434b80bd0f18918b1a914b0d0d8d2386591583b438d3d82bc687c3abe2c84b52', 'Tonya', 'Mitchell', '1958-01-03', NULL, 'ADMIN', 44),
(14, 'hmorris', 'e5c3fe703b184d09bfc5261935166e8642f344034cc6c1005513a9d305c5561f', 'Julie', 'Sanchez', '2004-05-27', NULL, 'CLIENT', 97),
(15, 'brownjoshua', '35c12197f7c0b8307eba94746db64dd556d3e67f014d03cd054bac9b1ddd6a57', 'Adam', 'Coleman', '1970-06-26', 3.0, 'ADMIN', 9),
(16, 'valentinegavin', 'b7d41d76563f4757402c2f3f7f0b4e485cdd085cdb80181e7ad6fec0d5ad094e', 'Todd', 'Bonilla', '1993-03-14', 2.0, 'DRIVER', 115),
(17, 'dbuchanan', 'b17d59c5ac62f9255c0dffeeb445c1a824f3caf0c39ac24805bb5ede6ea8813e', 'Amy', 'Burke', '1992-06-18', 4.1, 'CLIENT', 37),
(18, 'angelaramirez', '258a671cdb7b6691c858df788ff238c827248d5c4db9c9a4f086bf8e98466d29', 'Joseph', 'Thomas', '2003-11-08', NULL, 'ADMIN', 103),
(19, 'hunttimothy', '5fa6494a7fb823c9476bc0190fcc3604dd9d683647bf03b50ba10798af4c0284', 'Nicole', 'Bright', '2001-07-12', NULL, 'DRIVER', 183),
(20, 'rebecca28', '309c81945345cbcae80137c52ed8f035388bd2425f4e6de80fd22326455e6961', 'James', 'Martinez', '1965-03-22', NULL, 'DRIVER', 158),
(21, 'montoyakeith', 'aa62928447811a9104f00bb116835324ea7148ff312552d33a55d3869d8a7a98', 'Bradley', 'Mclaughlin', '1996-09-28', 4.9, 'ADMIN', 134),
(22, 'xsmith', '85259f578b752feea6f2954e6026f207988edba0d1d7da0de7b3a67570a4f604', 'Tracy', 'Frederick', '1981-01-18', NULL, 'DRIVER', 2),
(23, 'briandean', 'ba55f0e1e30d99f6504d25b98ac9ece591466e0b31b72fbf57cc048cd59cf18b', 'Barry', 'Powell', '1947-12-09', 4.1, 'DRIVER', 169),
(24, 'zgarcia', '25bad980dec732d83ea0d8ad8dbd212b85cbddf551d55b67e8c87e79580a7aff', 'Frances', 'Parker', '1989-11-07', 4.8, 'DRIVER', 16),
(25, 'villegaslori', 'b80c758d0889df4e0eedc1d73194c0c5b4e06bc1283d416a5ff077b7f57161bc', 'Ryan', 'Roberts', '1970-07-15', NULL, 'ADMIN', 68),
(26, 'michael14', '2b0961b20f6c31ab4e217db76caadf55a814e4ba5edc229fe76097480378d68b', 'James', 'Gamble', '1977-06-03', 2.7, 'ADMIN', 91),
(27, 'utaylor', '14f1dc85ba641abb8142acc6b7bbda687214dacc860ff31c1b8a7bb8821e4c8c', 'Karla', 'Ramirez', '1986-09-22', NULL, 'CLIENT', 76),
(28, 'shawn71', 'f72b335f509d235e7ccf025342cdcbdcdcdd3dfe2f43fbd650b3a2172fdb6a75', 'Susan', 'Stewart', '1986-08-31', 2.5, 'DRIVER', 192),
(29, 'nrowe', '838a263231e77ea90c6a63c99155ed45d37856ac312b55e98b5cb6aff93a87a4', 'Amanda', 'Ashley', '1996-12-08', NULL, 'CLIENT', 96),
(30, 'nathan69', '02364a9654fa0a8df6c64f27e88483f946aef78330e870d0e8541a2d02f8668f', 'Amy', 'Alvarez', '1945-07-24', 1.7, 'DRIVER', 8),
(31, 'arianamoore', '62632f169d22bc86bb50a9081200d099a14dfdc1bde78b175db308211377fcdf', 'Jason', 'Watson', '2000-08-30', 1.7, 'CLIENT', 148),
(32, 'mswanson', '5f347980ed496d99a30a2dda0e2d2e56dc88c2c0d6a6d131c07285a842a95ad3', 'Kayla', 'Benjamin', '2005-03-16', 2.9, 'ADMIN', 190),
(33, 'reynoldsamanda', '0d69592f098f5a86959b7a09bdbaca54fbd6ca5e4a155cb554b43278a08a4f42', 'Antonio', 'Hardy', '1972-10-27', 1.6, 'CLIENT', 36),
(34, 'schmidtdanielle', '3c772808956c5a18dfffefa39955b171854d996f87328de006b464eb15433549', 'David', 'Scott', '1949-07-18', 4.6, 'CLIENT', 133),
(35, 'tinadavis', '47d0cf69c0d88a0d4ce07baa9da1c9ea7fdd7c094789dca999654bc62d8a6bbb', 'Jeffrey', 'Ball', '1952-06-01', NULL, 'DRIVER', 44),
(36, 'mary77', 'a6b579e934d7ef0226c3c2e858d6b07ccb90004aa96dc6a009ec30ceeb1d543f', 'Kyle', 'Schneider', '2008-01-13', NULL, 'DRIVER', 46),
(37, 'fpatterson', '737bb4a925ead47773d418450c33256a3670c31ba48072680f058e01b0a0f663', 'Isabella', 'Ruiz', '1952-02-19', NULL, 'CLIENT', 164),
(38, 'bstrong', '6a2ae53ea09e9b35a5c746be219dc071aa72122644efddab6f4ba5634f3d4bb9', 'Amanda', 'Stanley', '1958-11-17', 4.2, 'CLIENT', 105),
(39, 'ocole', 'b6832ab58f151d8137e02d2b8f498b915c2c44ed6227d879b8954e56fb4c7dc4', 'Cory', 'Estrada', '2007-09-24', NULL, 'ADMIN', 45),
(40, 'morenojonathan', 'f8a0aabccea87039121a63e257c8702558004f16a324a60c768ef404a74b5634', 'Alan', 'Contreras', '1955-04-14', 3.1, 'CLIENT', 12),
(41, 'morrismarisa', '82248ebfacd968203c905e06b0565fb1f4ac72c07493adae8d0d0fe2b8db22ee', 'Jonathan', 'Griffith', '1952-08-05', 2.3, 'DRIVER', 164),
(42, 'simmonsjerry', 'c5214afa077e55d6fdc9041e67b6a42beb40ae640ef79114c6777123285ba9d8', 'Rebekah', 'Rogers', '1968-10-06', 4.4, 'DRIVER', 36),
(43, 'cjames', '3b88076762e67bc590c665c7fa704c17101987e20844c2755b150aa945a5b6d2', 'Rachel', 'Thomas', '1994-10-18', 4.9, 'ADMIN', 19),
(44, 'jwilson', '722eec45d91a1fffde54da0d5a36ec9ed690079606b61a8798747ce479b34b7a', 'Frederick', 'Walls', '1946-02-23', 2.7, 'ADMIN', 58),
(45, 'brett79', 'd5a77fac87b2300e44b7f63d5a6e31f09632ae794a1c49709a47792e24f38bc1', 'Dustin', 'Duncan', '2004-06-08', NULL, 'ADMIN', 65),
(46, 'amber62', '94a756e6247eaae5c8384b1ef221e8fd5133823a0485110215ab8e1defb2c1ae', 'Connie', 'Anderson', '1981-04-11', 2.7, 'DRIVER', 4),
(47, 'ddavies', '7e5201d0a0446e31d7b9589d93d08c975e9fca068324be840e652548cfaa7ad1', 'Jeff', 'Morrison', '1971-12-21', 2.6, 'ADMIN', 121),
(48, 'timothyhall', '0389fc93c655c86b9fb7e9d96c7a03aaaf03e99b264e17a150b8d7200c7af1c3', 'Brittany', 'Mills', '1960-03-19', 2.8, 'ADMIN', 39),
(49, 'marissa66', 'b9218bea28331de1d227dbe0d910fdb952cbd95e1ffe8652fc9f11120b855986', 'Christopher', 'Tran', '1974-12-29', 2.2, 'CLIENT', 164),
(50, 'william22', 'f963587835c89a59d9431cc16972102a0cd02282b87ea7b89b914651072aba36', 'Jessica', 'Smith', '1991-10-03', 4.7, 'ADMIN', 119),
(51, 'robertellis', '4d894cf8386df534b27b351209998f49df31bf35f981a3788df5a8f1db9af412', 'Timothy', 'Stafford', '1989-03-29', NULL, 'CLIENT', 100),
(52, 'wheelermichael', 'f8ba6f40aeab840bd184895c4dd736d4c9684108ba864baf868b7a199ac58982', 'Sean', 'Robbins', '1964-03-28', NULL, 'DRIVER', 195),
(53, 'bauerashley', '69a1999d5c9b445252635720671a852969be1e9d37ad6013fb580908a65d5844', 'Bobby', 'Love', '1989-05-24', 3.7, 'CLIENT', 192),
(54, 'omartinez', 'd01a422baed1d85694a0c9a08b3174adf8dc469a86ff46e39f0f23a261c95d6e', 'Jacqueline', 'Zhang', '1962-03-10', 4.5, 'CLIENT', 46),
(55, 'weaverjessica', 'd3d9e86462f4c5bcacb39887f5a0f3a74174b443b9a6041c2e7ef1ac19d0cb93', 'Brandon', 'Richards', '1971-01-04', 4.2, 'ADMIN', 95),
(56, 'zmosley', 'dcc3119ff1eaee67583776a849649212f8f4bc2ee99ddda14487f3293edbdc4a', 'Sheila', 'Wells', '1950-12-02', NULL, 'ADMIN', 53),
(57, 'julie08', 'ba7a132597c596dbf75320c48aee2096d655ee8b636ca44ecefab14c108ccd21', 'Kyle', 'Johnson', '1993-12-01', 1.1, 'DRIVER', 107),
(58, 'vhernandez', 'df696694883bee658d92b2d77ed929c98b1f472708a2d6ab26187fd4ef704f95', 'Leah', 'Stephens', '1975-03-29', 4.9, 'CLIENT', 2),
(59, 'collinsjeffery', '053d5c2213922ee2c85c4c7a1ce97f891818571dd442bae19e94808812676d1e', 'Joseph', 'Wilson', '1982-08-09', NULL, 'ADMIN', 53),
(60, 'melissathomas', 'ecfb844905b74cb49b3f420922ff0bcd1aa6c84a570b5ca41c80a28b58b26bef', 'Savannah', 'Martinez', '1972-07-04', 2.4, 'DRIVER', 175),
(61, 'brandisnyder', '0a945c8eb2666b1052e466bd3f214c08fee0b0494f233050a6f0c8d4a63e0095', 'Marc', 'Wilson', '1984-12-08', 2.0, 'DRIVER', 170),
(62, 'huntrichard', '8a27c0ae03d146cf383728340b89cbc2e0dd23195335a7ee6d1ca35c2e90a65c', 'Sydney', 'Miller', '1947-03-07', 1.3, 'CLIENT', 50),
(63, 'zanderson', 'e6bc4e44762dca6164a6a1910ce50b086661a71ce6b068dba3929897e34f3f23', 'Brandon', 'Holt', '1967-05-06', 1.3, 'DRIVER', 86),
(64, 'scott13', '3a8bf118eeb2caa7e69187c0434e071124ce8aef9b0173b28c6f11f487e3f58d', 'Ryan', 'Hill', '2005-02-06', 4.2, 'DRIVER', 24),
(65, 'daniel08', '7dd0efc2d7efe5014fb604d2e2041a5fed224017b7c689118a754fa82d6a5f01', 'Sara', 'Reeves', '1992-10-12', NULL, 'CLIENT', 119),
(66, 'heather68', 'fd67c6b7e0acef34e8eb951f3ae03f627db080fcf5878c5eaf62c0c5741f4eb1', 'Jesse', 'Weaver', '1985-10-23', NULL, 'DRIVER', 126),
(67, 'beckerjesse', '6064426509e8f15c5774abfe3cfcad08177923e1b705206bd33bc1d9348636e1', 'Danny', 'Kirk', '1947-09-14', 3.0, 'ADMIN', 65),
(68, 'stanleysonya', '5072a2fa9e534748fb51a0a4fedb0a98e446827943cb6c69b1ec5b7b45cf133a', 'Michael', 'Richardson', '1945-09-06', 4.0, 'CLIENT', 121),
(69, 'michellegonzalez', '4a9f42c23a9541ce862c6785148d0085250614802a09e495c38cedc2bb1e9daa', 'Lisa', 'White', '1954-12-25', 2.3, 'DRIVER', 20),
(70, 'rodgersdaniel', 'b16c5862c56c528cb9004367993558b484dd2396994ec197cd70754fe1f3f9cd', 'Micheal', 'Cooper', '1958-05-05', 3.5, 'CLIENT', 113),
(71, 'matthew96', '4da881d23a59126f131016c60821ca05d2f8ccb62a3fabee477b322e5ae7971e', 'Sarah', 'Moss', '1974-03-07', 2.9, 'DRIVER', 39),
(72, 'alexander04', '93f22e2734fbb7acf233f71956b2e1663141dcbfb046ef4c01e32359f5b400bd', 'Jacob', 'Hayes', '1976-09-04', NULL, 'DRIVER', 140),
(73, 'nicholasshields', '3ed1663fa078fa37be8cc66fb7c1857f0b191ed89e523e8c5a24197cbd6a9b9d', 'Richard', 'Lewis', '1984-02-22', 4.8, 'DRIVER', 136),
(74, 'anthony93', 'cb20aca1f1e8e4b77b4fb0f3268c1aaa4408c8202568fb93537be115bc726615', 'Jenna', 'Adams', '1945-05-09', 5.0, 'CLIENT', 148),
(75, 'woodskevin', '51a5107c11db72a3bb5cb5096aa2ccdf6d37bd9c77ea993f97d7e559f5b24cff', 'Louis', 'Morales', '1952-01-01', 3.5, 'DRIVER', 50),
(76, 'kellyjulie', '0503b3cc3a16db67ce75e79d3ec89f6e9e04577e71916703f4bd956f97c54c9c', 'Katrina', 'Garcia', '1969-08-21', 3.3, 'DRIVER', 44),
(77, 'aaron47', 'fd8efb902033e0ae2730d28ec7672906115206e9ec63d0e57bc13524bb9642cf', 'Tiffany', 'Acevedo', '1988-03-02', 1.9, 'DRIVER', 105),
(78, 'adam52', '2f23c3ab04dd21f27e563a30f453773210f1415811af026dea935d246444a8c3', 'Laura', 'Hart', '2004-02-19', 3.9, 'DRIVER', 189),
(79, 'michaelwilliamson', '935551aea589b8c05477856ed3b3e00aac5f635763e521fb878cce20c6bc49f1', 'Juan', 'Sanchez', '1991-05-03', 2.8, 'ADMIN', 2),
(80, 'hhayes', 'dfedf2f9f8ace4ab995bdf8fe288e1ec1b5c98a5e0949dba8f342ded58713684', 'Stephanie', 'Patterson', '2001-12-09', 4.6, 'ADMIN', 42);

INSERT INTO driver_info (id, driving_experience, range, driving_license, user_id) VALUES
(1, 4, 785, '011G', 4),
(2, 4, 829, '9H QE392', 6),
(3, 14, 966, '6FW1388', 8),
(4, 5, 922, '4UN 143', 10),
(5, 38, 475, '2MI Q61', 12),
(6, 11, 921, 'LVS 532', 16),
(7, 10, 140, '93-N579', 19),
(8, 4, 983, '1GZE167', 20),
(9, 2, 690, 'HUN9330', 22),
(10, 13, 532, 'JDZ H84', 23),
(11, 37, 913, '2P 69951', 24),
(12, 12, 226, '1IO1729', 28),
(13, 35, 275, '5-N3569', 30),
(14, 36, 993, 'ZNC-7170', 35),
(15, 13, 289, 'LHX 726', 36),
(16, 26, 546, 'YZM 958', 41),
(17, 7, 539, 'OCJ 501', 42),
(18, 6, 583, '9-36895', 46),
(19, 19, 193, 'PJL 065', 52),
(20, 23, 623, 'URX-3594', 57),
(21, 8, 624, '657 LYI', 60),
(22, 19, 970, 'IFF8949', 61),
(23, 17, 862, 'R07 1LT', 63),
(24, 35, 514, '0O-DQWG', 64),
(25, 29, 585, 'FXU-7303', 66),
(26, 5, 143, 'PMJ 068', 69),
(27, 32, 363, 'BGJ-741', 71),
(28, 21, 355, 'ECV 218', 72),
(29, 15, 100, 'ZFU 181', 73),
(30, 18, 124, '09-04350', 75),
(31, 1, 852, '319-QOD', 76),
(32, 22, 523, '32N PY5', 77),
(33, 14, 257, 'A69 6YG', 78);

INSERT INTO vehicle (id, model, make, year, color, price_per_km, is_active, can_carry_furniture, driver_id, vehicle_type_id) VALUES
(1, 'Serious', 'Martinez, Blankenship and Herman', 1982, 'DarkTurquoise', 31, true, true, 4, 6),
(2, 'Project', 'Acevedo, Taylor and Phillips', 2005, 'LightGreen', 11, true, false, 4, 5),
(3, 'Source', 'Johnson LLC', 1998, 'Purple', 9, false, true, 4, 4),
(4, 'Religious', 'Griffith-Pierce', 1977, 'Linen', 29, false, false, 6, 6),
(5, 'Institution', 'Stewart-Guerra', 1997, 'Chartreuse', 47, false, false, 8, 4),
(6, 'Compare', 'Medina, Clark and Little', 2022, 'LavenderBlush', 9, false, true, 8, 5),
(7, 'Hotel', 'Henderson-Bell', 1989, 'LightSeaGreen', 42, false, true, 10, 2),
(8, 'Station', 'Winters-Price', 1990, 'Crimson', 44, true, true, 10, 4),
(9, 'Student', 'Allen-Glover', 1990, 'Orange', 18, false, false, 10, 6),
(10, 'Win', 'Mendoza, Cox and Wright', 1996, 'AliceBlue', 46, true, false, 12, 3),
(11, 'Reach', 'Baldwin-Deleon', 1995, 'LavenderBlush', 41, true, false, 16, 2),
(12, 'Foreign', 'Terry PLC', 2005, 'LightPink', 45, true, false, 16, 4),
(13, 'Less', 'Butler-Miller', 1991, 'Brown', 29, true, true, 19, 3),
(14, 'Break', 'Cook, White and Kelly', 1970, 'Orange', 28, false, true, 20, 3),
(15, 'Most', 'Bennett, Riddle and Morgan', 1992, 'Indigo', 20, true, false, 20, 2),
(16, 'Authority', 'Willis-Wright', 2001, 'PowderBlue', 7, false, false, 22, 1),
(17, 'Author', 'Armstrong-Morris', 1979, 'Lavender', 43, false, false, 22, 4),
(18, 'A', 'Pham, Owens and Brown', 2016, 'PapayaWhip', 17, true, true, 23, 6),
(19, 'Gas', 'Roberts PLC', 2021, 'HoneyDew', 48, false, false, 23, 5),
(20, 'Conference', 'Garcia-Chang', 1992, 'SlateGray', 5, true, true, 23, 6),
(21, 'Field', 'Flores-Perez', 1995, 'PaleTurquoise', 45, false, false, 24, 2),
(22, 'Do', 'Henderson and Sons', 1977, 'SeaGreen', 22, true, true, 24, 4),
(23, 'Hold', 'James, Berry and Ward', 1976, 'RosyBrown', 24, true, true, 24, 6),
(24, 'Know', 'Alexander-Caldwell', 2020, 'DarkKhaki', 48, false, true, 28, 2),
(25, 'Blue', 'Moyer, Gentry and Williams', 2019, 'Coral', 10, false, true, 28, 4),
(26, 'Usually', 'Stone and Sons', 2022, 'Crimson', 23, false, false, 28, 3),
(27, 'Them', 'Caldwell, Gonzalez and Sanders', 1971, 'BlueViolet', 12, false, true, 30, 5),
(28, 'Smile', 'Brown, Jones and Roach', 2017, 'Red', 12, true, true, 30, 5),
(29, 'Television', 'Mcdowell-Wheeler', 1983, 'DarkGreen', 38, false, true, 30, 3),
(30, 'Training', 'Lee-Carpenter', 2025, 'DarkGoldenRod', 14, true, true, 35, 1),
(31, 'Seven', 'Stone, Bernard and Chung', 1980, 'ForestGreen', 28, false, true, 35, 3),
(32, 'Wrong', 'Carroll and Sons', 2017, 'Aqua', 21, true, false, 36, 2),
(33, 'Individual', 'Daniel and Sons', 2000, 'Indigo', 31, true, false, 41, 1),
(34, 'Money', 'Arroyo-Taylor', 1972, 'DarkTurquoise', 19, false, false, 41, 3),
(35, 'Civil', 'Curry and Sons', 2011, 'Plum', 15, true, false, 42, 6),
(36, 'Which', 'Bruce-Brown', 2011, 'MintCream', 28, false, false, 46, 5),
(37, 'Assume', 'Kane Inc', 1990, 'Orange', 45, true, false, 46, 2),
(38, 'Reason', 'Becker-Carney', 1983, 'Sienna', 38, false, true, 46, 4),
(39, 'Record', 'Estes, Olson and Park', 2004, 'DarkViolet', 33, true, false, 52, 3),
(40, 'Democratic', 'Carter, White and Evans', 2024, 'GreenYellow', 39, false, true, 57, 4),
(41, 'Study', 'Gardner, Fowler and Long', 2022, 'SandyBrown', 8, false, true, 57, 1),
(42, 'American', 'Wright-Duncan', 2007, 'Ivory', 22, true, true, 60, 2),
(43, 'Price', 'Chavez, Ortega and Garcia', 2018, 'Linen', 14, false, false, 61, 5),
(44, 'Among', 'Howell LLC', 1994, 'Orchid', 45, true, true, 63, 4),
(45, 'Site', 'Mckee-Turner', 1995, 'FloralWhite', 13, false, true, 63, 2),
(46, 'Network', 'Brown, Perez and Hernandez', 1983, 'DarkCyan', 18, true, true, 63, 2),
(47, 'Gas', 'Richardson-Taylor', 1993, 'Wheat', 44, true, false, 64, 4),
(48, 'Include', 'Banks, Carter and Lawson', 1999, 'Ivory', 10, false, false, 64, 4),
(49, 'Bring', 'Shah-Rodriguez', 2025, 'MediumSlateBlue', 21, false, false, 66, 1),
(50, 'Who', 'Reese-Campbell', 1970, 'RoyalBlue', 42, false, true, 66, 1),
(51, 'Activity', 'Mcdaniel LLC', 2025, 'MediumSlateBlue', 21, true, true, 66, 3),
(52, 'Age', 'Green LLC', 2018, 'DarkRed', 38, true, false, 69, 5),
(53, 'Entire', 'Bender, Aguilar and Turner', 2020, 'LightSlateGray', 20, false, true, 69, 4),
(54, 'Great', 'Brown, Hopkins and Miller', 2011, 'White', 26, false, true, 71, 1),
(55, 'Bag', 'King-Marks', 1974, 'LightSteelBlue', 42, false, false, 71, 5),
(56, 'Trip', 'Boyd-Roberts', 1984, 'LightYellow', 38, true, false, 72, 2),
(57, 'Live', 'Singh, Todd and Thompson', 2012, 'Moccasin', 7, true, false, 72, 6),
(58, 'Site', 'Bell-Ramos', 2005, 'FloralWhite', 38, true, false, 72, 3),
(59, 'Despite', 'Rice, Hunt and Fleming', 2024, 'Snow', 5, false, true, 73, 6),
(60, 'Although', 'Holt, Clark and Conway', 1999, 'Lime', 44, true, false, 73, 4),
(61, 'Your', 'Jones, Gilbert and Moody', 1970, 'Blue', 25, false, true, 75, 1),
(62, 'Let', 'Wagner LLC', 2020, 'SlateGray', 33, false, false, 75, 3),
(63, 'Prevent', 'Aguirre LLC', 2011, 'Cyan', 17, true, false, 75, 2),
(64, 'Manager', 'Collins-Clark', 2007, 'LightPink', 10, true, true, 76, 5),
(65, 'Middle', 'Yoder, Thomas and Reyes', 1970, 'Maroon', 6, false, true, 77, 6),
(66, 'About', 'Hanson Ltd', 2002, 'DeepSkyBlue', 17, false, true, 77, 2),
(67, 'Evening', 'Hubbard Group', 1989, 'Green', 19, false, false, 78, 3),
(68, 'Manage', 'Leblanc-Gilbert', 2024, 'LightPink', 49, false, true, 78, 5);

INSERT INTO move_request (id, move_date, max_budget, client_id, from_address_id, to_address_id, status) VALUES
(1, '2026-01-01 17:49:19', 508, 2, 188, 8, 'OFFER_AVAILABLE'),
(2, '2026-01-21 09:56:18', 415, 2, 135, 135, 'OFFER_SENT'),
(3, '2026-01-14 17:12:44', 3487, 2, 36, 149, 'CREATED'),
(4, '2026-01-26 07:51:40', 1985, 2, 145, 77, 'CREATED'),
(5, '2026-01-08 12:49:51', 818, 2, 150, 168, 'OFFER_AVAILABLE'),
(6, '2026-01-02 14:16:33', 1260, 3, 118, 1, 'OFFER_AVAILABLE'),
(7, '2026-01-02 22:39:43', 1039, 3, 2, 112, 'PENDING'),
(8, '2026-01-22 02:30:27', 1305, 3, 185, 172, 'OFFER_SENT'),
(9, '2026-01-05 00:14:49', 4838, 5, 51, 149, 'PENDING'),
(10, '2026-01-21 03:06:39', 857, 5, 99, 188, 'OFFER_AVAILABLE'),
(11, '2026-01-06 15:38:16', 4263, 5, 182, 181, 'OFFER_AVAILABLE'),
(12, '2026-01-22 16:30:50', 4550, 5, 145, 184, 'OFFER_SENT'),
(13, '2026-01-21 08:07:58', 4405, 5, 48, 154, 'CREATED'),
(14, '2026-01-27 00:16:34', 2314, 7, 178, 114, 'OFFER_SENT'),
(15, '2026-01-12 13:51:33', 874, 7, 162, 159, 'PENDING'),
(16, '2026-01-20 04:20:17', 3460, 7, 57, 68, 'PENDING'),
(17, '2026-01-15 22:35:16', 2399, 14, 146, 26, 'OFFER_SENT'),
(18, '2026-01-10 13:26:03', 4025, 14, 92, 154, 'CREATED'),
(19, '2026-01-25 01:48:20', 566, 17, 200, 1, 'CREATED'),
(20, '2026-01-03 15:35:03', 4949, 27, 28, 169, 'PENDING'),
(21, '2026-01-11 10:44:46', 2355, 27, 7, 10, 'PENDING'),
(22, '2026-01-04 06:34:28', 726, 27, 114, 85, 'CREATED'),
(23, '2026-01-13 23:05:17', 4970, 27, 138, 43, 'OFFER_AVAILABLE'),
(24, '2026-01-11 05:02:26', 2003, 29, 85, 191, 'OFFER_AVAILABLE'),
(25, '2026-01-19 09:09:53', 577, 31, 71, 150, 'CREATED'),
(26, '2026-01-08 04:03:34', 4358, 31, 173, 87, 'OFFER_SENT'),
(27, '2026-01-19 23:42:06', 543, 31, 84, 159, 'CREATED'),
(28, '2026-01-11 17:11:37', 3641, 31, 124, 51, 'CREATED'),
(29, '2026-01-16 20:11:09', 1224, 31, 111, 72, 'OFFER_SENT'),
(30, '2026-01-01 10:31:27', 4445, 33, 75, 115, 'PENDING'),
(31, '2026-01-06 16:58:41', 1774, 33, 92, 71, 'OFFER_AVAILABLE'),
(32, '2026-01-09 23:13:36', 4055, 33, 31, 61, 'OFFER_SENT'),
(33, '2026-01-27 06:35:49', 2769, 33, 69, 13, 'PENDING'),
(34, '2026-01-23 14:45:35', 1332, 34, 136, 16, 'OFFER_AVAILABLE'),
(35, '2026-01-07 14:49:59', 963, 34, 43, 91, 'PENDING'),
(36, '2026-01-19 05:08:22', 1875, 34, 64, 149, 'CREATED'),
(37, '2026-01-22 15:13:11', 3450, 34, 125, 164, 'CREATED'),
(38, '2026-01-19 23:13:45', 3131, 34, 175, 141, 'PENDING'),
(39, '2026-01-17 17:41:55', 2936, 37, 116, 85, 'OFFER_SENT'),
(40, '2026-01-16 15:48:12', 1550, 37, 81, 74, 'PENDING'),
(41, '2026-01-25 03:45:50', 4709, 37, 179, 118, 'PENDING'),
(42, '2026-01-06 07:21:15', 112, 37, 155, 122, 'OFFER_AVAILABLE'),
(43, '2026-01-07 05:14:50', 3740, 38, 37, 31, 'PENDING'),
(44, '2026-01-04 10:36:12', 2535, 38, 12, 59, 'OFFER_SENT'),
(45, '2026-01-22 23:54:10', 194, 38, 9, 76, 'PENDING'),
(46, '2026-01-10 07:42:13', 3565, 40, 69, 34, 'PENDING'),
(47, '2026-01-26 02:45:11', 188, 40, 134, 96, 'PENDING'),
(48, '2026-01-12 20:04:46', 4842, 49, 139, 61, 'OFFER_AVAILABLE'),
(49, '2026-01-26 14:18:27', 142, 49, 95, 82, 'CREATED'),
(50, '2026-01-04 19:03:34', 1941, 51, 33, 39, 'PENDING'),
(51, '2026-01-12 18:16:32', 2849, 53, 138, 36, 'PENDING'),
(52, '2026-01-07 19:35:26', 1001, 53, 162, 158, 'CREATED'),
(53, '2026-01-05 09:52:49', 2407, 53, 166, 5, 'OFFER_AVAILABLE'),
(54, '2026-01-01 14:02:39', 3927, 54, 19, 166, 'CREATED'),
(55, '2026-01-16 11:17:08', 4490, 58, 89, 191, 'OFFER_SENT'),
(56, '2026-01-05 17:19:08', 2825, 62, 30, 46, 'CREATED'),
(57, '2026-01-19 23:31:54', 1948, 62, 188, 191, 'OFFER_SENT'),
(58, '2026-01-19 01:38:19', 637, 62, 123, 27, 'PENDING'),
(59, '2026-01-24 02:40:48', 1871, 65, 8, 96, 'CREATED'),
(60, '2026-01-04 09:15:23', 1479, 68, 153, 90, 'OFFER_AVAILABLE'),
(61, '2026-01-11 14:56:48', 4931, 68, 144, 32, 'OFFER_AVAILABLE'),
(62, '2026-01-12 01:47:36', 3097, 68, 189, 79, 'PENDING'),
(63, '2026-01-08 01:38:32', 4126, 70, 143, 27, 'OFFER_AVAILABLE'),
(64, '2026-01-16 12:18:21', 3614, 70, 13, 77, 'PENDING'),
(65, '2026-01-09 00:45:18', 2323, 70, 120, 27, 'PENDING'),
(66, '2026-01-12 19:41:28', 1533, 74, 70, 48, 'PENDING'),
(67, '2026-01-15 00:48:02', 4733, 74, 156, 155, 'PENDING'),
(68, '2026-01-22 03:02:38', 3059, 74, 170, 36, 'PENDING'),
(69, '2026-01-06 18:22:54', 4452, 74, 34, 166, 'PENDING'),
(70, '2026-01-05 03:57:50', 677, 74, 29, 177, 'OFFER_SENT');

INSERT INTO luggage_entry (id, quantity, move_request_id, luggage_type_id) VALUES
(1, 1, 1, 4),
(2, 11, 1, 5),
(3, 12, 1, 4),
(4, 10, 1, 4),
(5, 12, 1, 2),
(6, 12, 2, 2),
(7, 10, 3, 1),
(8, 12, 3, 3),
(9, 2, 3, 1),
(10, 19, 3, 5),
(11, 20, 3, 5),
(12, 15, 4, 5),
(13, 1, 4, 2),
(14, 2, 4, 1),
(15, 15, 4, 4),
(16, 19, 4, 4),
(17, 11, 4, 5),
(18, 19, 5, 5),
(19, 9, 5, 3),
(20, 14, 5, 1),
(21, 19, 5, 4),
(22, 17, 5, 1),
(23, 15, 5, 3),
(24, 6, 5, 2),
(25, 20, 5, 1),
(26, 20, 5, 1),
(27, 10, 6, 5),
(28, 6, 6, 2),
(29, 10, 6, 3),
(30, 18, 6, 4),
(31, 3, 6, 4),
(32, 5, 6, 2),
(33, 19, 7, 1),
(34, 6, 7, 1),
(35, 20, 8, 3),
(36, 15, 8, 3),
(37, 17, 8, 1),
(38, 8, 8, 3),
(39, 20, 8, 3),
(40, 18, 8, 4),
(41, 15, 8, 2),
(42, 20, 8, 1),
(43, 3, 8, 1),
(44, 17, 9, 5),
(45, 16, 9, 1),
(46, 5, 9, 3),
(47, 11, 9, 3),
(48, 13, 9, 5),
(49, 4, 9, 1),
(50, 15, 9, 4),
(51, 18, 9, 4),
(52, 1, 9, 5),
(53, 19, 9, 2),
(54, 11, 10, 3),
(55, 6, 10, 2),
(56, 4, 11, 5),
(57, 14, 11, 5),
(58, 6, 11, 4),
(59, 9, 11, 4),
(60, 1, 11, 3),
(61, 10, 11, 4),
(62, 1, 11, 5),
(63, 15, 11, 3),
(64, 7, 11, 3),
(65, 20, 12, 5),
(66, 1, 12, 2),
(67, 7, 12, 5),
(68, 8, 12, 3),
(69, 4, 12, 2),
(70, 20, 12, 1),
(71, 18, 13, 1),
(72, 14, 14, 1),
(73, 20, 15, 2),
(74, 4, 15, 3),
(75, 18, 15, 1),
(76, 6, 15, 3),
(77, 6, 16, 4),
(78, 19, 16, 5),
(79, 8, 16, 3),
(80, 11, 16, 1),
(81, 8, 16, 1),
(82, 20, 16, 1),
(83, 19, 16, 1),
(84, 3, 16, 2),
(85, 13, 16, 5),
(86, 4, 17, 5),
(87, 5, 18, 1),
(88, 9, 18, 2),
(89, 6, 19, 3),
(90, 20, 19, 4),
(91, 14, 19, 4),
(92, 7, 19, 1),
(93, 6, 19, 3),
(94, 5, 19, 4),
(95, 10, 19, 2),
(96, 13, 19, 3),
(97, 18, 19, 4),
(98, 3, 19, 5),
(99, 16, 20, 1),
(100, 14, 20, 2),
(101, 8, 20, 3),
(102, 20, 20, 4),
(103, 7, 20, 4),
(104, 8, 20, 1),
(105, 13, 20, 4),
(106, 2, 20, 1),
(107, 19, 20, 5),
(108, 15, 21, 2),
(109, 15, 21, 3),
(110, 3, 21, 5),
(111, 14, 21, 1),
(112, 17, 21, 3),
(113, 12, 22, 1),
(114, 18, 22, 5),
(115, 2, 22, 2),
(116, 13, 23, 5),
(117, 8, 24, 5),
(118, 18, 24, 4),
(119, 4, 24, 3),
(120, 7, 24, 5),
(121, 19, 25, 1),
(122, 11, 25, 4),
(123, 5, 25, 3),
(124, 2, 25, 2),
(125, 8, 25, 1),
(126, 16, 25, 2),
(127, 15, 25, 3),
(128, 3, 26, 2),
(129, 7, 26, 3),
(130, 8, 26, 5),
(131, 17, 26, 4),
(132, 15, 27, 3),
(133, 3, 27, 1),
(134, 4, 28, 2),
(135, 10, 28, 4),
(136, 6, 28, 2),
(137, 5, 28, 4),
(138, 10, 28, 3),
(139, 11, 28, 4),
(140, 20, 29, 4),
(141, 2, 29, 5),
(142, 5, 30, 2),
(143, 19, 30, 2),
(144, 11, 30, 4),
(145, 14, 30, 2),
(146, 13, 31, 2),
(147, 13, 31, 1),
(148, 8, 31, 3),
(149, 11, 32, 5),
(150, 6, 33, 4),
(151, 8, 33, 4),
(152, 4, 33, 5),
(153, 16, 33, 2),
(154, 8, 33, 1),
(155, 1, 33, 2),
(156, 1, 33, 3),
(157, 17, 33, 2),
(158, 4, 33, 2),
(159, 4, 33, 1),
(160, 10, 34, 3),
(161, 5, 34, 2),
(162, 4, 34, 3),
(163, 8, 34, 1),
(164, 15, 34, 2),
(165, 4, 34, 3),
(166, 10, 35, 2),
(167, 10, 36, 1),
(168, 2, 36, 2),
(169, 18, 36, 2),
(170, 16, 36, 1),
(171, 15, 36, 3),
(172, 8, 36, 5),
(173, 5, 36, 1),
(174, 15, 36, 2),
(175, 12, 36, 3),
(176, 18, 36, 3),
(177, 6, 37, 4),
(178, 13, 37, 3),
(179, 15, 37, 5),
(180, 5, 37, 2),
(181, 2, 38, 4),
(182, 2, 38, 2),
(183, 2, 38, 2),
(184, 8, 38, 3),
(185, 12, 39, 5),
(186, 3, 39, 3),
(187, 10, 39, 4),
(188, 14, 39, 3),
(189, 4, 39, 2),
(190, 5, 39, 5),
(191, 18, 39, 1),
(192, 19, 39, 4),
(193, 7, 39, 3),
(194, 3, 39, 3),
(195, 3, 40, 2),
(196, 19, 40, 4),
(197, 11, 40, 2),
(198, 13, 40, 5),
(199, 2, 40, 4),
(200, 7, 40, 3),
(201, 8, 40, 5),
(202, 7, 41, 5),
(203, 8, 41, 4),
(204, 5, 41, 3),
(205, 14, 41, 2),
(206, 1, 41, 4),
(207, 14, 41, 5),
(208, 19, 42, 5),
(209, 14, 42, 5),
(210, 16, 42, 1),
(211, 7, 42, 2),
(212, 12, 42, 2),
(213, 17, 42, 2),
(214, 13, 42, 2),
(215, 14, 42, 2),
(216, 11, 42, 4),
(217, 16, 43, 4),
(218, 14, 43, 1),
(219, 14, 43, 5),
(220, 9, 43, 4),
(221, 4, 43, 5),
(222, 16, 43, 4),
(223, 2, 44, 4),
(224, 3, 44, 4),
(225, 18, 44, 1),
(226, 16, 44, 5),
(227, 5, 44, 4),
(228, 19, 44, 5),
(229, 13, 44, 3),
(230, 8, 44, 2),
(231, 9, 44, 5),
(232, 11, 45, 1),
(233, 14, 45, 2),
(234, 12, 45, 1),
(235, 11, 45, 2),
(236, 2, 45, 4),
(237, 1, 45, 4),
(238, 14, 46, 5),
(239, 17, 46, 5),
(240, 19, 46, 3),
(241, 17, 46, 3),
(242, 14, 47, 1),
(243, 9, 48, 2),
(244, 6, 48, 1),
(245, 12, 49, 1),
(246, 5, 49, 1),
(247, 17, 49, 4),
(248, 20, 49, 2),
(249, 18, 49, 1),
(250, 17, 49, 5),
(251, 3, 49, 2),
(252, 7, 49, 3),
(253, 4, 49, 5),
(254, 19, 50, 1),
(255, 7, 50, 1),
(256, 9, 50, 1),
(257, 16, 50, 3),
(258, 14, 50, 1),
(259, 19, 50, 1),
(260, 5, 51, 3),
(261, 10, 51, 5),
(262, 2, 51, 1),
(263, 8, 51, 5),
(264, 2, 51, 2),
(265, 20, 51, 5),
(266, 20, 51, 5),
(267, 14, 51, 1),
(268, 17, 52, 4),
(269, 20, 53, 1),
(270, 20, 53, 5),
(271, 17, 54, 4),
(272, 14, 54, 2),
(273, 18, 55, 4),
(274, 16, 55, 1),
(275, 15, 55, 3),
(276, 5, 55, 3),
(277, 8, 55, 1),
(278, 6, 55, 4),
(279, 18, 55, 2),
(280, 9, 55, 3),
(281, 5, 55, 2),
(282, 17, 56, 4),
(283, 13, 56, 1),
(284, 13, 56, 5),
(285, 18, 56, 4),
(286, 14, 56, 3),
(287, 6, 56, 1),
(288, 11, 57, 5),
(289, 19, 57, 3),
(290, 11, 57, 3),
(291, 5, 57, 3),
(292, 3, 57, 1),
(293, 17, 57, 3),
(294, 3, 57, 3),
(295, 20, 57, 4),
(296, 1, 57, 2),
(297, 20, 58, 2),
(298, 10, 58, 3),
(299, 8, 58, 2),
(300, 13, 58, 3),
(301, 7, 58, 1),
(302, 13, 58, 3),
(303, 9, 58, 4),
(304, 14, 58, 5),
(305, 20, 58, 3),
(306, 12, 59, 3),
(307, 4, 59, 1),
(308, 7, 59, 4),
(309, 17, 59, 5),
(310, 18, 59, 2),
(311, 1, 59, 4),
(312, 15, 60, 5),
(313, 13, 60, 5),
(314, 14, 60, 1),
(315, 9, 60, 3),
(316, 6, 60, 3),
(317, 18, 60, 2),
(318, 1, 60, 2),
(319, 12, 60, 3),
(320, 17, 61, 3),
(321, 15, 61, 4),
(322, 20, 61, 1),
(323, 20, 61, 4),
(324, 16, 62, 5),
(325, 17, 62, 2),
(326, 4, 62, 5),
(327, 5, 62, 2),
(328, 19, 62, 5),
(329, 5, 62, 4),
(330, 20, 62, 1),
(331, 10, 62, 3),
(332, 11, 63, 4),
(333, 20, 63, 5),
(334, 4, 63, 5),
(335, 20, 64, 4),
(336, 15, 64, 4),
(337, 18, 65, 2),
(338, 12, 65, 2),
(339, 12, 65, 3),
(340, 10, 66, 4),
(341, 1, 66, 3),
(342, 14, 66, 3),
(343, 11, 66, 4),
(344, 16, 66, 1),
(345, 13, 66, 1),
(346, 2, 66, 1),
(347, 5, 66, 1),
(348, 19, 67, 3),
(349, 6, 67, 5),
(350, 18, 67, 3),
(351, 3, 67, 1),
(352, 17, 67, 1),
(353, 16, 67, 2),
(354, 14, 67, 3),
(355, 19, 67, 2),
(356, 4, 67, 5),
(357, 2, 68, 2),
(358, 2, 69, 1),
(359, 18, 69, 3),
(360, 11, 69, 4),
(361, 11, 69, 4),
(362, 19, 69, 5),
(363, 1, 70, 3),
(364, 2, 70, 4),
(365, 7, 70, 5);

INSERT INTO move_offer (id, price, offered_date, move_request_id, driver_id, vehicle_id, status) VALUES
(1, 409, '2026-01-02 17:14:22', 1, 63, 45, 'CREATED'),
(2, 323, '2026-01-01 18:02:04', 2, 63, 46, 'CREATED'),
(3, 3096, '2026-01-08 00:58:53', 3, 75, 63, 'OFFER_SENT'),
(4, 857, '2026-01-04 11:15:02', 4, 66, 50, 'CREATED'),
(5, 1939, '2026-01-13 00:45:00', 4, 16, 11, 'OFFER_SENT'),
(6, 1940, '2026-01-11 03:27:32', 4, 23, 19, 'CREATED'),
(7, 270, '2026-01-15 06:51:52', 5, 23, 19, 'PENDING'),
(8, 763, '2026-01-11 11:19:31', 6, 66, 49, 'OFFER_AVAILABLE'),
(9, 828, '2026-01-23 19:33:32', 6, 24, 21, 'OFFER_AVAILABLE'),
(10, 287, '2026-01-14 19:30:49', 6, 60, 42, 'OFFER_SENT'),
(11, 968, '2026-01-27 02:29:47', 7, 16, 12, 'CREATED'),
(12, 323, '2026-01-08 15:59:38', 7, 69, 53, 'OFFER_AVAILABLE'),
(13, 123, '2026-01-25 01:15:54', 7, 46, 36, 'OFFER_SENT'),
(14, 739, '2026-01-14 07:37:53', 8, 63, 44, 'PENDING'),
(15, 805, '2026-01-26 20:37:40', 8, 30, 28, 'OFFER_SENT'),
(16, 935, '2026-01-12 02:03:55', 8, 23, 19, 'PENDING'),
(17, 417, '2026-01-08 02:07:54', 8, 30, 27, 'PENDING'),
(18, 1167, '2026-01-08 17:59:14', 8, 63, 45, 'OFFER_AVAILABLE'),
(19, 4689, '2026-01-20 15:13:40', 9, 42, 35, 'PENDING'),
(20, 2270, '2026-01-14 08:02:22', 9, 64, 48, 'CREATED'),
(21, 851, '2026-01-08 06:18:58', 10, 20, 15, 'CREATED'),
(22, 579, '2026-01-03 20:54:59', 11, 24, 23, 'OFFER_AVAILABLE'),
(23, 3171, '2026-01-19 22:30:44', 11, 46, 36, 'OFFER_AVAILABLE'),
(24, 1067, '2026-01-05 13:54:04', 11, 8, 6, 'CREATED'),
(25, 3075, '2026-01-14 11:51:43', 12, 6, 4, 'OFFER_AVAILABLE'),
(26, 3693, '2026-01-12 17:18:18', 12, 30, 27, 'OFFER_SENT'),
(27, 159, '2026-01-20 10:05:10', 13, 60, 42, 'PENDING'),
(28, 1714, '2026-01-17 04:24:06', 13, 69, 52, 'CREATED'),
(29, 339, '2026-01-10 14:47:36', 13, 42, 35, 'OFFER_SENT'),
(30, 1695, '2026-01-12 09:58:42', 14, 52, 39, 'OFFER_AVAILABLE'),
(31, 430, '2026-01-07 02:09:16', 14, 28, 24, 'CREATED'),
(32, 722, '2026-01-01 05:35:33', 15, 24, 21, 'OFFER_AVAILABLE'),
(33, 404, '2026-01-26 06:19:15', 15, 60, 42, 'OFFER_SENT'),
(34, 271, '2026-01-09 15:21:14', 15, 6, 4, 'PENDING'),
(35, 2996, '2026-01-06 07:16:35', 16, 52, 39, 'CREATED'),
(36, 1979, '2026-01-08 09:13:05', 16, 46, 37, 'CREATED'),
(37, 351, '2026-01-23 06:00:49', 16, 42, 35, 'CREATED'),
(38, 2527, '2026-01-11 14:51:51', 16, 61, 43, 'PENDING'),
(39, 477, '2026-01-14 05:20:15', 17, 28, 26, 'PENDING'),
(40, 1796, '2026-01-01 08:51:55', 17, 57, 41, 'CREATED'),
(41, 1302, '2026-01-18 16:14:19', 17, 73, 59, 'PENDING'),
(42, 3993, '2026-01-08 00:16:57', 18, 4, 3, 'OFFER_AVAILABLE'),
(43, 991, '2026-01-04 03:51:21', 18, 73, 60, 'CREATED'),
(44, 1820, '2026-01-12 18:46:16', 18, 78, 67, 'OFFER_AVAILABLE'),
(45, 330, '2026-01-19 19:07:10', 19, 60, 42, 'OFFER_SENT'),
(46, 301, '2026-01-26 08:46:35', 19, 69, 53, 'OFFER_SENT'),
(47, 308, '2026-01-26 12:41:25', 20, 75, 62, 'PENDING'),
(48, 2039, '2026-01-19 14:13:21', 20, 78, 67, 'CREATED'),
(49, 3720, '2026-01-25 12:28:30', 20, 64, 47, 'OFFER_AVAILABLE'),
(50, 2901, '2026-01-23 07:01:12', 20, 69, 52, 'CREATED'),
(51, 1575, '2026-01-04 17:11:50', 20, 8, 6, 'PENDING'),
(52, 2164, '2026-01-22 06:44:00', 21, 12, 10, 'OFFER_SENT'),
(53, 616, '2026-01-10 11:59:26', 21, 46, 37, 'PENDING'),
(54, 466, '2026-01-15 09:40:57', 21, 73, 59, 'CREATED'),
(55, 203, '2026-01-04 04:40:39', 22, 78, 67, 'OFFER_AVAILABLE'),
(56, 539, '2026-01-22 07:10:28', 22, 73, 60, 'OFFER_AVAILABLE'),
(57, 518, '2026-01-14 09:32:54', 22, 12, 10, 'OFFER_SENT'),
(58, 488, '2026-01-22 20:07:51', 22, 12, 10, 'PENDING'),
(59, 473, '2026-01-02 20:10:21', 23, 30, 29, 'PENDING'),
(60, 4699, '2026-01-02 01:53:27', 23, 35, 30, 'CREATED'),
(61, 4444, '2026-01-12 02:32:32', 23, 12, 10, 'OFFER_AVAILABLE'),
(62, 2565, '2026-01-20 05:10:11', 23, 61, 43, 'PENDING'),
(63, 1763, '2026-01-11 16:14:22', 24, 28, 24, 'OFFER_SENT'),
(64, 1721, '2026-01-09 15:52:32', 24, 42, 35, 'OFFER_AVAILABLE'),
(65, 285, '2026-01-07 19:59:23', 25, 77, 65, 'OFFER_AVAILABLE'),
(66, 370, '2026-01-18 12:37:48', 25, 69, 53, 'OFFER_AVAILABLE'),
(67, 488, '2026-01-25 11:06:50', 25, 6, 4, 'PENDING'),
(68, 518, '2026-01-02 03:57:29', 25, 75, 61, 'CREATED'),
(69, 1417, '2026-01-16 01:14:14', 26, 35, 31, 'OFFER_SENT'),
(70, 234, '2026-01-17 09:52:47', 27, 28, 26, 'OFFER_SENT'),
(71, 513, '2026-01-02 08:32:18', 27, 41, 34, 'PENDING'),
(72, 66, '2026-01-14 04:01:42', 27, 75, 61, 'OFFER_SENT'),
(73, 1194, '2026-01-05 09:46:53', 28, 60, 42, 'OFFER_SENT'),
(74, 159, '2026-01-22 21:28:10', 28, 4, 2, 'OFFER_AVAILABLE'),
(75, 3420, '2026-01-01 15:21:33', 28, 6, 4, 'OFFER_AVAILABLE'),
(76, 2568, '2026-01-07 05:03:04', 28, 78, 67, 'PENDING'),
(77, 839, '2026-01-24 05:56:28', 29, 41, 33, 'CREATED'),
(78, 1651, '2026-01-01 00:50:01', 30, 46, 37, 'CREATED'),
(79, 1020, '2026-01-23 21:47:53', 30, 24, 23, 'OFFER_SENT'),
(80, 4100, '2026-01-16 21:18:33', 30, 77, 65, 'OFFER_AVAILABLE'),
(81, 3951, '2026-01-06 19:18:54', 30, 57, 40, 'OFFER_SENT'),
(82, 1662, '2026-01-22 13:11:41', 31, 75, 63, 'OFFER_AVAILABLE'),
(83, 1206, '2026-01-22 15:36:15', 31, 77, 65, 'CREATED'),
(84, 290, '2026-01-22 11:19:28', 31, 75, 61, 'CREATED'),
(85, 856, '2026-01-19 16:43:32', 31, 57, 41, 'OFFER_AVAILABLE'),
(86, 1444, '2026-01-15 07:34:08', 31, 36, 32, 'CREATED'),
(87, 2913, '2026-01-15 08:38:08', 32, 77, 65, 'OFFER_SENT'),
(88, 298, '2026-01-13 06:08:57', 32, 24, 23, 'CREATED'),
(89, 2446, '2026-01-11 13:05:17', 32, 19, 13, 'PENDING'),
(90, 630, '2026-01-10 14:26:21', 33, 10, 9, 'PENDING'),
(91, 2317, '2026-01-02 13:01:11', 33, 57, 40, 'OFFER_AVAILABLE'),
(92, 1376, '2026-01-04 00:38:27', 33, 30, 27, 'PENDING'),
(93, 575, '2026-01-10 23:41:20', 34, 19, 13, 'CREATED'),
(94, 912, '2026-01-06 16:01:28', 34, 20, 14, 'OFFER_AVAILABLE'),
(95, 195, '2026-01-12 00:47:32', 34, 42, 35, 'PENDING'),
(96, 706, '2026-01-10 23:42:25', 34, 35, 30, 'PENDING'),
(97, 320, '2026-01-19 15:26:45', 34, 61, 43, 'PENDING'),
(98, 454, '2026-01-18 08:05:51', 35, 23, 18, 'OFFER_SENT'),
(99, 332, '2026-01-25 01:04:20', 35, 8, 5, 'OFFER_SENT'),
(100, 433, '2026-01-17 08:38:25', 35, 77, 66, 'CREATED'),
(101, 697, '2026-01-15 09:47:01', 35, 19, 13, 'CREATED'),
(102, 820, '2026-01-21 08:27:59', 35, 35, 31, 'PENDING'),
(103, 916, '2026-01-02 00:35:45', 36, 76, 64, 'OFFER_AVAILABLE'),
(104, 1338, '2026-01-08 13:16:07', 36, 69, 53, 'CREATED'),
(105, 295, '2026-01-18 13:57:33', 36, 63, 45, 'OFFER_AVAILABLE'),
(106, 210, '2026-01-26 23:32:26', 36, 77, 66, 'PENDING'),
(107, 3358, '2026-01-10 00:09:46', 37, 57, 41, 'OFFER_AVAILABLE'),
(108, 583, '2026-01-17 02:09:16', 37, 23, 19, 'PENDING'),
(109, 3272, '2026-01-06 05:18:57', 37, 41, 34, 'OFFER_AVAILABLE'),
(110, 86, '2026-01-08 19:52:52', 37, 72, 56, 'OFFER_SENT'),
(111, 3317, '2026-01-25 07:29:38', 37, 52, 39, 'PENDING'),
(112, 1887, '2026-01-19 19:33:03', 38, 35, 31, 'OFFER_SENT'),
(113, 2088, '2026-01-11 14:35:15', 39, 71, 55, 'OFFER_SENT'),
(114, 1002, '2026-01-21 07:30:24', 39, 4, 1, 'OFFER_AVAILABLE'),
(115, 2727, '2026-01-18 18:38:41', 39, 76, 64, 'PENDING'),
(116, 1481, '2026-01-12 21:59:42', 40, 23, 19, 'PENDING'),
(117, 1322, '2026-01-04 07:36:10', 40, 61, 43, 'PENDING'),
(118, 2741, '2026-01-03 04:33:28', 41, 76, 64, 'CREATED'),
(119, 4234, '2026-01-15 22:00:33', 41, 6, 4, 'CREATED'),
(120, 441, '2026-01-12 12:03:53', 41, 30, 28, 'CREATED'),
(121, 1071, '2026-01-17 21:05:52', 41, 8, 6, 'PENDING'),
(122, 93, '2026-01-22 03:51:49', 42, 75, 61, 'CREATED'),
(123, 77, '2026-01-07 22:09:11', 42, 52, 39, 'PENDING'),
(124, 91, '2026-01-20 19:31:17', 42, 75, 62, 'OFFER_SENT'),
(125, 73, '2026-01-01 23:07:15', 42, 73, 59, 'OFFER_AVAILABLE'),
(126, 1533, '2026-01-03 03:17:27', 43, 16, 12, 'OFFER_AVAILABLE'),
(127, 3095, '2026-01-24 05:50:08', 43, 66, 51, 'OFFER_SENT'),
(128, 76, '2026-01-12 10:05:50', 44, 75, 63, 'OFFER_AVAILABLE'),
(129, 1231, '2026-01-14 02:23:04', 44, 8, 6, 'OFFER_AVAILABLE'),
(130, 1151, '2026-01-18 11:04:59', 44, 6, 4, 'CREATED'),
(131, 949, '2026-01-10 04:30:41', 44, 19, 13, 'OFFER_AVAILABLE'),
(132, 815, '2026-01-05 10:54:09', 44, 63, 46, 'PENDING'),
(133, 148, '2026-01-07 11:46:50', 45, 52, 39, 'OFFER_SENT'),
(134, 2808, '2026-01-11 19:58:43', 46, 4, 3, 'CREATED'),
(135, 1541, '2026-01-27 03:28:50', 46, 12, 10, 'OFFER_SENT'),
(136, 131, '2026-01-13 03:55:51', 47, 71, 54, 'CREATED'),
(137, 122, '2026-01-21 07:32:24', 47, 69, 52, 'OFFER_AVAILABLE'),
(138, 65, '2026-01-09 11:09:04', 47, 16, 12, 'OFFER_AVAILABLE'),
(139, 69, '2026-01-16 08:57:58', 47, 52, 39, 'PENDING'),
(140, 4271, '2026-01-18 20:25:33', 48, 30, 28, 'OFFER_AVAILABLE'),
(141, 1414, '2026-01-13 17:51:50', 48, 57, 40, 'OFFER_SENT'),
(142, 2171, '2026-01-05 14:10:54', 48, 71, 55, 'OFFER_SENT'),
(143, 3019, '2026-01-16 14:02:56', 48, 76, 64, 'PENDING'),
(144, 3544, '2026-01-21 21:37:55', 48, 64, 48, 'OFFER_AVAILABLE'),
(145, 94, '2026-01-25 19:15:59', 49, 4, 1, 'PENDING'),
(146, 50, '2026-01-12 18:19:37', 49, 20, 15, 'PENDING'),
(147, 99, '2026-01-02 20:51:23', 49, 19, 13, 'OFFER_AVAILABLE'),
(148, 55, '2026-01-21 22:06:58', 49, 20, 15, 'PENDING'),
(149, 90, '2026-01-16 13:02:53', 49, 23, 20, 'OFFER_AVAILABLE'),
(150, 1787, '2026-01-21 12:47:29', 50, 75, 63, 'CREATED'),
(151, 1410, '2026-01-04 22:16:36', 51, 46, 37, 'CREATED'),
(152, 1658, '2026-01-25 19:09:57', 51, 10, 7, 'OFFER_AVAILABLE'),
(153, 533, '2026-01-10 05:07:58', 51, 52, 39, 'OFFER_AVAILABLE'),
(154, 331, '2026-01-22 17:45:53', 52, 10, 9, 'OFFER_SENT'),
(155, 595, '2026-01-03 00:54:07', 52, 10, 9, 'PENDING'),
(156, 639, '2026-01-06 01:37:30', 53, 69, 52, 'OFFER_SENT'),
(157, 497, '2026-01-04 19:52:25', 53, 69, 53, 'OFFER_SENT'),
(158, 2380, '2026-01-18 09:41:07', 53, 76, 64, 'OFFER_SENT'),
(159, 1168, '2026-01-19 06:28:32', 53, 73, 59, 'CREATED'),
(160, 301, '2026-01-19 18:18:58', 53, 77, 66, 'PENDING'),
(161, 2783, '2026-01-10 01:22:17', 54, 63, 44, 'OFFER_AVAILABLE'),
(162, 2903, '2026-01-13 02:31:13', 54, 35, 30, 'OFFER_SENT'),
(163, 3797, '2026-01-01 14:28:51', 54, 63, 46, 'PENDING'),
(164, 392, '2026-01-26 11:40:56', 54, 4, 1, 'CREATED'),
(165, 3809, '2026-01-17 21:57:49', 54, 6, 4, 'PENDING'),
(166, 574, '2026-01-09 08:48:29', 55, 12, 10, 'CREATED'),
(167, 4021, '2026-01-08 19:06:08', 55, 72, 58, 'PENDING'),
(168, 4343, '2026-01-07 20:34:16', 55, 12, 10, 'CREATED'),
(169, 960, '2026-01-08 04:30:42', 55, 41, 34, 'PENDING'),
(170, 1097, '2026-01-07 05:35:35', 56, 6, 4, 'PENDING'),
(171, 861, '2026-01-22 01:02:53', 57, 61, 43, 'PENDING'),
(172, 414, '2026-01-12 02:37:45', 57, 35, 30, 'OFFER_SENT'),
(173, 1420, '2026-01-09 00:42:54', 57, 10, 8, 'PENDING'),
(174, 238, '2026-01-17 19:36:04', 58, 57, 40, 'CREATED'),
(175, 231, '2026-01-12 20:00:14', 58, 69, 53, 'OFFER_SENT'),
(176, 89, '2026-01-17 04:06:42', 58, 10, 7, 'OFFER_AVAILABLE'),
(177, 123, '2026-01-17 02:06:57', 58, 36, 32, 'CREATED'),
(178, 1340, '2026-01-19 09:27:19', 59, 69, 52, 'CREATED'),
(179, 374, '2026-01-16 03:17:39', 59, 71, 54, 'CREATED'),
(180, 342, '2026-01-13 01:44:23', 59, 75, 62, 'OFFER_SENT'),
(181, 129, '2026-01-21 17:18:59', 59, 10, 7, 'OFFER_AVAILABLE'),
(182, 1118, '2026-01-27 04:31:50', 59, 36, 32, 'PENDING'),
(183, 976, '2026-01-09 22:57:42', 60, 28, 24, 'PENDING'),
(184, 278, '2026-01-01 19:02:56', 60, 76, 64, 'CREATED'),
(185, 1372, '2026-01-09 21:05:17', 60, 12, 10, 'OFFER_SENT'),
(186, 2036, '2026-01-03 23:43:08', 61, 52, 39, 'CREATED'),
(187, 563, '2026-01-06 01:01:03', 62, 24, 23, 'OFFER_AVAILABLE'),
(188, 2189, '2026-01-01 23:14:37', 62, 76, 64, 'CREATED'),
(189, 1533, '2026-01-07 07:24:11', 62, 52, 39, 'PENDING'),
(190, 975, '2026-01-26 07:25:19', 63, 19, 13, 'PENDING'),
(191, 699, '2026-01-24 20:01:05', 63, 6, 4, 'CREATED'),
(192, 552, '2026-01-04 18:42:27', 63, 66, 50, 'PENDING'),
(193, 673, '2026-01-16 22:52:26', 63, 22, 17, 'OFFER_AVAILABLE'),
(194, 2854, '2026-01-16 12:20:36', 64, 6, 4, 'OFFER_AVAILABLE'),
(195, 2906, '2026-01-04 03:00:39', 64, 75, 61, 'CREATED'),
(196, 1667, '2026-01-18 22:32:31', 65, 19, 13, 'OFFER_SENT'),
(197, 1433, '2026-01-05 21:11:45', 66, 10, 7, 'OFFER_AVAILABLE'),
(198, 1375, '2026-01-07 17:32:03', 66, 12, 10, 'PENDING'),
(199, 913, '2026-01-03 13:09:55', 66, 42, 35, 'PENDING'),
(200, 235, '2026-01-18 15:59:40', 66, 57, 41, 'OFFER_SENT'),
(201, 296, '2026-01-01 15:00:11', 66, 30, 29, 'CREATED'),
(202, 2129, '2026-01-18 05:03:30', 67, 64, 47, 'PENDING'),
(203, 1084, '2026-01-11 00:28:17', 67, 78, 68, 'PENDING'),
(204, 1599, '2026-01-08 10:12:38', 67, 73, 60, 'CREATED'),
(205, 352, '2026-01-21 09:13:40', 67, 22, 17, 'CREATED'),
(206, 3836, '2026-01-06 13:28:41', 67, 35, 30, 'CREATED'),
(207, 2394, '2026-01-09 04:42:34', 68, 75, 62, 'PENDING'),
(208, 2250, '2026-01-05 20:10:54', 68, 52, 39, 'PENDING'),
(209, 647, '2026-01-11 16:44:55', 68, 75, 62, 'OFFER_AVAILABLE'),
(210, 1695, '2026-01-25 09:22:48', 68, 66, 49, 'PENDING'),
(211, 1821, '2026-01-03 06:45:33', 68, 66, 50, 'OFFER_AVAILABLE'),
(212, 471, '2026-01-09 17:50:01', 69, 63, 45, 'PENDING'),
(213, 285, '2026-01-17 07:33:19', 69, 36, 32, 'OFFER_AVAILABLE'),
(214, 1323, '2026-01-12 00:54:54', 69, 20, 14, 'PENDING'),
(215, 4310, '2026-01-04 02:37:17', 69, 60, 42, 'OFFER_AVAILABLE'),
(216, 967, '2026-01-11 20:07:29', 69, 30, 28, 'OFFER_AVAILABLE'),
(217, 426, '2026-01-10 05:48:54', 70, 10, 9, 'OFFER_AVAILABLE'),
(218, 554, '2026-01-26 01:56:51', 70, 57, 40, 'OFFER_AVAILABLE');

INSERT INTO move_trip (id, move_request_id, move_offer_id, status) VALUES
(1, 2, 2, 'CONFIRMED'),
(2, 4, 5, 'CONFIRMED'),
(3, 6, 10, 'PAYMENT_COMPLETED'),
(4, 8, 17, 'IS_IN_TRANSIT'),
(5, 9, 19, 'CONFIRMED'),
(6, 9, 20, 'IS_IN_TRANSIT'),
(7, 11, 22, 'CONFIRMED'),
(8, 12, 26, 'COMPLETED'),
(9, 13, 28, 'CONFIRMED'),
(10, 14, 31, 'PAYMENT_COMPLETED'),
(11, 17, 41, 'PAYMENT_COMPLETED'),
(12, 20, 48, 'CONFIRMED'),
(13, 20, 49, 'PAYMENT_COMPLETED'),
(14, 22, 55, 'CONFIRMED'),
(15, 23, 59, 'IS_IN_TRANSIT'),
(16, 24, 63, 'IS_IN_TRANSIT'),
(17, 24, 64, 'PAYMENT_COMPLETED'),
(18, 25, 67, 'IS_IN_TRANSIT'),
(19, 27, 72, 'CONFIRMED'),
(20, 28, 74, 'COMPLETED'),
(21, 28, 76, 'CONFIRMED'),
(22, 30, 80, 'IS_IN_TRANSIT'),
(23, 31, 82, 'CONFIRMED'),
(24, 31, 83, 'PAYMENT_COMPLETED'),
(25, 31, 84, 'COMPLETED'),
(26, 33, 92, 'CONFIRMED'),
(27, 34, 95, 'COMPLETED'),
(28, 34, 96, 'COMPLETED'),
(29, 35, 98, 'PAYMENT_COMPLETED'),
(30, 35, 99, 'IS_IN_TRANSIT'),
(31, 36, 104, 'PAYMENT_COMPLETED'),
(32, 36, 105, 'IS_IN_TRANSIT'),
(33, 37, 109, 'CONFIRMED'),
(34, 38, 112, 'COMPLETED'),
(35, 42, 122, 'CONFIRMED'),
(36, 42, 125, 'CONFIRMED'),
(37, 43, 126, 'CONFIRMED'),
(38, 46, 134, 'PAYMENT_COMPLETED'),
(39, 47, 136, 'CONFIRMED'),
(40, 47, 138, 'COMPLETED'),
(41, 48, 141, 'IS_IN_TRANSIT'),
(42, 48, 142, 'IS_IN_TRANSIT'),
(43, 48, 143, 'CONFIRMED'),
(44, 48, 144, 'CONFIRMED'),
(45, 49, 145, 'PAYMENT_COMPLETED'),
(46, 49, 148, 'COMPLETED'),
(47, 50, 150, 'IS_IN_TRANSIT'),
(48, 51, 151, 'CONFIRMED'),
(49, 51, 153, 'IS_IN_TRANSIT'),
(50, 52, 155, 'IS_IN_TRANSIT'),
(51, 53, 156, 'PAYMENT_COMPLETED'),
(52, 53, 158, 'IS_IN_TRANSIT'),
(53, 53, 160, 'PAYMENT_COMPLETED'),
(54, 54, 165, 'PAYMENT_COMPLETED'),
(55, 57, 171, 'COMPLETED'),
(56, 58, 176, 'IS_IN_TRANSIT'),
(57, 58, 177, 'IS_IN_TRANSIT'),
(58, 59, 179, 'PAYMENT_COMPLETED'),
(59, 63, 192, 'COMPLETED'),
(60, 66, 197, 'CONFIRMED'),
(61, 66, 198, 'COMPLETED'),
(62, 66, 199, 'CONFIRMED'),
(63, 66, 200, 'CONFIRMED'),
(64, 67, 203, 'IS_IN_TRANSIT'),
(65, 67, 204, 'PAYMENT_COMPLETED'),
(66, 68, 209, 'IS_IN_TRANSIT'),
(67, 68, 210, 'CONFIRMED');

