-- Seed data generated by seed_data.py

INSERT INTO vehicle_type (id, type, max_weight, capacity) VALUES
(1, 'SEDAN', 500.0, 4.0),
(2, 'SUV', 800.0, 6.0),
(3, 'HATCHBACKS', 400.0, 4.0),
(4, 'MINIVAN', 600.0, 7.0),
(5, 'VAN', 1000.0, 10.0),
(6, 'TRUCK', 2000.0, 2.0);

INSERT INTO luggage_type (id, type, name, volume, weight) VALUES
(1, 'SMALL', 'Small Box', 1.0, 5.0),
(2, 'MEDIUM', 'Medium Box', 2.0, 10.0),
(3, 'LARGE', 'Large Box', 5.0, 20.0),
(4, 'EXTRA_LARGE', 'Extra Large Box', 10.0, 50.0),
(5, 'EXTRA_EXTRA_LARGE', 'Extra Extra Large Box', 20.0, 100.0);

INSERT INTO address (id, line1, line2, city, state_or_province, country, postal_or_zip_code) VALUES
(1, '360 Scott Island', NULL, 'Port Lisa', 'Washington', 'USA', '40208'),
(2, '38649 Cody Junction Apt. 463', NULL, 'Port Cassandraberg', 'Wisconsin', 'USA', '05283'),
(3, '563 Rocha Views Suite 328', 'Apt. 449', 'New Michelle', 'Iowa', 'USA', '52499'),
(4, '337 Patrick Alley', 'Suite 832', 'Port Teresaview', 'Florida', 'USA', '79170'),
(5, '03746 Christopher Lights', NULL, 'North Calvin', 'New Hampshire', 'USA', '07801'),
(6, '52281 Jessica Squares Suite 108', NULL, 'North Coreyville', 'Colorado', 'USA', '69988'),
(7, '92343 Welch Ways Apt. 649', NULL, 'West Amyview', 'Wisconsin', 'USA', '49033'),
(8, '751 Walker Landing', 'Suite 013', 'East Malikchester', 'Oregon', 'USA', '02349'),
(9, '660 Michael Summit Apt. 080', 'Apt. 976', 'Lopezborough', 'Delaware', 'USA', '49734'),
(10, '3464 Little Crossing Suite 534', 'Suite 352', 'East Jason', 'New Jersey', 'USA', '79178'),
(11, '8776 Colin Forks', 'Suite 298', 'Lunaberg', 'Kansas', 'USA', '37644'),
(12, '0160 Rachel Station Apt. 035', NULL, 'Nicholaston', 'Alaska', 'USA', '86736'),
(13, '732 Nelson Roads Apt. 045', 'Suite 513', 'Simmonstown', 'Nevada', 'USA', '72612'),
(14, '69064 Molly Stream Apt. 711', 'Apt. 320', 'North Ryan', 'Maine', 'USA', '97642'),
(15, '1088 Whitney Unions Apt. 314', NULL, 'North Dianamouth', 'New York', 'USA', '59809'),
(16, '6318 Austin Bridge', NULL, 'Baileyport', 'Missouri', 'USA', '06943'),
(17, '4134 Elizabeth Mountain', 'Suite 658', 'Ryanborough', 'Ohio', 'USA', '80458'),
(18, '32392 Candace Island Suite 021', 'Apt. 369', 'East Amyside', 'Nebraska', 'USA', '30746'),
(19, '54867 Brian Curve', NULL, 'Marcusberg', 'Florida', 'USA', '00521'),
(20, '85514 Sandra Shore Apt. 914', 'Suite 977', 'Stacyton', 'North Carolina', 'USA', '08419'),
(21, '68937 Stephen Crest Apt. 655', 'Suite 194', 'Johnberg', 'Indiana', 'USA', '54351'),
(22, '179 Martinez Valley Suite 701', 'Suite 001', 'Jacksonmouth', 'New Hampshire', 'USA', '39350'),
(23, '2303 Alexandra Knolls', 'Suite 979', 'Mosschester', 'Illinois', 'USA', '51314'),
(24, '8367 Randy Heights Suite 106', NULL, 'East Alexanderburgh', 'Maryland', 'USA', '70809'),
(25, '94607 Michael Ferry Apt. 920', NULL, 'West Carly', 'Washington', 'USA', '55173'),
(26, '1265 Amanda Valley', NULL, 'Lake Mark', 'Kansas', 'USA', '78815'),
(27, '1424 Kaitlin Heights Suite 354', 'Suite 691', 'East Craig', 'Vermont', 'USA', '16712'),
(28, '984 Werner Tunnel Suite 650', NULL, 'Lake Justin', 'Michigan', 'USA', '62453'),
(29, '01619 Samantha Spurs Suite 333', 'Apt. 116', 'South Vanessa', 'Virginia', 'USA', '96772'),
(30, '786 Dominguez Brook', 'Apt. 101', 'Shannonfurt', 'Iowa', 'USA', '97116'),
(31, '97034 Sloan Underpass', 'Suite 822', 'Samanthaton', 'Illinois', 'USA', '81897'),
(32, '84835 Laura Canyon', 'Apt. 663', 'Adamston', 'Alaska', 'USA', '27815'),
(33, '1083 Andrea Mews', 'Apt. 374', 'New David', 'New Jersey', 'USA', '14579'),
(34, '48113 Nguyen Haven Suite 863', NULL, 'Kennethchester', 'North Carolina', 'USA', '86866'),
(35, '2429 Gonzalez Shoal', 'Suite 438', 'Williamsmouth', 'New Hampshire', 'USA', '84193'),
(36, '25117 Morgan River', NULL, 'Johnside', 'Nebraska', 'USA', '20269'),
(37, '147 Amanda Club Suite 410', NULL, 'Amandachester', 'Arkansas', 'USA', '02747'),
(38, '8410 Carl Cove Suite 189', NULL, 'Nguyenmouth', 'New York', 'USA', '72229'),
(39, '0458 Arthur Lock Suite 450', 'Suite 341', 'Curtisbury', 'South Carolina', 'USA', '65012'),
(40, '34743 Evan Mountains', NULL, 'South Caseyville', 'Idaho', 'USA', '30626'),
(41, '5645 Herrera Garden', 'Suite 025', 'Garciaville', 'Illinois', 'USA', '62106'),
(42, '67522 Brandy Walks Suite 330', 'Apt. 188', 'Andersonstad', 'Oklahoma', 'USA', '97817'),
(43, '657 Pena Plaza', NULL, 'East Annechester', 'Minnesota', 'USA', '89962'),
(44, '7382 Michael Brooks', 'Apt. 062', 'Michealton', 'Colorado', 'USA', '64221'),
(45, '600 Parker Village', 'Suite 975', 'West Mirandaview', 'North Carolina', 'USA', '93964'),
(46, '9773 Robyn Knoll', NULL, 'North Stevenview', 'Louisiana', 'USA', '58454'),
(47, '336 Jacqueline Common', 'Suite 252', 'East Aaron', 'Oregon', 'USA', '01745'),
(48, '58672 Mendoza Light Apt. 578', NULL, 'West Amy', 'Illinois', 'USA', '48008'),
(49, '009 Jones Bypass', NULL, 'Randymouth', 'Massachusetts', 'USA', '20203'),
(50, '4036 Joshua Knolls Suite 835', 'Apt. 033', 'Martinburgh', 'North Carolina', 'USA', '82474'),
(51, '17205 Reyes Court Apt. 457', 'Apt. 150', 'East Austinborough', 'New Hampshire', 'USA', '77919'),
(52, '26887 Hill Trace Suite 310', NULL, 'North Davidmouth', 'Rhode Island', 'USA', '32608'),
(53, '27611 Jones Manor Apt. 076', NULL, 'New Judithmouth', 'Wisconsin', 'USA', '29819'),
(54, '47149 Michael Light', NULL, 'Stevenport', 'Vermont', 'USA', '84484'),
(55, '18873 Patrick Inlet Suite 546', 'Apt. 001', 'Melissaburgh', 'Montana', 'USA', '34451'),
(56, '6541 Martinez Park', NULL, 'Katieborough', 'Oregon', 'USA', '45396'),
(57, '02691 Allison Shoal Apt. 746', 'Suite 328', 'Timothystad', 'Ohio', 'USA', '79400'),
(58, '12315 Linda Mews Suite 767', NULL, 'Port Alexandramouth', 'Idaho', 'USA', '06260'),
(59, '1166 Ramirez Squares Apt. 558', 'Suite 233', 'West Davidton', 'Idaho', 'USA', '38164'),
(60, '31595 James Fall', 'Apt. 089', 'East Marybury', 'Arizona', 'USA', '93813'),
(61, '38711 Torres Turnpike', 'Apt. 424', 'Port Kimberly', 'Nebraska', 'USA', '55099'),
(62, '8886 Karen Key Apt. 088', 'Apt. 478', 'New Veronicamouth', 'Wisconsin', 'USA', '50386'),
(63, '37802 Lydia Glens Apt. 961', NULL, 'Joshualand', 'Mississippi', 'USA', '86649'),
(64, '30957 Kathleen Hill Suite 700', 'Suite 458', 'Port Ashleyhaven', 'Iowa', 'USA', '70190'),
(65, '5059 Samantha Inlet Apt. 507', 'Suite 444', 'Jonesberg', 'Georgia', 'USA', '52622'),
(66, '90724 Schmidt Groves Apt. 430', NULL, 'New Mark', 'Virginia', 'USA', '23997'),
(67, '865 Ryan Orchard', 'Apt. 484', 'Susanshire', 'Idaho', 'USA', '08805'),
(68, '0670 Matthew Underpass', 'Apt. 778', 'Joshuamouth', 'Wisconsin', 'USA', '42315'),
(69, '6464 Bryan Ways Suite 467', NULL, 'Gainesmouth', 'New Mexico', 'USA', '24279'),
(70, '32302 Joy Station', 'Suite 871', 'Susanville', 'Tennessee', 'USA', '19964'),
(71, '75828 Wilson Forges Suite 945', 'Apt. 431', 'Lake Richard', 'Florida', 'USA', '87982'),
(72, '26523 Shelton Tunnel', NULL, 'West Wayne', 'New Hampshire', 'USA', '10216'),
(73, '6918 Christopher Motorway', 'Apt. 549', 'Danielstad', 'Utah', 'USA', '04174'),
(74, '3281 Brandon Crossing', 'Apt. 550', 'Jordanbury', 'Kentucky', 'USA', '61514'),
(75, '9753 Bennett Streets', NULL, 'North Maryfurt', 'Rhode Island', 'USA', '04187'),
(76, '35268 Johnston Crescent', 'Apt. 270', 'East Wandaburgh', 'New York', 'USA', '24672'),
(77, '816 Garza Points', NULL, 'South Marcborough', 'Montana', 'USA', '87491'),
(78, '3203 Johnson Island Suite 232', 'Apt. 534', 'East Doris', 'Wisconsin', 'USA', '28962'),
(79, '621 Brendan Vista', NULL, 'Kellyview', 'Minnesota', 'USA', '31204'),
(80, '541 Allison Lake', 'Apt. 257', 'Raymondfort', 'Oklahoma', 'USA', '69396'),
(81, '3252 Tony Groves Suite 986', NULL, 'North Amanda', 'West Virginia', 'USA', '98780'),
(82, '2258 Sanchez Wall', 'Apt. 577', 'Pattersonshire', 'West Virginia', 'USA', '32230'),
(83, '1518 Cooley Pines', NULL, 'New Daniel', 'Washington', 'USA', '14162'),
(84, '202 Benjamin Wells', 'Suite 141', 'Flynnview', 'Kansas', 'USA', '97840'),
(85, '83517 Lindsey Path', 'Apt. 573', 'New Jill', 'Virginia', 'USA', '39423'),
(86, '819 Nicole Crescent Suite 958', 'Suite 532', 'Bethanymouth', 'Colorado', 'USA', '68944'),
(87, '78059 Katelyn Viaduct Suite 628', NULL, 'Laurachester', 'South Dakota', 'USA', '42616'),
(88, '3832 West Land', NULL, 'Briantown', 'Nebraska', 'USA', '61858'),
(89, '88439 Nicholas Estates', NULL, 'Hollowayport', 'California', 'USA', '23875'),
(90, '125 Hayes Circle', 'Suite 458', 'Manuelview', 'Wisconsin', 'USA', '69312'),
(91, '9678 Elizabeth Island', NULL, 'Michellehaven', 'Maryland', 'USA', '60579'),
(92, '544 Sharon Lodge', NULL, 'East Morgan', 'New York', 'USA', '48882'),
(93, '7181 James Squares', 'Suite 530', 'North Charles', 'Delaware', 'USA', '87384'),
(94, '99859 Reyes Streets Suite 254', 'Apt. 042', 'Sandraborough', 'Indiana', 'USA', '52243'),
(95, '3839 Cuevas Creek', 'Apt. 876', 'West Laura', 'Montana', 'USA', '81480'),
(96, '5394 Klein Ports', 'Suite 821', 'North Marychester', 'Indiana', 'USA', '28535'),
(97, '538 Jane Knoll Suite 886', NULL, 'Shepherdview', 'Pennsylvania', 'USA', '63775'),
(98, '473 Berg Terrace Suite 620', 'Suite 505', 'Schroederview', 'Illinois', 'USA', '58456'),
(99, '83948 Patel Drives Suite 207', 'Apt. 556', 'Simpsonhaven', 'Virginia', 'USA', '23826'),
(100, '86325 Peter Lock', 'Suite 034', 'Lake Danielleville', 'Oklahoma', 'USA', '70854'),
(101, '802 Jason Path', NULL, 'East Donaldburgh', 'Florida', 'USA', '22097'),
(102, '924 Crystal Fort', 'Suite 400', 'Sandersview', 'Connecticut', 'USA', '19422'),
(103, '2993 Stevens Villages', 'Suite 947', 'Castroton', 'Iowa', 'USA', '66344'),
(104, '9242 Martin Plains', 'Suite 181', 'Gomezville', 'Vermont', 'USA', '80472'),
(105, '3222 Adrienne Passage', NULL, 'Lake Christopherville', 'Utah', 'USA', '51284'),
(106, '0815 Gwendolyn Crest', NULL, 'Whiteport', 'Wisconsin', 'USA', '64696'),
(107, '00651 Sarah Highway', NULL, 'Hansonland', 'Utah', 'USA', '75280'),
(108, '056 William Prairie Suite 376', NULL, 'Port Mason', 'Maine', 'USA', '08141'),
(109, '82621 Whitney Street', 'Apt. 887', 'East Paul', 'Virginia', 'USA', '16307'),
(110, '9086 Terry Crescent', NULL, 'Fitzpatrickmouth', 'South Carolina', 'USA', '65720'),
(111, '00328 Amanda Park Suite 627', 'Suite 036', 'Hillberg', 'Rhode Island', 'USA', '60459'),
(112, '87113 Rachel Ranch Suite 741', NULL, 'Port Danielbury', 'Michigan', 'USA', '32037'),
(113, '61255 Williams Junctions', 'Suite 149', 'East Thomas', 'Tennessee', 'USA', '74714'),
(114, '488 Williams Unions', NULL, 'South Sarahaven', 'South Dakota', 'USA', '72092'),
(115, '759 Garcia Summit Suite 269', 'Apt. 346', 'Port Ryan', 'Maine', 'USA', '80163'),
(116, '89285 Smith Way Suite 925', NULL, 'Terryhaven', 'Texas', 'USA', '69826'),
(117, '849 Angela Plains Apt. 766', NULL, 'New Michelleborough', 'Maryland', 'USA', '47746'),
(118, '5527 Evans Camp', NULL, 'East Debrafort', 'Massachusetts', 'USA', '95907'),
(119, '80468 Blackburn Plaza Suite 787', NULL, 'Davidtown', 'Nebraska', 'USA', '28157'),
(120, '33268 Ali Views', 'Suite 960', 'Jenkinsside', 'Vermont', 'USA', '05835'),
(121, '2615 Matthew Stream Suite 056', 'Suite 790', 'South Maurice', 'New Mexico', 'USA', '72658'),
(122, '752 Julia Plains', 'Suite 648', 'North Derekberg', 'Iowa', 'USA', '09626'),
(123, '2732 Burnett Street Apt. 376', 'Suite 922', 'New Christinaport', 'North Carolina', 'USA', '05298'),
(124, '056 Alicia Loop', NULL, 'Merrittstad', 'Oregon', 'USA', '27376'),
(125, '93233 Kathleen Island', NULL, 'East Melissamouth', 'New Mexico', 'USA', '19722'),
(126, '999 James Expressway Suite 213', 'Suite 095', 'New Michaelfort', 'Texas', 'USA', '66866'),
(127, '43174 Katherine Keys Apt. 845', 'Apt. 294', 'New Whitney', 'Arizona', 'USA', '82700'),
(128, '39963 Christopher Loaf Suite 588', 'Apt. 852', 'Hebertmouth', 'Idaho', 'USA', '68248'),
(129, '2267 Sherri Lakes Suite 271', NULL, 'New Paulside', 'Wyoming', 'USA', '49652'),
(130, '588 Trevor Shoals', NULL, 'West Taylor', 'New Mexico', 'USA', '57418'),
(131, '87556 Nicholas Hills', 'Apt. 265', 'Port Holly', 'Arizona', 'USA', '23715'),
(132, '948 Sydney Shoals Apt. 455', NULL, 'South Katieton', 'West Virginia', 'USA', '03508'),
(133, '7798 Christian Pike', NULL, 'North Jackson', 'California', 'USA', '83798'),
(134, '93096 Villa Street Suite 985', 'Suite 297', 'Bridgethaven', 'New Hampshire', 'USA', '94574'),
(135, '383 Robert Summit', 'Suite 948', 'Lake Charlesbury', 'Iowa', 'USA', '98587'),
(136, '460 Javier Tunnel', 'Apt. 802', 'West Angela', 'Connecticut', 'USA', '03644'),
(137, '85388 Linda Brooks Apt. 960', 'Apt. 499', 'Leeport', 'New Jersey', 'USA', '93955'),
(138, '102 Taylor Fall', NULL, 'Lake Kristy', 'North Carolina', 'USA', '22562'),
(139, '226 Cooper Trail', 'Apt. 449', 'Diazton', 'Louisiana', 'USA', '02455'),
(140, '60931 Thomas Estates', NULL, 'Martinezborough', 'Rhode Island', 'USA', '21926'),
(141, '07726 Scott Place', NULL, 'East Rachelview', 'New York', 'USA', '07815'),
(142, '386 Fisher Orchard', 'Suite 286', 'Port Mark', 'Indiana', 'USA', '30620'),
(143, '7151 Sherry Shores', 'Apt. 595', 'East Sara', 'Maine', 'USA', '89424'),
(144, '0633 Hall Ridges', NULL, 'Jeffreyhaven', 'Minnesota', 'USA', '88552'),
(145, '493 Mitchell Plain Suite 155', NULL, 'Wayneside', 'New Hampshire', 'USA', '85419'),
(146, '906 Franklin Mountains Suite 471', NULL, 'Billyfort', 'Missouri', 'USA', '60456'),
(147, '2240 Knight Estate', NULL, 'New Jacob', 'Rhode Island', 'USA', '20820'),
(148, '83537 Brandon Trafficway Suite 340', NULL, 'Scottmouth', 'Arkansas', 'USA', '79975'),
(149, '1370 George Island Suite 687', NULL, 'Josephshire', 'Mississippi', 'USA', '46887'),
(150, '899 Tate Land Suite 500', NULL, 'Matthewburgh', 'New York', 'USA', '32894'),
(151, '77269 Johnson Villages', 'Apt. 584', 'Jacobstad', 'Kansas', 'USA', '33089'),
(152, '1045 Tracy Flat Suite 862', NULL, 'New Thomasberg', 'Alaska', 'USA', '17593'),
(153, '1855 Smith Parks Suite 902', NULL, 'Huntview', 'Maryland', 'USA', '16774'),
(154, '9829 Stokes Knoll Suite 775', NULL, 'Rhodesmouth', 'Wyoming', 'USA', '40835'),
(155, '41237 Jennifer Trace Apt. 659', NULL, 'Amyberg', 'Alabama', 'USA', '98397'),
(156, '0650 Alex Square', 'Suite 694', 'Clayburgh', 'Maine', 'USA', '50648'),
(157, '9755 Jerome Tunnel', NULL, 'Port Stephanieshire', 'Wisconsin', 'USA', '39287'),
(158, '9186 Ross Mission', 'Apt. 423', 'Doyleville', 'Colorado', 'USA', '54306'),
(159, '385 Brown Hill Suite 434', 'Apt. 055', 'Hillton', 'North Carolina', 'USA', '78800'),
(160, '4489 Thomas Throughway Apt. 117', 'Suite 178', 'Port Tracy', 'North Dakota', 'USA', '54897'),
(161, '98048 Atkins Motorway Apt. 421', 'Suite 267', 'Joshuamouth', 'Virginia', 'USA', '92240'),
(162, '009 Jimenez Pass', 'Apt. 984', 'East Derekburgh', 'Arizona', 'USA', '09307'),
(163, '7326 Lawson Summit Suite 480', NULL, 'Rebeccaburgh', 'Ohio', 'USA', '74788'),
(164, '01493 Yvette Station', 'Apt. 197', 'Barnesland', 'Maryland', 'USA', '41627'),
(165, '244 James Islands', NULL, 'New Johnberg', 'New Hampshire', 'USA', '85415'),
(166, '035 Howell Stream Apt. 162', 'Suite 620', 'Cathymouth', 'Delaware', 'USA', '74850'),
(167, '98042 Molly Skyway', 'Apt. 243', 'Lake Allenland', 'Rhode Island', 'USA', '81764'),
(168, '950 Livingston Unions Apt. 254', NULL, 'Port Samantha', 'Nevada', 'USA', '23027'),
(169, '9576 Michael Shore', NULL, 'Washingtonshire', 'Oregon', 'USA', '54820'),
(170, '8101 Derek Forks Apt. 657', 'Apt. 367', 'West Jacobberg', 'Colorado', 'USA', '89187'),
(171, '853 Spencer Inlet Apt. 296', NULL, 'Jeffreystad', 'New Jersey', 'USA', '98373'),
(172, '02805 Ritter Glens Apt. 665', 'Apt. 576', 'West Laura', 'Pennsylvania', 'USA', '67374'),
(173, '300 Powell Shore Apt. 451', NULL, 'Lake Paulton', 'Nevada', 'USA', '26917'),
(174, '900 Garrett Pine', NULL, 'Cunninghamborough', 'Connecticut', 'USA', '18031'),
(175, '9901 Peterson Port', NULL, 'Christopherberg', 'Delaware', 'USA', '97791'),
(176, '19608 Young Radial Apt. 460', 'Suite 943', 'Davismouth', 'Vermont', 'USA', '08234'),
(177, '4530 Cameron Junctions Apt. 141', 'Apt. 887', 'Johnsonmouth', 'Maine', 'USA', '04949'),
(178, '472 Darren Lake', NULL, 'Kaylaport', 'Minnesota', 'USA', '32818'),
(179, '00793 Michelle Dam', 'Apt. 488', 'Benjaminberg', 'Arkansas', 'USA', '20684'),
(180, '1436 Barry Rue Apt. 257', 'Apt. 543', 'Lake Coryfort', 'Montana', 'USA', '73512'),
(181, '02121 Black Harbors', 'Apt. 707', 'West Jamesville', 'Tennessee', 'USA', '37344'),
(182, '14245 Ross Stream Apt. 587', NULL, 'Stevensmouth', 'Illinois', 'USA', '68222'),
(183, '2774 White Knoll', 'Apt. 224', 'Emmashire', 'Kansas', 'USA', '68855'),
(184, '255 Oliver Parkway Suite 672', 'Apt. 717', 'Gracebury', 'California', 'USA', '65310'),
(185, '30740 Jacobs Prairie Apt. 124', 'Suite 323', 'Michaelport', 'Arkansas', 'USA', '28765'),
(186, '50138 Richard Crest Suite 720', NULL, 'Hernandezburgh', 'Pennsylvania', 'USA', '45245'),
(187, '955 Adam Flat Suite 086', 'Apt. 894', 'Christopherchester', 'California', 'USA', '87693'),
(188, '33728 Tyler Rue', 'Apt. 760', 'New Williamburgh', 'Minnesota', 'USA', '50474'),
(189, '615 Ferrell Flat Suite 080', 'Apt. 854', 'Jamieberg', 'Illinois', 'USA', '40258'),
(190, '041 Patel Expressway Suite 268', NULL, 'Annfort', 'Kansas', 'USA', '63559'),
(191, '92878 Ward Center', NULL, 'Williamsview', 'North Carolina', 'USA', '41949'),
(192, '92020 Matthew Mission Apt. 166', 'Suite 972', 'Lake Charlesmouth', 'South Dakota', 'USA', '09454'),
(193, '749 Smith Fords', 'Suite 404', 'Port Leah', 'Iowa', 'USA', '91962'),
(194, '707 Austin Station', NULL, 'Cynthiafurt', 'Minnesota', 'USA', '58901'),
(195, '783 Cruz Villages', NULL, 'Francohaven', 'Mississippi', 'USA', '97089'),
(196, '6876 Matthew Junctions Apt. 163', NULL, 'South Isaac', 'Virginia', 'USA', '02143'),
(197, '63521 Ashley Brooks', NULL, 'New Renee', 'Iowa', 'USA', '76172'),
(198, '8322 Heather Parks', NULL, 'Petertown', 'Nevada', 'USA', '85967'),
(199, '835 Barnes Mountain Suite 166', 'Apt. 772', 'Aprilfort', 'Alabama', 'USA', '83757'),
(200, '7527 Alexander Corners', 'Apt. 007', 'Lake Christopher', 'Wyoming', 'USA', '90480');

INSERT INTO "user" (id, username, password_hash, f_name, l_name, dob, rating, role, address_id) VALUES
(1, 'victoriathornton', 'b2bb6b6f8c051f713aedaffe55da216eee647b07889827233652932b73651613', 'Steven', 'Walker', '1967-06-29', NULL, 'CLIENT', 47),
(2, 'robert63', '4719c3d98f757fb448a694047cc37e847f81de587d5e3747e3e7e14518c1ef40', 'Brenda', 'Williams', '1986-02-16', NULL, 'CLIENT', 97),
(3, 'fadams', 'aef833fee9b5ce830a7a32ae67fec30fc076492ca48dfeea1e832221493434d4', 'Karen', 'Davis', '1996-05-02', 1.5, 'DRIVER', 31),
(4, 'yjennings', '2ba7ab2fd431eecbda239406c7102c35ebd4f79a9b14b6277c3087a36c264dcb', 'Jason', 'Waters', '1956-08-16', 4.2, 'CLIENT', 151),
(5, 'garciacory', '77020da05085dc920dbebdfbb680132398eb57f6abcf62deab1a09c2faccf734', 'Derrick', 'Wright', '1993-07-01', NULL, 'DRIVER', 94),
(6, 'ebrown', 'b425e9f487590cf9c7096aef8a92819bfe56506e4cdbf5f58ee4d260ec64e025', 'Laura', 'Andersen', '2006-12-19', NULL, 'DRIVER', 192),
(7, 'rosariomichael', 'ecd7509c2c1761f49bb5d5696e5c9dd56f0f9dd5d9f8648b559a756451ff431a', 'Kristina', 'Collins', '2006-01-19', NULL, 'ADMIN', 125),
(8, 'wheelerdylan', '96538470f75f6a14136a5bd84474e9bce86b22ff1b81f48b65013660f1ce3f49', 'Courtney', 'Vazquez', '1990-08-29', NULL, 'ADMIN', 18),
(9, 'fordjacob', '3331fc1726e68d8fceb940b92f8d0ea5603f265dfc834c5dace98120520be856', 'Kimberly', 'Garrison', '1998-08-08', NULL, 'ADMIN', 31),
(10, 'hhernandez', 'eb0927c6738588353607d8196b05a8fe20e060760854681271a7297653f7096e', 'Alyssa', 'Parrish', '1959-12-14', NULL, 'DRIVER', 98),
(11, 'hannahkoch', '2bafebe8b17652e26a17c4c883ab06ff800b041e386b05b8ede8ff6a61886ea4', 'Heather', 'Weber', '1998-12-31', 2.5, 'DRIVER', 174),
(12, 'pattersonjoshua', '9aa4c8f4bff8b725dd037bc9a1a2e9bedb491eb7baabb974833225190509d7b9', 'Lisa', 'Allen', '1952-09-24', NULL, 'ADMIN', 143),
(13, 'gbarton', '33ba2f1a90bf62682606f67c9ea424ccb69a7a0ba960db2f0562e8a2fe5396a5', 'Diana', 'Bowers', '1978-08-27', 4.2, 'ADMIN', 73),
(14, 'reedian', '3be0791d3de5dd963c2e163df08f7130834893c1cdfcb266f83e1d301f4a0f01', 'Larry', 'Watkins', '1971-11-20', 2.4, 'ADMIN', 111),
(15, 'jamesramos', '8d7fa0c127dc14dd0a3f33b308dc592576b7b6c700c11004209b509659ceef82', 'Tina', 'Johnson', '1991-03-21', 1.9, 'ADMIN', 135),
(16, 'reevesteresa', '925e98c4226ae1daedcaa69ea46bd948ab49bc587fc1908958afbb10cd5c36b3', 'Nicholas', 'Walker', '1953-07-31', 3.0, 'CLIENT', 34),
(17, 'robert88', '0cd5d57151cf0adfdb1392fea99561b63f20fde3a2623b2de5fb2f0920f90e29', 'Michelle', 'Bell', '1964-12-30', 2.9, 'DRIVER', 2),
(18, 'jonessteven', 'c90d9ad956b8eb0bea31967e5535a09c8d31513dff95f23794eacebe4812aa5b', 'Curtis', 'Wheeler', '2004-02-20', 4.4, 'CLIENT', 151),
(19, 'christian65', 'd1b4eb5101117c3bd273427c1710a9c1c38c4dcaa6602ff5f484fd1130c80fcd', 'Michael', 'Robinson', '1969-07-15', 2.7, 'ADMIN', 108),
(20, 'norrisjoshua', '5d51ce1f0009f05f0aee53fdfcbc91fea5a30ef243e3208e0011b03f884bdd71', 'Joshua', 'Briggs', '1950-01-10', 1.6, 'ADMIN', 43),
(21, 'christophersingleton', 'f859735441c3e6b3ac3a4502cca9105b52a2d20fea4254fbeb58a6c4f917da82', 'Austin', 'Horne', '1992-06-18', 1.8, 'ADMIN', 11),
(22, 'lauriewilliams', '42046ea73d29efeaac178d74b0dc357d258a4bcf06cab87c72b9a7ac3625bf78', 'Christina', 'Robertson', '1974-09-05', 2.0, 'DRIVER', 179),
(23, 'dana39', '15dfd1b5f78ed5475622a7c5f2ad425dc58117a7b7e9bd635d981fa2f8941f64', 'Jeffery', 'Griffith', '1967-05-24', NULL, 'CLIENT', 60),
(24, 'jonestodd', '8d10186cd47b3f7c054ae94c71cd7ddf75bf07053fec04a92bfeecec72add4be', 'Tracy', 'Smith', '1952-07-29', 4.3, 'DRIVER', 191),
(25, 'christophergonzalez', '886e0f3ca0a4b6daa5c932a9adaf6f2bb7c55b6f84155ecfc09181e8f954ec37', 'Heidi', 'Hamilton', '1989-02-24', 2.7, 'DRIVER', 161),
(26, 'gphelps', '5217aae1780bc141e80ff0f8f9fdc274007a2c36bcf76793df72adf16172c310', 'Judy', 'Hernandez', '2000-08-24', 3.6, 'CLIENT', 47),
(27, 'ssimpson', 'a316990656d7db1b7d5a7e47dafa85066e312a4dbb4deae6ca3bd4cc3e4ac797', 'Steven', 'Santana', '1975-03-20', NULL, 'DRIVER', 85),
(28, 'tiffany91', '86cc7c2f75217537af4d2c262b1551e194515fd27534193848581067e8eaf503', 'Christina', 'Martin', '1982-04-24', NULL, 'ADMIN', 121),
(29, 'heatherlopez', '77cd0449f73b7be63883051d02545e8cfecf7273555a6f0461bbb212ee235bdc', 'Roger', 'Mora', '1948-10-30', NULL, 'CLIENT', 19),
(30, 'riverabrian', '61628d55b226da82d80515979da248301a2cc0d7204082ea6963c29e06c09cfd', 'Walter', 'Simpson', '1988-10-21', 2.7, 'CLIENT', 47),
(31, 'kennedyabigail', '3a654b047eec88b91d0f7f154f0a01587c174c041836e9c84d17d23cfa425cfe', 'Danny', 'Cannon', '1955-02-04', 4.1, 'CLIENT', 38),
(32, 'alvarezamy', 'fc6278a0287257c3c5612d0a4736d041b1101125dd1590c2a232e03a183b3de0', 'Kelly', 'Anderson', '1962-04-28', NULL, 'DRIVER', 168),
(33, 'samantha92', '4b1e4bdd59dfc2aa9900432a199b9e3efcef955faf7f347dbbbf0304ab5dabfc', 'Sarah', 'Donovan', '1999-08-16', NULL, 'ADMIN', 59),
(34, 'christopherchase', 'f903d0be5811d2793212b52e4f764c62396b673bec5c558f21d9ee4cb19362bd', 'Elizabeth', 'Tanner', '1998-10-22', 4.5, 'ADMIN', 17),
(35, 'april04', '0220d2a528c9de54195435bdcf4cefde6a5918f27553168aa4485dd137b53ec6', 'Stephanie', 'Lane', '1966-04-13', 4.0, 'CLIENT', 57),
(36, 'gregory28', '03131bcafa770a5a3d37faba313f38e5b245be1a2cdac21e8c20b26b29bdde48', 'Nicholas', 'Wilson', '1965-07-03', 3.2, 'ADMIN', 100),
(37, 'wcastillo', 'c515c60d7ff77932d98b0828194bf846f9c8949ed35e0b8dbbbe5ce497216763', 'James', 'Ryan', '2007-12-12', 3.2, 'ADMIN', 67),
(38, 'nanderson', 'e1b14783afb880a64fc4d6d197297d24dc3f7e8e2e2d69f746509d2948546e23', 'Laurie', 'Mayo', '1978-12-03', 3.5, 'CLIENT', 112),
(39, 'vjohnson', '70dc1f5aa35dffada15523f4c5e494a620c8ed30aaf0c30f3f2df09653db8ceb', 'Zachary', 'Pearson', '1996-10-07', NULL, 'ADMIN', 32),
(40, 'gloria89', '6c61d59aa7605da60ef4443c4075d486c021b071cd274a3d5667763642d23025', 'David', 'White', '1974-11-17', NULL, 'CLIENT', 194),
(41, 'fosterrhonda', '21850d75a53b5bedc29aa4373d86396d27fce51722e586abee0dde83d70a9183', 'Jeremy', 'Peterson', '1974-06-10', 1.1, 'ADMIN', 171),
(42, 'jonathantaylor', 'e4a1208e9733ae5dad5c77ffedae1d9171c41f4debdbf36a1055bfde1fa72f81', 'Jennifer', 'Murphy', '1961-09-22', 2.5, 'ADMIN', 196),
(43, 'davidflores', '1b491f7de88849485ef8123ece153c73e8c7fea3c0010423e651ee153d8ffa66', 'Annette', 'Hancock', '1960-05-21', 2.9, 'CLIENT', 115),
(44, 'tammy24', '150b97a13d251f1d19ae94d0b0bc8693452a45b5bb87beffe7edda8a75cca9d0', 'Andrew', 'Johnson', '1997-10-20', 4.0, 'CLIENT', 139),
(45, 'lisasherman', '6c3bcb3cd5116b9618e442605e72ddd7d3a937169a201c68310e7f3e58419b1d', 'Paige', 'Vargas', '1949-08-09', 5.0, 'ADMIN', 17),
(46, 'hawkinsmatthew', '98f8bbba04c0520c4f79ae8b8984600b092cd427ddb7abcb67429b344b01436e', 'Jill', 'Christensen', '1981-06-09', 4.9, 'DRIVER', 127),
(47, 'blake88', '0089d54ffb3e7fd9b1623fb90b8fc87d878858041edbba9ebd0723633b9a85a6', 'Blake', 'Fuller', '1977-11-05', 1.2, 'CLIENT', 182),
(48, 'jilliankelley', 'f684af549f54e96af0a079b333c54eeb9a41ffb48bb664cb65f8897539ad4f18', 'Lisa', 'Beck', '1973-01-04', 1.0, 'ADMIN', 21),
(49, 'petersenryan', '15a4ae5ed5dbf42d955edb5c48d54ebac310aa2346c3ef55b0ce1fac38edae49', 'Maria', 'Johnson', '1993-06-14', 4.5, 'DRIVER', 59),
(50, 'ariaselizabeth', '59f0f5a24ffa7e371535dee1c29ebdee33bc3b054e5d0b95ba49b346ed3156bd', 'Dakota', 'Hamilton', '1970-03-07', 3.5, 'CLIENT', 186),
(51, 'mariah12', 'c33407849c7f5d4d41f1545109953ce51e64d1404a96ef6ea850fe8cbff0e150', 'David', 'Tran', '1954-02-12', 3.4, 'DRIVER', 42),
(52, 'olsensamantha', 'c9a6a5417e942409a51bea3734d663d5249a960b1dcc5afe24323e89d28cfdac', 'Cheryl', 'Goodman', '1989-12-04', NULL, 'CLIENT', 112),
(53, 'pholland', '90d014e085be3865685daaaa2c59b855cdeb44ed5175895d947363bad8220b83', 'Alex', 'Perkins', '2001-05-23', NULL, 'CLIENT', 197),
(54, 'deborah40', '7e6db206e31589f1512799142a000fb5673dd0fb9fa98744d4548595fe233f88', 'Kelsey', 'Cantrell', '1987-07-06', 4.9, 'DRIVER', 68),
(55, 'heidiwilson', 'b805c36f1b8abe39121410b6121d5bd4bf8c4b1506e173365d781d5af63a56c2', 'Gregory', 'Robinson', '1963-11-14', NULL, 'CLIENT', 46),
(56, 'tiffanylopez', '41038e1d1bbe3a11858a9e14f02bbd6414e6417fbbe1b845e19858f4ec306e9c', 'Erik', 'Sullivan', '1986-12-26', NULL, 'ADMIN', 6),
(57, 'mark63', '723f1f71ae4f42459771330940f23b9915eb8e71a0ab7ec2766243faaac4dce3', 'David', 'Becker', '1992-06-27', 2.5, 'CLIENT', 149),
(58, 'ralphjohnson', '7e481240a3f6de9a40b1e3df52ce2e5f287e2fd3d3c4fcbd6d879e5791536e78', 'Jonathan', 'Patrick', '1961-04-02', 2.0, 'ADMIN', 34),
(59, 'mark26', '099993547025ec466d94996a74b26484ac1c197a8225eeffa562692118852d58', 'Jessica', 'Hicks', '1961-09-04', 3.4, 'DRIVER', 42),
(60, 'hdavis', '147ca220c859f142e06127e7be8e748818f22e08198e1deb08787fb6b3c09247', 'Michael', 'Jarvis', '1994-12-04', 4.8, 'DRIVER', 63),
(61, 'patricia06', '70b8f0518323e88be8b3de4c3a32f4f36b0467c9e228b04254b9b741a65dc93b', 'Sarah', 'Walker', '1984-02-10', 3.6, 'CLIENT', 161),
(62, 'lruiz', '6a54f184028c45ed2a929444ae7611894b647e230c0d377a5dba5840056015a9', 'Susan', 'Harvey', '1976-10-17', 2.2, 'CLIENT', 136),
(63, 'brittanyjones', '131e2449f53874ba2218510f104593d9ab372b43d8bd615e2ba3452e5d123b24', 'John', 'Davis', '2001-12-24', 4.1, 'ADMIN', 178),
(64, 'louisdurham', '57f3c417cefaedc335d5aaadd0652faaa1c723d9223bedf86d44de31e2fc5ee0', 'Holly', 'Flowers', '1978-10-23', NULL, 'CLIENT', 127),
(65, 'sharon08', 'ce87c2aa2a86f559fdfd06f325f8c3f5bf40e37e50a8b70a015587feb4f11429', 'Nancy', 'Alexander', '1977-12-21', 1.3, 'ADMIN', 144),
(66, 'jameswilliams', 'a40ddb5d54c8f9658cb7128e6a632c59aa46d34a4a53312f03a9ce3cf0555c56', 'Matthew', 'Brown', '1992-08-03', 1.9, 'CLIENT', 192),
(67, 'zadams', '93827901313d0e12455e86a101a84f11e79308880c63560559c978c893e73358', 'Lisa', 'Williams', '1946-05-05', NULL, 'DRIVER', 175),
(68, 'theresadillon', '4acea0029276871b8c9e8f4615f2a84a1ff9438d2b7e567e51be888c9b97cffa', 'David', 'Jimenez', '1998-07-23', NULL, 'ADMIN', 163),
(69, 'anthony54', '5ae1608374955859314c7228f284505dff90d465e1608a46cd243d9da468b7c7', 'Whitney', 'Summers', '1986-07-14', 3.9, 'DRIVER', 162),
(70, 'gonzalezerik', '8a2cf65625f910d06811d261f9427374179e5835ff1de6bb9745407649c2703d', 'Veronica', 'Reynolds', '2001-10-29', 1.2, 'CLIENT', 26),
(71, 'harrisvictor', '47f1a26ca66f483e6886129cb0caaa5fd3f3938d3cdd6ff1d9e1ec60bdcdbe4e', 'Gregory', 'Vega', '2005-11-27', NULL, 'DRIVER', 136),
(72, 'kennethhicks', '0586dae890e4de88adf73a9f83c4ad7e54b160c0d8d578e7216e84ab44efcef1', 'Eric', 'Schroeder', '2000-01-01', 4.8, 'DRIVER', 13),
(73, 'butlerkevin', '0f89ab2b0df3e86bd4ef2091f416711f4528fb334f408844b7e552aa4fba633b', 'Jeremy', 'Willis', '1989-10-10', NULL, 'ADMIN', 178),
(74, 'christopher96', '9d97e712742ad48d0df6530d09d3074248ef65acc21532b8e3d6d3b87d9e384c', 'Zachary', 'Allen', '1979-07-11', 4.0, 'DRIVER', 6),
(75, 'jessicalewis', 'a0040e62a9fe832683210388f06f634ddf92e76cb1efbad4e964ea5fb278ce9a', 'Nancy', 'Thompson', '2002-04-03', 4.2, 'CLIENT', 44),
(76, 'mendozadaniel', 'e9870c77f037dbd8515f0542a94644281bd3e1cfdb76e1743fe0c8a2d3950305', 'James', 'Smith', '1976-02-26', 4.0, 'ADMIN', 153),
(77, 'lori82', '1cb8315f1c2d489c5ea98cb52ceb07426fc34a822ce47a71cd701da4c9163cf2', 'Jay', 'Morris', '1960-02-15', NULL, 'CLIENT', 103),
(78, 'jacquelinevincent', '78b6912a342434c7c594777c020a443a07aa6f177bad577ff0f32db4108874d8', 'Megan', 'Green', '1964-11-12', NULL, 'ADMIN', 161),
(79, 'laurenbarajas', '68553e4185e6495b92d21636d22f64e63b18974e15d8df9cd3891774ed88ba9c', 'Kyle', 'Romero', '1976-07-10', 4.8, 'DRIVER', 132),
(80, 'villanuevamatthew', 'a05ab2b5cb5256ee3fd950800948aca4f785ca798270ed7c6a791138525f1f52', 'Melissa', 'Adams', '1951-06-05', NULL, 'DRIVER', 71);

INSERT INTO driver_info (id, driving_experience, range, driving_license, user_id) VALUES
(1, 9, 203, 'MZI-983', 3),
(2, 10, 563, '080-551', 5),
(3, 37, 903, '3V ZV799', 6),
(4, 14, 996, '704 HMM', 10),
(5, 15, 144, '0TT5737', 11),
(6, 10, 665, '410EC', 17),
(7, 19, 998, 'EES0111', 22),
(8, 21, 353, 'HUB 346', 24),
(9, 31, 137, 'OU 99124', 25),
(10, 9, 634, 'WUJ 937', 27),
(11, 1, 410, '401 YKR', 32),
(12, 13, 125, '4-6170M', 46),
(13, 31, 677, '1PT7615', 49),
(14, 18, 470, 'TTB 450', 51),
(15, 3, 159, 'CLA1072', 54),
(16, 36, 104, '8GM 248', 59),
(17, 25, 225, '2F407', 60),
(18, 23, 166, '44-6824G', 67),
(19, 28, 176, 'BHQ-3721', 69),
(20, 27, 840, 'IE-2306', 71),
(21, 36, 103, '51DW4', 72),
(22, 27, 640, '9-V8748', 74),
(23, 13, 722, 'O99 3OF', 79),
(24, 5, 254, '33H K43', 80);

INSERT INTO vehicle (id, model, make, year, color, price_per_km, is_active, can_carry_furniture, driver_id, vehicle_type_id) VALUES
(1, 'Writer', 'Clark PLC', 2023, 'LightPink', 33, false, true, 3, 2),
(2, 'Teach', 'Goodman, Moon and Brown', 1985, 'LightGoldenRodYellow', 26, true, false, 3, 6),
(3, 'Star', 'Knox Ltd', 1975, 'DarkOrchid', 31, true, true, 5, 1),
(4, 'Time', 'Johnson and Sons', 2015, 'Turquoise', 35, false, false, 6, 1),
(5, 'Help', 'Walker, Anderson and Flores', 2009, 'GhostWhite', 28, false, true, 6, 5),
(6, 'Worry', 'Vargas LLC', 2021, 'YellowGreen', 44, false, true, 6, 6),
(7, 'Course', 'Smith-York', 1970, 'Black', 29, true, true, 10, 2),
(8, 'Trade', 'Grimes, Morris and Galloway', 1986, 'LimeGreen', 10, false, true, 11, 1),
(9, 'Specific', 'Holt LLC', 2005, 'DarkGoldenRod', 15, true, true, 17, 1),
(10, 'Central', 'Wheeler Group', 1981, 'DarkSeaGreen', 24, true, true, 17, 3),
(11, 'Store', 'Davis Group', 1994, 'Khaki', 45, false, true, 22, 1),
(12, 'Animal', 'George LLC', 2018, 'LightSlateGray', 7, true, false, 24, 2),
(13, 'Security', 'Tate LLC', 1988, 'LimeGreen', 25, false, true, 24, 6),
(14, 'Show', 'Simpson-Williams', 2013, 'Salmon', 17, false, true, 24, 6),
(15, 'Floor', 'Hayes-Blankenship', 1984, 'Magenta', 39, false, true, 25, 2),
(16, 'Fill', 'Gonzalez-Shaw', 2009, 'DimGray', 33, true, false, 27, 1),
(17, 'Meeting', 'Davila-Garcia', 1995, 'MidnightBlue', 30, false, true, 32, 6),
(18, 'Speech', 'Martinez, David and Ramirez', 1972, 'Olive', 23, true, true, 32, 6),
(19, 'International', 'Frost, Smith and Sims', 1972, 'ForestGreen', 7, true, false, 46, 1),
(20, 'Keep', 'Barber-Wolfe', 1980, 'BurlyWood', 30, true, true, 46, 1),
(21, 'Position', 'Miller Inc', 2001, 'DarkSlateGray', 11, false, false, 46, 6),
(22, 'Apply', 'Jones Inc', 1971, 'Violet', 36, true, false, 49, 4),
(23, 'Task', 'Murphy, Gonzalez and Miller', 2018, 'LightBlue', 34, true, false, 49, 1),
(24, 'Necessary', 'Mayer, Scott and Jackson', 1989, 'Peru', 10, true, false, 49, 1),
(25, 'Hotel', 'Myers-Young', 1981, 'LightPink', 37, true, false, 51, 1),
(26, 'Close', 'White-Grant', 2024, 'PaleGoldenRod', 38, false, true, 51, 4),
(27, 'Away', 'Bowen, Paul and Bass', 2000, 'IndianRed', 21, true, true, 54, 3),
(28, 'Speech', 'Mcconnell-Dougherty', 2023, 'LightPink', 29, false, false, 54, 3),
(29, 'Center', 'Powell, Morrow and Chapman', 2003, 'Plum', 49, true, true, 59, 2),
(30, 'By', 'Campbell-Simpson', 2001, 'BurlyWood', 12, false, true, 60, 3),
(31, 'Shake', 'Romero and Sons', 1989, 'Fuchsia', 25, false, true, 60, 2),
(32, 'Onto', 'Foley, Greene and Cox', 1994, 'Snow', 33, true, true, 60, 2),
(33, 'Tonight', 'Thompson, Martinez and Huerta', 2004, 'LightSalmon', 10, false, true, 67, 3),
(34, 'Your', 'Jackson, Lopez and Robinson', 1987, 'DarkSalmon', 20, false, true, 67, 1),
(35, 'Important', 'Carlson Ltd', 1995, 'Plum', 36, false, false, 69, 5),
(36, 'Rich', 'Murphy, Espinoza and Lee', 1997, 'Cyan', 24, false, true, 69, 6),
(37, 'Focus', 'Nelson-Smith', 1987, 'SlateBlue', 28, true, false, 71, 3),
(38, 'Great', 'Brown-Smith', 2006, 'Teal', 9, false, true, 71, 3),
(39, 'Resource', 'Washington, Todd and Cannon', 1997, 'DarkViolet', 22, false, true, 71, 2),
(40, 'Matter', 'Johnson-Holmes', 2019, 'DarkBlue', 9, false, false, 72, 2),
(41, 'Television', 'Ward and Sons', 2007, 'IndianRed', 35, false, false, 74, 2),
(42, 'Man', 'Lee, Rice and Foley', 1973, 'LightCyan', 35, false, true, 74, 1),
(43, 'Student', 'Murphy PLC', 1981, 'Salmon', 21, false, true, 74, 1),
(44, 'Data', 'Jensen Inc', 2018, 'Chocolate', 11, true, false, 79, 3),
(45, 'Easy', 'Jenkins-Frey', 1993, 'Maroon', 8, false, true, 79, 5),
(46, 'Sister', 'Grant-Graham', 2014, 'Wheat', 50, true, true, 79, 6),
(47, 'Kid', 'Holloway, Dunn and Hawkins', 1996, 'MistyRose', 30, true, true, 80, 5),
(48, 'Child', 'Boone, Wright and Anderson', 1979, 'DarkOrange', 32, true, false, 80, 6),
(49, 'He', 'Salazar-Morgan', 1992, 'AliceBlue', 19, false, true, 80, 4);

INSERT INTO move_request (id, move_date, max_budget, client_id, from_address_id, to_address_id, status) VALUES
(1, '2026-01-25 19:11:01', 1854, 1, 44, 198, 'OFFER_SENT'),
(2, '2026-01-08 16:26:03', 738, 1, 128, 53, 'PENDING'),
(3, '2026-01-08 17:48:54', 641, 1, 27, 16, 'OFFER_SENT'),
(4, '2026-01-18 19:09:34', 759, 1, 89, 64, 'OFFER_SENT'),
(5, '2026-01-17 07:19:53', 3990, 1, 170, 97, 'PENDING'),
(6, '2026-01-11 20:35:18', 1074, 2, 52, 60, 'PENDING'),
(7, '2026-01-24 22:32:51', 3544, 2, 41, 141, 'OFFER_AVAILABLE'),
(8, '2026-01-22 01:21:41', 1150, 2, 16, 99, 'PENDING'),
(9, '2026-01-08 21:24:20', 1089, 2, 169, 175, 'OFFER_AVAILABLE'),
(10, '2026-01-26 08:00:02', 3346, 4, 17, 183, 'OFFER_AVAILABLE'),
(11, '2026-01-07 04:02:39', 2716, 4, 79, 50, 'OFFER_SENT'),
(12, '2026-01-12 01:36:58', 4634, 4, 176, 163, 'OFFER_AVAILABLE'),
(13, '2026-01-24 19:33:32', 4308, 16, 85, 155, 'OFFER_SENT'),
(14, '2026-01-18 08:57:05', 4547, 16, 166, 129, 'OFFER_SENT'),
(15, '2026-01-17 01:19:59', 2001, 18, 164, 26, 'PENDING'),
(16, '2026-01-03 19:21:49', 3835, 18, 151, 64, 'PENDING'),
(17, '2026-01-17 16:47:03', 3384, 18, 78, 23, 'PENDING'),
(18, '2026-01-13 09:06:41', 1243, 23, 129, 138, 'PENDING'),
(19, '2026-01-04 11:58:34', 4373, 23, 40, 108, 'OFFER_AVAILABLE'),
(20, '2026-01-12 21:10:45', 842, 23, 10, 189, 'PENDING'),
(21, '2026-01-24 19:47:56', 4030, 26, 123, 62, 'OFFER_SENT'),
(22, '2026-01-01 15:34:55', 2194, 26, 181, 4, 'OFFER_SENT'),
(23, '2026-01-13 23:57:41', 3240, 29, 171, 91, 'OFFER_SENT'),
(24, '2026-01-11 23:37:43', 2579, 29, 79, 119, 'OFFER_AVAILABLE'),
(25, '2026-01-08 05:02:25', 3015, 29, 68, 103, 'OFFER_SENT'),
(26, '2026-01-19 14:41:14', 4838, 29, 151, 192, 'OFFER_SENT'),
(27, '2026-01-12 09:13:48', 2176, 30, 40, 155, 'OFFER_AVAILABLE'),
(28, '2026-01-10 04:02:17', 641, 31, 42, 145, 'PENDING'),
(29, '2026-01-14 11:43:41', 122, 31, 177, 57, 'OFFER_AVAILABLE'),
(30, '2026-01-27 08:58:33', 1815, 35, 167, 26, 'OFFER_AVAILABLE'),
(31, '2026-01-10 16:59:03', 3064, 35, 191, 196, 'OFFER_AVAILABLE'),
(32, '2026-01-04 04:01:29', 3540, 38, 54, 129, 'PENDING'),
(33, '2026-01-23 00:10:39', 1920, 40, 21, 99, 'CREATED'),
(34, '2026-01-05 15:29:53', 3234, 40, 45, 45, 'OFFER_SENT'),
(35, '2026-01-04 00:33:39', 2630, 40, 116, 60, 'OFFER_AVAILABLE'),
(36, '2026-01-12 10:10:32', 528, 40, 93, 99, 'OFFER_AVAILABLE'),
(37, '2026-01-21 02:21:02', 3500, 43, 41, 168, 'OFFER_AVAILABLE'),
(38, '2026-01-07 15:49:31', 1963, 43, 78, 194, 'CREATED'),
(39, '2026-01-25 03:14:54', 1530, 44, 45, 146, 'PENDING'),
(40, '2026-01-25 08:10:17', 4280, 44, 118, 154, 'OFFER_AVAILABLE'),
(41, '2026-01-04 08:47:18', 4451, 44, 32, 8, 'CREATED'),
(42, '2026-01-27 11:49:30', 2786, 44, 68, 123, 'PENDING'),
(43, '2026-01-22 11:41:57', 2100, 47, 186, 135, 'CREATED'),
(44, '2026-01-22 12:34:55', 2013, 47, 177, 171, 'CREATED'),
(45, '2026-01-20 15:54:51', 3860, 47, 54, 15, 'OFFER_AVAILABLE'),
(46, '2026-01-24 09:13:09', 2258, 50, 1, 69, 'OFFER_SENT'),
(47, '2026-01-18 02:34:07', 2561, 50, 145, 146, 'OFFER_SENT'),
(48, '2026-01-06 05:05:05', 2333, 52, 142, 139, 'OFFER_AVAILABLE'),
(49, '2026-01-27 11:17:16', 4804, 52, 123, 19, 'OFFER_SENT'),
(50, '2026-01-25 09:51:50', 2988, 52, 135, 84, 'OFFER_AVAILABLE'),
(51, '2026-01-14 11:58:08', 3304, 52, 137, 3, 'CREATED'),
(52, '2026-01-14 08:29:35', 3575, 53, 46, 161, 'OFFER_AVAILABLE'),
(53, '2026-01-23 05:10:20', 1911, 53, 139, 121, 'OFFER_AVAILABLE'),
(54, '2026-01-19 15:32:28', 4717, 53, 197, 136, 'OFFER_AVAILABLE'),
(55, '2026-01-20 11:31:47', 360, 53, 114, 115, 'OFFER_SENT'),
(56, '2026-01-23 23:36:21', 919, 53, 109, 135, 'CREATED'),
(57, '2026-01-26 02:13:58', 4927, 55, 50, 115, 'OFFER_AVAILABLE'),
(58, '2026-01-20 17:42:57', 3543, 55, 142, 155, 'OFFER_SENT'),
(59, '2026-01-09 13:57:18', 886, 55, 191, 105, 'PENDING'),
(60, '2026-01-01 11:16:35', 3882, 55, 71, 98, 'PENDING'),
(61, '2026-01-07 16:58:51', 1068, 57, 81, 97, 'OFFER_SENT'),
(62, '2026-01-22 17:10:47', 4811, 57, 119, 101, 'PENDING'),
(63, '2026-01-05 05:19:15', 336, 57, 79, 169, 'CREATED'),
(64, '2026-01-09 20:02:20', 2640, 57, 38, 47, 'OFFER_AVAILABLE'),
(65, '2026-01-08 19:13:09', 3011, 57, 110, 115, 'OFFER_AVAILABLE'),
(66, '2026-01-11 09:57:46', 374, 61, 48, 14, 'CREATED'),
(67, '2026-01-07 01:37:41', 176, 61, 104, 130, 'PENDING'),
(68, '2026-01-17 03:52:28', 4453, 61, 170, 107, 'OFFER_SENT'),
(69, '2026-01-18 10:40:16', 2940, 62, 158, 50, 'OFFER_AVAILABLE'),
(70, '2026-01-04 22:53:07', 1222, 64, 185, 133, 'OFFER_SENT'),
(71, '2026-01-15 00:14:51', 3746, 64, 86, 86, 'PENDING'),
(72, '2026-01-13 15:46:00', 339, 66, 125, 192, 'OFFER_AVAILABLE'),
(73, '2026-01-05 18:36:57', 4444, 66, 117, 6, 'CREATED'),
(74, '2026-01-06 19:23:02', 1391, 66, 121, 123, 'OFFER_AVAILABLE'),
(75, '2026-01-08 17:31:22', 4470, 66, 43, 182, 'CREATED'),
(76, '2026-01-03 02:38:09', 1247, 70, 126, 185, 'OFFER_AVAILABLE'),
(77, '2026-01-08 09:24:09', 3904, 70, 117, 151, 'OFFER_AVAILABLE'),
(78, '2026-01-11 23:41:38', 4640, 70, 161, 107, 'PENDING'),
(79, '2026-01-21 15:06:58', 2112, 70, 45, 64, 'CREATED'),
(80, '2026-01-12 05:33:32', 3674, 75, 194, 65, 'PENDING'),
(81, '2026-01-16 16:51:54', 4331, 75, 115, 115, 'OFFER_SENT'),
(82, '2026-01-10 07:46:06', 1783, 77, 141, 49, 'OFFER_SENT'),
(83, '2026-01-22 22:08:41', 2339, 77, 32, 39, 'OFFER_AVAILABLE'),
(84, '2026-01-14 06:18:57', 1059, 77, 30, 44, 'CREATED'),
(85, '2026-01-12 07:26:58', 3105, 77, 28, 62, 'OFFER_SENT');

INSERT INTO luggage_entry (id, quantity, move_request_id, luggage_type_id) VALUES
(1, 10, 1, 3),
(2, 9, 1, 5),
(3, 8, 1, 3),
(4, 17, 1, 3),
(5, 5, 2, 3),
(6, 16, 2, 2),
(7, 18, 2, 1),
(8, 17, 2, 2),
(9, 13, 2, 3),
(10, 19, 2, 2),
(11, 17, 3, 3),
(12, 14, 3, 2),
(13, 4, 3, 5),
(14, 7, 3, 1),
(15, 2, 3, 4),
(16, 3, 3, 2),
(17, 16, 3, 2),
(18, 20, 3, 1),
(19, 2, 4, 3),
(20, 11, 4, 5),
(21, 3, 4, 5),
(22, 17, 4, 2),
(23, 18, 5, 2),
(24, 19, 5, 2),
(25, 7, 5, 1),
(26, 20, 5, 5),
(27, 12, 5, 4),
(28, 18, 6, 1),
(29, 5, 6, 3),
(30, 11, 6, 4),
(31, 11, 6, 1),
(32, 11, 6, 3),
(33, 14, 6, 2),
(34, 7, 6, 4),
(35, 11, 6, 4),
(36, 18, 7, 3),
(37, 17, 7, 2),
(38, 8, 7, 5),
(39, 17, 7, 5),
(40, 18, 7, 3),
(41, 12, 7, 5),
(42, 15, 8, 1),
(43, 7, 8, 3),
(44, 7, 8, 2),
(45, 5, 8, 3),
(46, 17, 8, 5),
(47, 11, 8, 1),
(48, 2, 8, 1),
(49, 12, 8, 4),
(50, 5, 8, 2),
(51, 11, 9, 4),
(52, 19, 9, 5),
(53, 20, 9, 5),
(54, 15, 9, 2),
(55, 16, 9, 2),
(56, 1, 9, 4),
(57, 13, 9, 2),
(58, 11, 9, 2),
(59, 8, 9, 5),
(60, 16, 10, 3),
(61, 13, 10, 2),
(62, 18, 10, 1),
(63, 2, 10, 2),
(64, 12, 10, 5),
(65, 16, 11, 4),
(66, 19, 11, 3),
(67, 2, 11, 5),
(68, 18, 11, 5),
(69, 20, 11, 4),
(70, 18, 11, 1),
(71, 7, 11, 4),
(72, 17, 11, 4),
(73, 15, 11, 2),
(74, 5, 11, 4),
(75, 15, 12, 3),
(76, 13, 12, 1),
(77, 15, 12, 5),
(78, 3, 12, 5),
(79, 13, 12, 4),
(80, 7, 12, 2),
(81, 3, 13, 3),
(82, 16, 13, 3),
(83, 6, 13, 1),
(84, 20, 13, 3),
(85, 17, 13, 3),
(86, 2, 14, 3),
(87, 12, 14, 5),
(88, 2, 15, 5),
(89, 5, 15, 5),
(90, 20, 15, 3),
(91, 8, 16, 1),
(92, 14, 16, 5),
(93, 2, 16, 2),
(94, 17, 16, 1),
(95, 12, 16, 5),
(96, 19, 16, 1),
(97, 19, 16, 3),
(98, 12, 17, 3),
(99, 10, 18, 4),
(100, 5, 18, 2),
(101, 17, 19, 4),
(102, 1, 19, 2),
(103, 4, 19, 1),
(104, 2, 19, 5),
(105, 17, 19, 3),
(106, 7, 19, 2),
(107, 5, 19, 1),
(108, 4, 19, 3),
(109, 3, 19, 1),
(110, 11, 20, 5),
(111, 19, 20, 4),
(112, 9, 20, 4),
(113, 9, 20, 5),
(114, 19, 21, 2),
(115, 5, 21, 2),
(116, 9, 21, 5),
(117, 11, 21, 5),
(118, 7, 21, 4),
(119, 9, 21, 3),
(120, 4, 21, 2),
(121, 18, 21, 2),
(122, 5, 22, 5),
(123, 17, 22, 4),
(124, 18, 22, 4),
(125, 16, 22, 3),
(126, 20, 22, 4),
(127, 5, 22, 3),
(128, 3, 22, 4),
(129, 15, 22, 2),
(130, 3, 22, 1),
(131, 14, 22, 4),
(132, 5, 23, 3),
(133, 19, 23, 2),
(134, 7, 23, 3),
(135, 7, 23, 2),
(136, 8, 24, 4),
(137, 4, 24, 4),
(138, 8, 24, 4),
(139, 20, 25, 4),
(140, 8, 25, 1),
(141, 10, 25, 3),
(142, 12, 25, 5),
(143, 9, 25, 1),
(144, 18, 25, 4),
(145, 2, 25, 1),
(146, 1, 26, 5),
(147, 10, 26, 2),
(148, 19, 26, 2),
(149, 16, 26, 3),
(150, 6, 26, 2),
(151, 16, 27, 4),
(152, 8, 27, 2),
(153, 10, 27, 5),
(154, 2, 27, 1),
(155, 2, 27, 4),
(156, 13, 27, 3),
(157, 14, 27, 3),
(158, 4, 28, 4),
(159, 14, 28, 1),
(160, 5, 29, 2),
(161, 12, 30, 3),
(162, 17, 30, 5),
(163, 7, 30, 5),
(164, 7, 30, 1),
(165, 16, 30, 3),
(166, 16, 31, 5),
(167, 20, 31, 5),
(168, 20, 31, 1),
(169, 5, 31, 2),
(170, 19, 31, 2),
(171, 9, 31, 4),
(172, 7, 31, 1),
(173, 13, 31, 4),
(174, 13, 31, 4),
(175, 5, 31, 2),
(176, 20, 32, 2),
(177, 8, 33, 2),
(178, 4, 33, 5),
(179, 15, 34, 5),
(180, 17, 34, 5),
(181, 11, 34, 1),
(182, 20, 34, 1),
(183, 1, 34, 4),
(184, 6, 34, 2),
(185, 9, 34, 5),
(186, 19, 34, 3),
(187, 10, 34, 3),
(188, 9, 34, 3),
(189, 14, 35, 4),
(190, 10, 35, 5),
(191, 9, 35, 3),
(192, 19, 35, 3),
(193, 13, 35, 5),
(194, 3, 35, 2),
(195, 19, 35, 3),
(196, 7, 35, 5),
(197, 1, 35, 3),
(198, 7, 35, 5),
(199, 15, 36, 4),
(200, 19, 36, 4),
(201, 17, 36, 3),
(202, 20, 36, 2),
(203, 6, 36, 1),
(204, 11, 36, 1),
(205, 9, 36, 2),
(206, 2, 37, 2),
(207, 6, 37, 5),
(208, 18, 37, 4),
(209, 17, 37, 3),
(210, 12, 37, 4),
(211, 12, 37, 1),
(212, 5, 37, 1),
(213, 9, 37, 3),
(214, 18, 38, 1),
(215, 8, 38, 3),
(216, 16, 39, 2),
(217, 9, 39, 2),
(218, 11, 39, 3),
(219, 4, 39, 2),
(220, 17, 39, 4),
(221, 11, 39, 4),
(222, 14, 39, 4),
(223, 6, 40, 1),
(224, 13, 40, 2),
(225, 10, 40, 5),
(226, 6, 40, 1),
(227, 3, 40, 4),
(228, 6, 40, 3),
(229, 14, 40, 2),
(230, 7, 41, 5),
(231, 14, 41, 4),
(232, 20, 42, 5),
(233, 9, 43, 5),
(234, 19, 43, 4),
(235, 11, 43, 5),
(236, 5, 43, 1),
(237, 16, 43, 2),
(238, 18, 43, 4),
(239, 20, 43, 5),
(240, 11, 43, 3),
(241, 14, 43, 4),
(242, 13, 44, 2),
(243, 8, 44, 5),
(244, 4, 44, 2),
(245, 20, 44, 2),
(246, 6, 44, 4),
(247, 15, 44, 1),
(248, 16, 44, 1),
(249, 18, 44, 2),
(250, 3, 45, 4),
(251, 3, 45, 3),
(252, 5, 45, 2),
(253, 14, 45, 2),
(254, 3, 46, 4),
(255, 15, 46, 2),
(256, 17, 46, 1),
(257, 7, 46, 3),
(258, 4, 46, 4),
(259, 14, 46, 5),
(260, 5, 47, 3),
(261, 12, 47, 1),
(262, 5, 48, 2),
(263, 6, 48, 4),
(264, 11, 48, 4),
(265, 12, 48, 3),
(266, 14, 49, 3),
(267, 8, 49, 4),
(268, 10, 49, 3),
(269, 14, 50, 5),
(270, 10, 51, 4),
(271, 2, 51, 3),
(272, 8, 51, 3),
(273, 1, 52, 2),
(274, 18, 52, 1),
(275, 4, 53, 2),
(276, 9, 53, 2),
(277, 4, 53, 1),
(278, 8, 54, 2),
(279, 8, 54, 1),
(280, 17, 54, 2),
(281, 8, 54, 5),
(282, 18, 54, 4),
(283, 1, 54, 1),
(284, 16, 54, 5),
(285, 3, 55, 4),
(286, 7, 55, 4),
(287, 4, 55, 5),
(288, 18, 55, 4),
(289, 1, 55, 5),
(290, 4, 55, 1),
(291, 5, 55, 2),
(292, 18, 55, 4),
(293, 1, 56, 5),
(294, 12, 56, 2),
(295, 8, 56, 2),
(296, 9, 56, 3),
(297, 16, 56, 4),
(298, 16, 56, 3),
(299, 18, 56, 5),
(300, 1, 56, 4),
(301, 15, 57, 2),
(302, 16, 57, 4),
(303, 10, 57, 4),
(304, 7, 57, 2),
(305, 20, 57, 3),
(306, 14, 57, 2),
(307, 17, 58, 2),
(308, 18, 59, 2),
(309, 18, 59, 5),
(310, 4, 59, 4),
(311, 14, 59, 2),
(312, 11, 59, 1),
(313, 5, 59, 1),
(314, 2, 60, 2),
(315, 13, 61, 3),
(316, 10, 61, 1),
(317, 12, 61, 2),
(318, 20, 61, 4),
(319, 5, 61, 5),
(320, 4, 61, 1),
(321, 5, 62, 2),
(322, 3, 62, 5),
(323, 17, 62, 2),
(324, 9, 62, 3),
(325, 17, 62, 1),
(326, 13, 62, 1),
(327, 11, 62, 1),
(328, 2, 62, 4),
(329, 7, 62, 4),
(330, 13, 63, 2),
(331, 3, 63, 1),
(332, 9, 63, 4),
(333, 12, 63, 2),
(334, 20, 63, 2),
(335, 2, 63, 1),
(336, 19, 63, 5),
(337, 15, 64, 3),
(338, 17, 65, 1),
(339, 20, 65, 2),
(340, 10, 65, 4),
(341, 14, 65, 1),
(342, 7, 65, 3),
(343, 9, 65, 2),
(344, 12, 66, 1),
(345, 20, 67, 3),
(346, 6, 67, 1),
(347, 17, 67, 2),
(348, 9, 67, 5),
(349, 18, 67, 3),
(350, 13, 67, 5),
(351, 1, 67, 5),
(352, 17, 68, 3),
(353, 16, 68, 4),
(354, 10, 69, 5),
(355, 8, 69, 5),
(356, 2, 69, 4),
(357, 20, 69, 4),
(358, 10, 69, 3),
(359, 14, 70, 4),
(360, 2, 70, 5),
(361, 14, 70, 4),
(362, 12, 70, 3),
(363, 20, 70, 3),
(364, 14, 70, 5),
(365, 10, 70, 3),
(366, 11, 70, 1),
(367, 4, 70, 2),
(368, 3, 70, 4),
(369, 3, 71, 2),
(370, 8, 72, 3),
(371, 11, 73, 4),
(372, 13, 73, 1),
(373, 19, 73, 3),
(374, 3, 73, 5),
(375, 10, 73, 3),
(376, 1, 74, 3),
(377, 18, 74, 2),
(378, 16, 74, 2),
(379, 6, 74, 5),
(380, 9, 74, 3),
(381, 7, 74, 1),
(382, 15, 75, 2),
(383, 3, 75, 1),
(384, 6, 75, 3),
(385, 16, 75, 3),
(386, 19, 75, 5),
(387, 2, 75, 3),
(388, 17, 75, 4),
(389, 5, 76, 4),
(390, 1, 76, 4),
(391, 13, 76, 4),
(392, 6, 76, 1),
(393, 16, 76, 5),
(394, 18, 76, 3),
(395, 3, 77, 3),
(396, 9, 77, 2),
(397, 20, 77, 2),
(398, 19, 77, 1),
(399, 9, 77, 1),
(400, 13, 77, 1),
(401, 19, 77, 1),
(402, 3, 77, 2),
(403, 17, 78, 4),
(404, 3, 78, 3),
(405, 2, 78, 1),
(406, 6, 78, 4),
(407, 1, 78, 3),
(408, 8, 78, 2),
(409, 14, 78, 1),
(410, 19, 78, 2),
(411, 6, 78, 3),
(412, 20, 79, 5),
(413, 15, 79, 5),
(414, 13, 80, 2),
(415, 2, 80, 3),
(416, 3, 80, 5),
(417, 7, 80, 1),
(418, 19, 80, 5),
(419, 18, 80, 1),
(420, 4, 80, 1),
(421, 15, 80, 2),
(422, 19, 80, 4),
(423, 8, 81, 2),
(424, 7, 81, 1),
(425, 3, 81, 5),
(426, 12, 81, 5),
(427, 17, 81, 3),
(428, 2, 81, 2),
(429, 19, 82, 5),
(430, 4, 82, 4),
(431, 17, 82, 3),
(432, 1, 82, 3),
(433, 16, 82, 1),
(434, 3, 82, 1),
(435, 20, 82, 1),
(436, 10, 82, 4),
(437, 8, 82, 2),
(438, 16, 82, 1),
(439, 19, 83, 2),
(440, 4, 83, 2),
(441, 4, 83, 3),
(442, 16, 83, 4),
(443, 10, 84, 4),
(444, 2, 84, 1),
(445, 8, 84, 2),
(446, 6, 84, 4),
(447, 8, 84, 2),
(448, 5, 84, 3),
(449, 14, 84, 2),
(450, 1, 85, 4),
(451, 3, 85, 4);

INSERT INTO move_offer (id, price, offered_date, move_request_id, driver_id, vehicle_id, status) VALUES
(1, 391, '2026-01-09 05:43:37', 1, 24, 12, 'PENDING'),
(2, 451, '2026-01-15 03:41:36', 2, 59, 29, 'OFFER_SENT'),
(3, 432, '2026-01-02 22:25:54', 3, 69, 35, 'OFFER_AVAILABLE'),
(4, 205, '2026-01-08 02:13:13', 3, 72, 40, 'OFFER_SENT'),
(5, 335, '2026-01-20 10:18:22', 4, 59, 29, 'OFFER_AVAILABLE'),
(6, 3164, '2026-01-09 17:30:55', 5, 59, 29, 'OFFER_SENT'),
(7, 355, '2026-01-21 03:08:00', 5, 60, 31, 'OFFER_AVAILABLE'),
(8, 1708, '2026-01-27 14:58:45', 5, 60, 31, 'CREATED'),
(9, 595, '2026-01-27 02:22:58', 5, 5, 3, 'PENDING'),
(10, 3088, '2026-01-06 08:43:51', 5, 17, 9, 'OFFER_AVAILABLE'),
(11, 435, '2026-01-05 05:02:48', 6, 67, 33, 'CREATED'),
(12, 585, '2026-01-26 21:04:35', 7, 54, 28, 'OFFER_SENT'),
(13, 1205, '2026-01-03 14:52:19', 7, 67, 34, 'CREATED'),
(14, 3212, '2026-01-14 17:17:43', 7, 67, 34, 'OFFER_SENT'),
(15, 521, '2026-01-03 18:28:24', 8, 24, 14, 'OFFER_SENT'),
(16, 751, '2026-01-01 14:23:02', 8, 79, 46, 'OFFER_AVAILABLE'),
(17, 468, '2026-01-22 17:54:59', 8, 67, 33, 'PENDING'),
(18, 376, '2026-01-01 23:42:47', 8, 11, 8, 'OFFER_AVAILABLE'),
(19, 184, '2026-01-15 13:40:57', 9, 60, 30, 'CREATED'),
(20, 394, '2026-01-24 09:37:09', 9, 54, 27, 'OFFER_SENT'),
(21, 170, '2026-01-19 12:56:16', 9, 27, 16, 'OFFER_SENT'),
(22, 1845, '2026-01-26 15:41:21', 10, 67, 34, 'PENDING'),
(23, 2689, '2026-01-21 11:34:34', 10, 11, 8, 'PENDING'),
(24, 2211, '2026-01-14 04:56:25', 11, 5, 3, 'OFFER_AVAILABLE'),
(25, 2572, '2026-01-17 06:27:44', 11, 60, 32, 'CREATED'),
(26, 2055, '2026-01-09 01:19:48', 11, 22, 11, 'OFFER_SENT'),
(27, 60, '2026-01-25 03:05:51', 11, 74, 42, 'PENDING'),
(28, 2437, '2026-01-05 23:38:20', 11, 46, 19, 'OFFER_SENT'),
(29, 1059, '2026-01-01 23:11:57', 12, 60, 30, 'OFFER_AVAILABLE'),
(30, 1852, '2026-01-11 07:25:35', 12, 74, 42, 'OFFER_SENT'),
(31, 4119, '2026-01-22 09:27:26', 13, 17, 10, 'OFFER_SENT'),
(32, 3984, '2026-01-03 15:48:10', 14, 25, 15, 'PENDING'),
(33, 91, '2026-01-14 02:02:22', 14, 24, 14, 'CREATED'),
(34, 3726, '2026-01-07 11:48:07', 14, 69, 35, 'OFFER_SENT'),
(35, 2957, '2026-01-07 01:38:42', 14, 11, 8, 'OFFER_SENT'),
(36, 1455, '2026-01-24 20:11:12', 15, 5, 3, 'OFFER_AVAILABLE'),
(37, 3101, '2026-01-06 02:04:28', 16, 80, 48, 'OFFER_SENT'),
(38, 753, '2026-01-09 14:35:08', 16, 6, 6, 'CREATED'),
(39, 61, '2026-01-04 14:47:04', 16, 72, 40, 'CREATED'),
(40, 981, '2026-01-15 23:41:48', 17, 46, 19, 'OFFER_SENT'),
(41, 3044, '2026-01-22 11:06:52', 17, 46, 19, 'OFFER_SENT'),
(42, 1338, '2026-01-04 07:37:36', 17, 69, 35, 'PENDING'),
(43, 2108, '2026-01-07 08:31:46', 17, 22, 11, 'PENDING'),
(44, 836, '2026-01-26 20:01:59', 18, 17, 10, 'PENDING'),
(45, 297, '2026-01-08 19:08:21', 18, 25, 15, 'OFFER_SENT'),
(46, 4077, '2026-01-04 23:51:35', 19, 27, 16, 'OFFER_AVAILABLE'),
(47, 3500, '2026-01-12 08:50:55', 19, 10, 7, 'PENDING'),
(48, 1348, '2026-01-20 04:24:56', 19, 72, 40, 'OFFER_AVAILABLE'),
(49, 2791, '2026-01-10 03:05:18', 19, 74, 43, 'PENDING'),
(50, 742, '2026-01-08 08:33:02', 20, 25, 15, 'OFFER_SENT'),
(51, 683, '2026-01-25 02:19:40', 20, 32, 17, 'CREATED'),
(52, 809, '2026-01-01 07:15:44', 21, 79, 45, 'CREATED'),
(53, 3046, '2026-01-14 01:48:44', 21, 67, 34, 'OFFER_AVAILABLE'),
(54, 3336, '2026-01-08 20:04:35', 21, 51, 26, 'OFFER_AVAILABLE'),
(55, 51, '2026-01-13 13:16:18', 21, 24, 12, 'OFFER_AVAILABLE'),
(56, 586, '2026-01-27 06:36:37', 22, 74, 43, 'CREATED'),
(57, 1674, '2026-01-07 20:47:47', 22, 22, 11, 'CREATED'),
(58, 1988, '2026-01-24 07:56:51', 22, 32, 17, 'OFFER_SENT'),
(59, 697, '2026-01-17 04:33:19', 22, 27, 16, 'OFFER_AVAILABLE'),
(60, 2987, '2026-01-10 18:53:47', 23, 54, 28, 'OFFER_AVAILABLE'),
(61, 1747, '2026-01-07 17:47:30', 23, 32, 18, 'PENDING'),
(62, 1435, '2026-01-18 15:17:40', 23, 5, 3, 'PENDING'),
(63, 2600, '2026-01-16 14:43:10', 23, 46, 19, 'OFFER_SENT'),
(64, 1707, '2026-01-24 14:32:58', 24, 59, 29, 'OFFER_AVAILABLE'),
(65, 2757, '2026-01-27 08:28:44', 25, 11, 8, 'OFFER_SENT'),
(66, 1676, '2026-01-25 21:28:19', 25, 5, 3, 'PENDING'),
(67, 1181, '2026-01-09 05:09:23', 25, 54, 28, 'PENDING'),
(68, 314, '2026-01-01 04:19:48', 26, 32, 18, 'CREATED'),
(69, 2752, '2026-01-08 18:19:43', 26, 71, 37, 'PENDING'),
(70, 1746, '2026-01-11 07:11:38', 27, 49, 22, 'PENDING'),
(71, 249, '2026-01-02 07:32:19', 27, 17, 10, 'PENDING'),
(72, 167, '2026-01-21 09:22:50', 27, 24, 13, 'PENDING'),
(73, 1127, '2026-01-01 16:58:35', 27, 17, 9, 'OFFER_AVAILABLE'),
(74, 324, '2026-01-13 04:43:26', 28, 69, 35, 'OFFER_SENT'),
(75, 51, '2026-01-25 19:37:40', 28, 67, 34, 'PENDING'),
(76, 446, '2026-01-22 16:15:50', 28, 5, 3, 'OFFER_SENT'),
(77, 511, '2026-01-02 12:59:22', 28, 6, 6, 'CREATED'),
(78, 70, '2026-01-05 21:51:29', 29, 46, 21, 'CREATED'),
(79, 73, '2026-01-08 10:03:17', 29, 3, 1, 'CREATED'),
(80, 68, '2026-01-26 12:09:50', 29, 51, 25, 'CREATED'),
(81, 104, '2026-01-01 08:11:44', 29, 10, 7, 'CREATED'),
(82, 1199, '2026-01-25 14:10:46', 30, 79, 45, 'PENDING'),
(83, 1705, '2026-01-10 00:44:53', 30, 60, 31, 'OFFER_AVAILABLE'),
(84, 193, '2026-01-17 15:14:00', 30, 51, 26, 'OFFER_SENT'),
(85, 1591, '2026-01-18 10:51:05', 30, 49, 24, 'OFFER_SENT'),
(86, 2201, '2026-01-11 00:56:53', 31, 17, 10, 'OFFER_SENT'),
(87, 82, '2026-01-13 23:22:54', 32, 5, 3, 'OFFER_SENT'),
(88, 1867, '2026-01-10 18:03:02', 32, 3, 1, 'OFFER_AVAILABLE'),
(89, 819, '2026-01-16 19:18:11', 33, 71, 39, 'OFFER_SENT'),
(90, 192, '2026-01-15 16:31:16', 33, 51, 26, 'CREATED'),
(91, 454, '2026-01-13 04:15:47', 33, 5, 3, 'CREATED'),
(92, 140, '2026-01-25 16:01:10', 33, 17, 10, 'PENDING'),
(93, 1266, '2026-01-21 20:29:07', 33, 46, 20, 'PENDING'),
(94, 588, '2026-01-16 06:30:02', 34, 3, 1, 'PENDING'),
(95, 1846, '2026-01-02 08:15:38', 35, 80, 48, 'CREATED'),
(96, 2328, '2026-01-21 22:47:16', 35, 51, 25, 'CREATED'),
(97, 447, '2026-01-14 20:51:14', 36, 11, 8, 'OFFER_SENT'),
(98, 448, '2026-01-05 01:04:57', 36, 5, 3, 'OFFER_AVAILABLE'),
(99, 397, '2026-01-02 16:51:52', 36, 59, 29, 'OFFER_SENT'),
(100, 1221, '2026-01-26 13:27:45', 37, 51, 25, 'CREATED'),
(101, 1005, '2026-01-04 08:13:40', 37, 27, 16, 'PENDING'),
(102, 2992, '2026-01-13 23:25:47', 37, 32, 17, 'CREATED'),
(103, 634, '2026-01-08 06:53:43', 37, 32, 18, 'OFFER_SENT'),
(104, 2793, '2026-01-26 06:10:42', 37, 71, 37, 'CREATED'),
(105, 1684, '2026-01-24 20:33:08', 38, 71, 37, 'OFFER_AVAILABLE'),
(106, 241, '2026-01-01 19:15:07', 38, 11, 8, 'OFFER_SENT'),
(107, 1287, '2026-01-18 07:07:37', 39, 67, 33, 'CREATED'),
(108, 3134, '2026-01-11 18:13:53', 40, 25, 15, 'PENDING'),
(109, 2931, '2026-01-27 09:14:20', 40, 10, 7, 'CREATED'),
(110, 2983, '2026-01-15 02:15:22', 41, 69, 35, 'CREATED'),
(111, 1586, '2026-01-19 00:27:15', 42, 54, 28, 'PENDING'),
(112, 2759, '2026-01-23 14:22:59', 42, 5, 3, 'OFFER_AVAILABLE'),
(113, 177, '2026-01-25 15:39:02', 43, 6, 6, 'OFFER_SENT'),
(114, 391, '2026-01-03 18:37:18', 43, 22, 11, 'CREATED'),
(115, 1598, '2026-01-07 15:32:05', 43, 32, 17, 'OFFER_SENT'),
(116, 655, '2026-01-15 09:34:56', 43, 27, 16, 'PENDING'),
(117, 1235, '2026-01-12 06:16:16', 44, 5, 3, 'OFFER_AVAILABLE'),
(118, 775, '2026-01-11 14:53:31', 44, 5, 3, 'PENDING'),
(119, 970, '2026-01-03 09:03:50', 44, 74, 42, 'PENDING'),
(120, 1587, '2026-01-11 09:16:49', 44, 25, 15, 'PENDING'),
(121, 2948, '2026-01-27 14:41:15', 45, 54, 28, 'OFFER_AVAILABLE'),
(122, 2076, '2026-01-16 08:42:37', 45, 25, 15, 'CREATED'),
(123, 3546, '2026-01-25 08:03:29', 45, 60, 31, 'OFFER_AVAILABLE'),
(124, 51, '2026-01-23 03:36:07', 46, 32, 17, 'PENDING'),
(125, 1003, '2026-01-13 21:32:06', 46, 80, 48, 'CREATED'),
(126, 1962, '2026-01-08 22:09:06', 46, 17, 9, 'OFFER_AVAILABLE'),
(127, 1934, '2026-01-26 03:43:18', 47, 71, 39, 'OFFER_SENT'),
(128, 1027, '2026-01-14 17:42:41', 48, 10, 7, 'PENDING'),
(129, 4015, '2026-01-06 13:51:06', 49, 17, 9, 'OFFER_SENT'),
(130, 4541, '2026-01-24 01:31:07', 49, 49, 23, 'OFFER_AVAILABLE'),
(131, 2115, '2026-01-20 16:13:58', 49, 10, 7, 'CREATED'),
(132, 4287, '2026-01-12 08:24:01', 49, 80, 47, 'OFFER_SENT'),
(133, 3012, '2026-01-08 18:07:59', 49, 24, 14, 'CREATED'),
(134, 1404, '2026-01-14 12:56:03', 50, 46, 20, 'CREATED'),
(135, 446, '2026-01-14 04:29:52', 50, 54, 28, 'CREATED'),
(136, 2428, '2026-01-04 07:09:18', 50, 80, 49, 'OFFER_AVAILABLE'),
(137, 3266, '2026-01-20 02:13:57', 51, 60, 30, 'OFFER_AVAILABLE'),
(138, 211, '2026-01-16 20:23:29', 51, 5, 3, 'OFFER_SENT'),
(139, 2569, '2026-01-19 04:37:30', 51, 10, 7, 'OFFER_AVAILABLE'),
(140, 1732, '2026-01-07 02:32:10', 51, 6, 5, 'OFFER_SENT'),
(141, 1115, '2026-01-06 10:45:08', 51, 54, 28, 'CREATED'),
(142, 2385, '2026-01-03 04:54:02', 52, 46, 21, 'OFFER_SENT'),
(143, 2717, '2026-01-01 17:09:28', 52, 25, 15, 'OFFER_AVAILABLE'),
(144, 2369, '2026-01-20 11:04:01', 52, 27, 16, 'OFFER_SENT'),
(145, 238, '2026-01-01 23:16:46', 52, 10, 7, 'PENDING'),
(146, 1656, '2026-01-26 06:20:43', 52, 49, 23, 'OFFER_AVAILABLE'),
(147, 873, '2026-01-05 03:37:20', 53, 49, 24, 'OFFER_AVAILABLE'),
(148, 408, '2026-01-02 03:57:08', 53, 25, 15, 'CREATED'),
(149, 1664, '2026-01-03 02:26:47', 53, 74, 42, 'OFFER_SENT'),
(150, 3200, '2026-01-21 05:06:20', 54, 67, 34, 'OFFER_SENT'),
(151, 270, '2026-01-21 11:49:17', 55, 69, 35, 'OFFER_AVAILABLE'),
(152, 165, '2026-01-05 15:03:44', 55, 79, 44, 'OFFER_AVAILABLE'),
(153, 171, '2026-01-09 21:28:17', 55, 74, 41, 'CREATED'),
(154, 651, '2026-01-07 01:46:54', 56, 6, 4, 'OFFER_SENT'),
(155, 218, '2026-01-11 06:58:12', 56, 46, 19, 'PENDING'),
(156, 4691, '2026-01-05 07:24:02', 57, 74, 41, 'OFFER_SENT'),
(157, 1470, '2026-01-07 05:15:05', 57, 59, 29, 'PENDING'),
(158, 1408, '2026-01-23 03:59:37', 57, 5, 3, 'CREATED'),
(159, 180, '2026-01-01 13:29:36', 58, 69, 36, 'CREATED'),
(160, 607, '2026-01-07 21:16:17', 58, 59, 29, 'OFFER_SENT'),
(161, 2517, '2026-01-06 21:25:52', 58, 51, 25, 'OFFER_AVAILABLE'),
(162, 756, '2026-01-25 01:56:26', 59, 80, 49, 'PENDING'),
(163, 64, '2026-01-17 18:37:56', 59, 11, 8, 'OFFER_SENT'),
(164, 600, '2026-01-18 02:49:59', 59, 69, 35, 'PENDING'),
(165, 758, '2026-01-12 11:34:23', 59, 3, 2, 'PENDING'),
(166, 159, '2026-01-19 16:01:32', 59, 24, 13, 'OFFER_AVAILABLE'),
(167, 629, '2026-01-17 09:15:25', 60, 25, 15, 'CREATED'),
(168, 524, '2026-01-18 21:42:50', 60, 67, 33, 'OFFER_AVAILABLE'),
(169, 1249, '2026-01-06 00:04:12', 60, 22, 11, 'OFFER_AVAILABLE'),
(170, 504, '2026-01-23 09:37:52', 61, 11, 8, 'OFFER_AVAILABLE'),
(171, 795, '2026-01-04 14:30:55', 61, 67, 34, 'PENDING'),
(172, 557, '2026-01-16 14:53:13', 61, 24, 12, 'PENDING'),
(173, 1859, '2026-01-04 03:07:08', 62, 69, 36, 'OFFER_AVAILABLE'),
(174, 2304, '2026-01-25 19:00:11', 62, 3, 2, 'PENDING'),
(175, 1694, '2026-01-16 11:29:40', 62, 10, 7, 'CREATED'),
(176, 3968, '2026-01-11 22:08:20', 62, 69, 36, 'OFFER_AVAILABLE'),
(177, 1832, '2026-01-07 00:01:41', 62, 32, 18, 'PENDING'),
(178, 162, '2026-01-27 04:40:19', 63, 49, 23, 'OFFER_SENT'),
(179, 519, '2026-01-27 07:08:39', 64, 71, 37, 'OFFER_AVAILABLE'),
(180, 1832, '2026-01-23 00:04:35', 65, 60, 30, 'PENDING'),
(181, 584, '2026-01-10 10:55:45', 65, 5, 3, 'OFFER_SENT'),
(182, 938, '2026-01-14 11:35:05', 65, 3, 2, 'PENDING'),
(183, 1123, '2026-01-08 12:49:16', 65, 60, 32, 'OFFER_AVAILABLE'),
(184, 207, '2026-01-16 22:06:02', 66, 71, 39, 'OFFER_SENT'),
(185, 134, '2026-01-21 22:39:47', 67, 22, 11, 'PENDING'),
(186, 149, '2026-01-01 06:35:39', 67, 32, 18, 'PENDING'),
(187, 73, '2026-01-24 17:18:28', 67, 54, 28, 'PENDING'),
(188, 156, '2026-01-26 01:46:49', 67, 32, 18, 'PENDING'),
(189, 130, '2026-01-15 06:34:29', 67, 49, 22, 'OFFER_AVAILABLE'),
(190, 1715, '2026-01-05 15:18:43', 68, 60, 30, 'OFFER_AVAILABLE'),
(191, 1285, '2026-01-23 17:08:29', 68, 49, 23, 'PENDING'),
(192, 3322, '2026-01-04 06:01:26', 68, 3, 2, 'PENDING'),
(193, 279, '2026-01-09 03:09:00', 68, 69, 36, 'OFFER_SENT'),
(194, 178, '2026-01-26 03:35:41', 68, 69, 36, 'OFFER_AVAILABLE'),
(195, 371, '2026-01-06 13:36:31', 69, 60, 31, 'OFFER_AVAILABLE'),
(196, 1374, '2026-01-15 21:01:56', 69, 6, 5, 'PENDING'),
(197, 574, '2026-01-16 16:23:28', 69, 69, 36, 'CREATED'),
(198, 2378, '2026-01-22 07:30:44', 69, 6, 5, 'CREATED'),
(199, 175, '2026-01-13 17:41:59', 70, 60, 31, 'PENDING'),
(200, 571, '2026-01-25 03:27:57', 70, 51, 25, 'OFFER_SENT'),
(201, 2972, '2026-01-16 14:35:17', 71, 59, 29, 'OFFER_AVAILABLE'),
(202, 340, '2026-01-11 16:39:23', 71, 6, 5, 'PENDING'),
(203, 318, '2026-01-13 00:01:04', 72, 51, 26, 'OFFER_AVAILABLE'),
(204, 329, '2026-01-07 05:39:40', 72, 80, 47, 'PENDING'),
(205, 4083, '2026-01-11 17:51:07', 73, 72, 40, 'PENDING'),
(206, 80, '2026-01-02 19:03:01', 73, 32, 18, 'OFFER_AVAILABLE'),
(207, 318, '2026-01-09 12:41:52', 73, 71, 39, 'OFFER_SENT'),
(208, 1347, '2026-01-08 14:18:49', 74, 71, 39, 'OFFER_SENT'),
(209, 995, '2026-01-02 23:11:35', 74, 80, 49, 'OFFER_AVAILABLE'),
(210, 1388, '2026-01-15 02:20:05', 74, 54, 28, 'OFFER_AVAILABLE'),
(211, 358, '2026-01-13 21:38:46', 74, 49, 24, 'OFFER_AVAILABLE'),
(212, 1896, '2026-01-16 08:12:01', 75, 49, 22, 'PENDING'),
(213, 1079, '2026-01-13 01:09:26', 76, 3, 1, 'OFFER_AVAILABLE'),
(214, 124, '2026-01-08 05:05:32', 77, 46, 19, 'OFFER_SENT'),
(215, 3079, '2026-01-11 07:38:04', 77, 67, 34, 'OFFER_SENT'),
(216, 1218, '2026-01-24 22:28:34', 77, 5, 3, 'PENDING'),
(217, 2272, '2026-01-09 05:46:11', 77, 6, 4, 'OFFER_SENT'),
(218, 2580, '2026-01-02 07:20:46', 78, 3, 2, 'OFFER_AVAILABLE'),
(219, 917, '2026-01-21 20:42:57', 78, 25, 15, 'OFFER_SENT'),
(220, 1201, '2026-01-26 00:14:21', 79, 72, 40, 'PENDING'),
(221, 145, '2026-01-05 11:16:37', 79, 74, 43, 'CREATED'),
(222, 3096, '2026-01-17 13:04:57', 80, 79, 45, 'OFFER_AVAILABLE'),
(223, 1543, '2026-01-15 23:29:40', 80, 25, 15, 'PENDING'),
(224, 547, '2026-01-02 06:17:50', 80, 72, 40, 'OFFER_SENT'),
(225, 2089, '2026-01-14 07:49:20', 81, 69, 36, 'OFFER_AVAILABLE'),
(226, 2734, '2026-01-27 14:48:54', 81, 11, 8, 'PENDING'),
(227, 2175, '2026-01-27 09:25:19', 81, 67, 33, 'CREATED'),
(228, 3255, '2026-01-14 19:10:52', 81, 24, 13, 'CREATED'),
(229, 1606, '2026-01-06 15:40:11', 82, 60, 31, 'OFFER_SENT'),
(230, 824, '2026-01-13 03:55:31', 82, 72, 40, 'OFFER_SENT'),
(231, 937, '2026-01-24 21:20:09', 82, 59, 29, 'OFFER_SENT'),
(232, 1182, '2026-01-24 05:07:34', 82, 22, 11, 'PENDING'),
(233, 1597, '2026-01-01 23:49:03', 83, 67, 33, 'OFFER_SENT'),
(234, 515, '2026-01-15 01:40:40', 83, 46, 21, 'PENDING'),
(235, 1034, '2026-01-15 02:06:32', 83, 11, 8, 'CREATED'),
(236, 761, '2026-01-22 09:29:09', 83, 24, 12, 'PENDING'),
(237, 101, '2026-01-27 01:05:18', 84, 22, 11, 'OFFER_AVAILABLE'),
(238, 626, '2026-01-19 04:05:51', 84, 74, 43, 'OFFER_SENT'),
(239, 233, '2026-01-12 04:08:49', 84, 46, 19, 'CREATED'),
(240, 215, '2026-01-21 08:29:23', 84, 51, 26, 'OFFER_AVAILABLE'),
(241, 2404, '2026-01-03 16:12:06', 85, 11, 8, 'OFFER_AVAILABLE'),
(242, 434, '2026-01-25 03:35:03', 85, 32, 17, 'OFFER_AVAILABLE'),
(243, 817, '2026-01-15 01:01:56', 85, 79, 45, 'CREATED'),
(244, 1774, '2026-01-05 02:33:48', 85, 11, 8, 'PENDING'),
(245, 1892, '2026-01-04 10:02:58', 85, 54, 28, 'OFFER_AVAILABLE');

INSERT INTO move_trip (id, move_request_id, move_offer_id, status) VALUES
(1, 1, 1, 'IS_IN_TRANSIT'),
(2, 2, 2, 'COMPLETED'),
(3, 8, 15, 'COMPLETED'),
(4, 9, 19, 'PAYMENT_COMPLETED'),
(5, 9, 21, 'CONFIRMED'),
(6, 14, 34, 'IS_IN_TRANSIT'),
(7, 14, 35, 'PAYMENT_COMPLETED'),
(8, 16, 39, 'IS_IN_TRANSIT'),
(9, 17, 41, 'IS_IN_TRANSIT'),
(10, 21, 54, 'PAYMENT_COMPLETED'),
(11, 26, 68, 'PAYMENT_COMPLETED'),
(12, 27, 70, 'PAYMENT_COMPLETED'),
(13, 27, 73, 'COMPLETED'),
(14, 31, 86, 'COMPLETED'),
(15, 32, 87, 'CONFIRMED'),
(16, 32, 88, 'COMPLETED'),
(17, 33, 89, 'CONFIRMED'),
(18, 33, 90, 'CONFIRMED'),
(19, 33, 92, 'PAYMENT_COMPLETED'),
(20, 36, 98, 'PAYMENT_COMPLETED'),
(21, 37, 100, 'CONFIRMED'),
(22, 37, 102, 'PAYMENT_COMPLETED'),
(23, 37, 104, 'COMPLETED'),
(24, 39, 107, 'CONFIRMED'),
(25, 40, 109, 'CONFIRMED'),
(26, 43, 114, 'COMPLETED'),
(27, 44, 119, 'IS_IN_TRANSIT'),
(28, 45, 123, 'COMPLETED'),
(29, 46, 125, 'PAYMENT_COMPLETED'),
(30, 47, 127, 'PAYMENT_COMPLETED'),
(31, 48, 128, 'CONFIRMED'),
(32, 49, 130, 'COMPLETED'),
(33, 50, 134, 'PAYMENT_COMPLETED'),
(34, 51, 137, 'PAYMENT_COMPLETED'),
(35, 51, 138, 'IS_IN_TRANSIT'),
(36, 51, 139, 'IS_IN_TRANSIT'),
(37, 51, 140, 'COMPLETED'),
(38, 52, 142, 'COMPLETED'),
(39, 52, 146, 'COMPLETED'),
(40, 53, 148, 'PAYMENT_COMPLETED'),
(41, 57, 157, 'COMPLETED'),
(42, 57, 158, 'COMPLETED'),
(43, 58, 160, 'CONFIRMED'),
(44, 59, 162, 'COMPLETED'),
(45, 59, 164, 'IS_IN_TRANSIT'),
(46, 59, 165, 'CONFIRMED'),
(47, 60, 168, 'CONFIRMED'),
(48, 62, 173, 'COMPLETED'),
(49, 62, 174, 'COMPLETED'),
(50, 62, 176, 'CONFIRMED'),
(51, 67, 185, 'PAYMENT_COMPLETED'),
(52, 67, 187, 'CONFIRMED'),
(53, 67, 188, 'PAYMENT_COMPLETED'),
(54, 68, 191, 'COMPLETED'),
(55, 68, 193, 'PAYMENT_COMPLETED'),
(56, 69, 195, 'CONFIRMED'),
(57, 73, 205, 'COMPLETED'),
(58, 73, 206, 'COMPLETED'),
(59, 76, 213, 'COMPLETED'),
(60, 80, 222, 'IS_IN_TRANSIT'),
(61, 80, 224, 'IS_IN_TRANSIT'),
(62, 81, 226, 'COMPLETED'),
(63, 82, 231, 'PAYMENT_COMPLETED'),
(64, 83, 233, 'COMPLETED'),
(65, 83, 234, 'PAYMENT_COMPLETED'),
(66, 85, 241, 'COMPLETED');

