-- Seed data generated by seed_data.py

INSERT INTO vehicle_type (id, type, max_weight, capacity) VALUES
(1, 'SEDAN', 340.19, 67.08),
(2, 'SUV', 589.6, 120),
(3, 'HATCHBACK', 362.8, 50.50),
(4, 'MINIVAN', 544.31, 140.61),
(5, 'VAN', 1088.62, 294.4),
(6, 'TRUCK', 589.67, 70.0);

INSERT INTO luggage_type (id, type, name, volume, weight) VALUES
(1, 'SMALL', 'Small Box', 1.38, 6.80),
(2, 'MEDIUM', 'Medium Box', 2.99, 9.07),
(3, 'LARGE', 'Large Box', 3.40, 13.60),
(4, 'EXTRA_LARGE', 'Extra Large Box', 3.75, 22.67),
(5, 'EXTRA_EXTRA_LARGE', 'Extra Extra Large Box', 5.83, 27.0);

INSERT INTO address (id, line1, line2, city, state_or_province, country, postal_or_zip_code) VALUES
(1, '551 Sara Stravenue', NULL, 'New Cole', 'Connecticut', 'USA', '46780'),
(2, '505 Reynolds Points', 'Suite 463', 'North Kevin', 'Washington', 'USA', '45942'),
(3, '09420 Nicole Ports', NULL, 'South Wendystad', 'Montana', 'USA', '26098'),
(4, '152 Young Islands Apt. 895', 'Apt. 184', 'Glenmouth', 'Montana', 'USA', '76076'),
(5, '344 Mann Tunnel Suite 229', 'Apt. 220', 'Berryview', 'Georgia', 'USA', '86723'),
(6, '19076 Mcknight Route', 'Suite 364', 'West Jonathan', 'Alaska', 'USA', '88170'),
(7, '086 Jason Parks', 'Apt. 759', 'Port Daniel', 'Alaska', 'USA', '77369'),
(8, '7823 Mckenzie Lock', 'Apt. 971', 'Port Wesley', 'Missouri', 'USA', '20124'),
(9, '35043 Christina Terrace Suite 633', 'Suite 591', 'New Christopher', 'New York', 'USA', '14673'),
(10, '8781 Roach Mission Suite 225', NULL, 'Johnsonton', 'New Mexico', 'USA', '99678'),
(11, '008 Gray Mountains Suite 010', 'Suite 670', 'Cindybury', 'Alaska', 'USA', '18457'),
(12, '171 Matthew Underpass Apt. 573', 'Suite 154', 'West Michelleview', 'Kentucky', 'USA', '06497'),
(13, '7414 Riley Point', NULL, 'Lake Donnaport', 'Oklahoma', 'USA', '42655'),
(14, '537 Isaac Forest Suite 301', NULL, 'New Matthewbury', 'New Jersey', 'USA', '33303'),
(15, '009 Brian Station Apt. 376', 'Suite 774', 'South Josephburgh', 'Illinois', 'USA', '68460'),
(16, '3075 Cindy Mountains', NULL, 'Edwardsview', 'Maine', 'USA', '39736'),
(17, '70984 Jackson Estates', 'Apt. 759', 'West Brandon', 'North Carolina', 'USA', '82671'),
(18, '936 Autumn Overpass Apt. 578', NULL, 'Ronaldburgh', 'Colorado', 'USA', '10991'),
(19, '63300 Elizabeth Ford Suite 179', 'Apt. 203', 'North John', 'Nebraska', 'USA', '29392'),
(20, '0351 Vazquez Expressway', 'Apt. 047', 'North Martinmouth', 'Massachusetts', 'USA', '33003'),
(21, '82676 Erin Trace Suite 248', 'Apt. 740', 'Port Jacobberg', 'Nevada', 'USA', '64299'),
(22, '8446 Robinson Burg Suite 720', NULL, 'New Colleenchester', 'Alabama', 'USA', '60508'),
(23, '89128 Yu Key Apt. 290', 'Apt. 605', 'Port Dennischester', 'Oklahoma', 'USA', '53948'),
(24, '290 Jennifer Ports Suite 615', 'Suite 669', 'North Christopher', 'Indiana', 'USA', '69885'),
(25, '62054 Stokes Stream', 'Apt. 000', 'South Williambury', 'North Dakota', 'USA', '04880'),
(26, '5631 Jones Mews', NULL, 'West Tinaborough', 'Vermont', 'USA', '09455'),
(27, '4170 Bonnie Rest Apt. 836', NULL, 'Sandovalmouth', 'Nebraska', 'USA', '84652'),
(28, '6670 Eric Island', NULL, 'Estradaberg', 'New York', 'USA', '42806'),
(29, '348 Glenn Loop Apt. 980', NULL, 'Larahaven', 'Iowa', 'USA', '77837'),
(30, '8531 Debbie Camp Apt. 811', 'Apt. 314', 'Port Davidchester', 'California', 'USA', '89382'),
(31, '96787 Robert Radial', NULL, 'Mistyshire', 'South Carolina', 'USA', '77361'),
(32, '24306 Ramirez Path', 'Apt. 903', 'North Victoriaton', 'Maryland', 'USA', '79608'),
(33, '648 Megan Trace', 'Apt. 851', 'New Angelaview', 'Vermont', 'USA', '10024'),
(34, '228 Lyons Plain', 'Apt. 974', 'Bellton', 'Texas', 'USA', '54608'),
(35, '1556 Powell Court', NULL, 'East Evelynville', 'Louisiana', 'USA', '26284'),
(36, '75195 Donald Knoll Suite 995', 'Suite 692', 'West Austin', 'Virginia', 'USA', '38319'),
(37, '88127 Alexis Forks', NULL, 'Margaretfort', 'Michigan', 'USA', '27743'),
(38, '80479 Gerald Pike', 'Apt. 642', 'Port Jessicahaven', 'Montana', 'USA', '07751'),
(39, '7730 Kenneth Ridge', NULL, 'West Meghanmouth', 'Maine', 'USA', '07533'),
(40, '5320 Booth Roads', NULL, 'Lopezton', 'Wisconsin', 'USA', '52219'),
(41, '982 Sanders Track Suite 015', 'Apt. 649', 'New Jose', 'Michigan', 'USA', '77124'),
(42, '04925 Jenna Shores', NULL, 'West Richardside', 'New Hampshire', 'USA', '80704'),
(43, '1210 Newman Club', NULL, 'South Sharontown', 'New Jersey', 'USA', '85510'),
(44, '58043 Browning Mission', 'Suite 504', 'East Arthurshire', 'New Mexico', 'USA', '14269'),
(45, '45103 Hatfield Creek', NULL, 'Jeffreystad', 'Ohio', 'USA', '91624'),
(46, '76515 Dillon Rapid Apt. 167', NULL, 'New Erinland', 'Indiana', 'USA', '17080'),
(47, '998 Crawford Villages Apt. 240', 'Suite 036', 'Courtneytown', 'California', 'USA', '03822'),
(48, '35850 Ashley Oval', 'Suite 348', 'Trevorhaven', 'Arkansas', 'USA', '30897'),
(49, '14404 Benson Flats Suite 411', 'Suite 502', 'Jasonborough', 'South Carolina', 'USA', '42443'),
(50, '4997 Kaitlyn Causeway Apt. 483', NULL, 'South Melanietown', 'Utah', 'USA', '02270'),
(51, '0988 Karla Dam', NULL, 'Phillipschester', 'Florida', 'USA', '69798'),
(52, '471 Griffith Mount', 'Apt. 309', 'East Davidtown', 'Montana', 'USA', '73376'),
(53, '4234 Evans Harbors Apt. 404', NULL, 'West Melissamouth', 'New York', 'USA', '91483'),
(54, '66644 Andrews Forks', 'Apt. 662', 'Carolborough', 'Massachusetts', 'USA', '25914'),
(55, '9126 Timothy Lodge', NULL, 'Steeleville', 'Tennessee', 'USA', '48021'),
(56, '95397 Martin Port', 'Suite 458', 'Josephport', 'Nebraska', 'USA', '61741'),
(57, '4248 Angela Coves', NULL, 'New Greg', 'Illinois', 'USA', '85069'),
(58, '7679 Stark Circles', 'Suite 626', 'East Cassidyport', 'Ohio', 'USA', '37930'),
(59, '1354 Laura Union Suite 490', 'Suite 950', 'Port Victoriaburgh', 'Oklahoma', 'USA', '57311'),
(60, '94088 Robert Mission Suite 609', NULL, 'Rodriguezchester', 'Virginia', 'USA', '75965'),
(61, '79939 Lauren Street Suite 310', 'Suite 088', 'North Austin', 'Delaware', 'USA', '20576'),
(62, '8760 Kimberly Crest Apt. 466', 'Suite 812', 'Christensenport', 'Wisconsin', 'USA', '28383'),
(63, '846 Jorge Parks Suite 369', 'Suite 583', 'Lake Christine', 'Alaska', 'USA', '43447'),
(64, '5794 Anne Grove Suite 188', 'Apt. 321', 'Carrside', 'North Dakota', 'USA', '23694'),
(65, '82110 Meyer Mission Suite 058', 'Apt. 020', 'Bishopmouth', 'Oklahoma', 'USA', '93383'),
(66, '58669 Amy Estates', NULL, 'Jeffreyfurt', 'Mississippi', 'USA', '46695'),
(67, '848 Margaret Stravenue Suite 110', 'Apt. 610', 'New Ryanstad', 'Virginia', 'USA', '43832'),
(68, '012 Lewis Summit', NULL, 'Mariafurt', 'Pennsylvania', 'USA', '94718'),
(69, '57811 Marie Common', NULL, 'New Mark', 'Arizona', 'USA', '00543'),
(70, '1186 Ricardo Radial', 'Suite 374', 'East Dawn', 'Connecticut', 'USA', '18411'),
(71, '1580 Andrew Grove Suite 670', 'Apt. 346', 'Port Debbieland', 'Montana', 'USA', '86051'),
(72, '2342 Tyler Rapid Apt. 555', 'Suite 311', 'Port Shane', 'West Virginia', 'USA', '71097'),
(73, '881 Herrera Isle', NULL, 'South Sydneyside', 'Wisconsin', 'USA', '91620'),
(74, '882 Long Station Suite 370', NULL, 'Crystalborough', 'South Dakota', 'USA', '88351'),
(75, '002 Sydney Plains Apt. 409', 'Apt. 651', 'Port Aliciastad', 'Virginia', 'USA', '37971'),
(76, '663 Darrell River Suite 508', NULL, 'East Anita', 'New York', 'USA', '11258'),
(77, '87664 Donna Common Suite 471', NULL, 'Glennmouth', 'Florida', 'USA', '05474'),
(78, '84052 Watson Ridge Apt. 544', NULL, 'Port Darrell', 'Nebraska', 'USA', '76520'),
(79, '2209 Larry Trace Apt. 015', 'Apt. 084', 'New Kevin', 'Virginia', 'USA', '44516'),
(80, '8840 Stacy Hill', 'Suite 441', 'Port David', 'Maine', 'USA', '63581'),
(81, '046 Davis Cliffs', 'Suite 485', 'New Douglastown', 'South Dakota', 'USA', '28935'),
(82, '55392 Williams Landing', NULL, 'South Raymondberg', 'Minnesota', 'USA', '29426'),
(83, '7661 Fisher Greens', NULL, 'Lake Gavin', 'Kentucky', 'USA', '27792'),
(84, '00184 Katrina Pike Apt. 982', 'Suite 706', 'Gracehaven', 'Kentucky', 'USA', '88020'),
(85, '2794 Lauren Shoal', 'Apt. 023', 'West Tina', 'Ohio', 'USA', '06057'),
(86, '483 Daniel Circles Apt. 868', NULL, 'West Davidshire', 'Michigan', 'USA', '80011'),
(87, '802 Robert Trail', 'Apt. 420', 'New Stephenmouth', 'Colorado', 'USA', '41676'),
(88, '056 Acevedo Brooks Suite 646', 'Apt. 869', 'Deckerport', 'Kentucky', 'USA', '33995'),
(89, '3588 Steven Falls', 'Apt. 457', 'Fostermouth', 'Texas', 'USA', '97247'),
(90, '657 Spence Plain Apt. 514', 'Suite 942', 'New Erin', 'Tennessee', 'USA', '01660'),
(91, '122 Kelly Inlet Suite 706', NULL, 'Campbellhaven', 'Kentucky', 'USA', '06092'),
(92, '24250 Marvin Passage Suite 402', NULL, 'Ryanland', 'Louisiana', 'USA', '67325'),
(93, '7177 Jennifer Ways', NULL, 'Johnhaven', 'Arkansas', 'USA', '08146'),
(94, '262 Chelsea Causeway Apt. 464', NULL, 'Pachecostad', 'North Carolina', 'USA', '54534'),
(95, '4676 Samantha Trace Apt. 961', NULL, 'Laraville', 'Virginia', 'USA', '54459'),
(96, '965 Taylor Port Suite 007', NULL, 'South Brandiport', 'New Jersey', 'USA', '29521'),
(97, '030 Heather Creek Apt. 728', NULL, 'New Danielborough', 'Nevada', 'USA', '09671'),
(98, '224 Christopher Groves', NULL, 'Lesliehaven', 'Oregon', 'USA', '84949'),
(99, '173 Harris Crossroad', NULL, 'Brianburgh', 'Nevada', 'USA', '59970'),
(100, '396 Henderson Isle Suite 408', 'Apt. 757', 'Port Feliciabury', 'New York', 'USA', '12979'),
(101, '1567 Richard Stream Apt. 198', NULL, 'Kochburgh', 'New York', 'USA', '49687'),
(102, '989 Vincent Orchard Apt. 722', NULL, 'West Carolberg', 'Iowa', 'USA', '43007'),
(103, '0091 Phillips Shoals', 'Suite 781', 'Mathismouth', 'Delaware', 'USA', '47583'),
(104, '618 Christensen Isle Apt. 799', NULL, 'Joshuamouth', 'Massachusetts', 'USA', '81237'),
(105, '19625 Kelly Land Apt. 129', 'Apt. 293', 'Aprilchester', 'Delaware', 'USA', '39024'),
(106, '219 Harris Ridge Suite 128', 'Apt. 908', 'West Ryan', 'Arizona', 'USA', '32427'),
(107, '1716 Diane Knoll Apt. 189', NULL, 'Jillside', 'Alaska', 'USA', '55287'),
(108, '910 Shepard Parkways Apt. 707', 'Apt. 320', 'New Michaelside', 'Illinois', 'USA', '47473'),
(109, '027 Steven Burg Apt. 871', 'Apt. 787', 'Garciafort', 'Mississippi', 'USA', '97877'),
(110, '3422 Diaz Lodge Suite 379', NULL, 'South Elizabethton', 'South Carolina', 'USA', '39097'),
(111, '258 Reyes Plaza Apt. 010', 'Apt. 512', 'Harrisonbury', 'Maryland', 'USA', '12964'),
(112, '80851 Ward Mountains', 'Suite 966', 'Lake Mary', 'Colorado', 'USA', '75959'),
(113, '16321 Hamilton Fords Apt. 777', NULL, 'Lake Andrewhaven', 'Mississippi', 'USA', '21622'),
(114, '481 Nicole Keys Apt. 363', 'Suite 153', 'East Tammy', 'Arizona', 'USA', '40804'),
(115, '41130 Sexton Land', NULL, 'Brianborough', 'West Virginia', 'USA', '76899'),
(116, '510 Robert Club Suite 089', 'Apt. 095', 'Hollymouth', 'Utah', 'USA', '26453'),
(117, '249 Heather Ridges', NULL, 'Garciafort', 'Florida', 'USA', '32183'),
(118, '71946 Lewis Tunnel', 'Suite 384', 'Ronaldville', 'Indiana', 'USA', '16371'),
(119, '553 Ray Squares', 'Suite 781', 'Bassshire', 'Missouri', 'USA', '43197'),
(120, '205 Alicia Cape', 'Suite 698', 'Blevinsborough', 'South Carolina', 'USA', '91607'),
(121, '05990 Brett Bypass', 'Apt. 010', 'West Thomas', 'Nebraska', 'USA', '59792'),
(122, '2402 Barrett Corners', NULL, 'Harringtonshire', 'Nebraska', 'USA', '12201'),
(123, '85157 Kristina Lake', NULL, 'South Karistad', 'South Carolina', 'USA', '20779'),
(124, '10647 Gilbert Loop Suite 514', 'Apt. 885', 'New Loriland', 'Missouri', 'USA', '83758'),
(125, '954 Barbara Skyway Apt. 384', 'Suite 851', 'Port Julianport', 'Iowa', 'USA', '99730'),
(126, '7142 Fisher Mill', 'Suite 560', 'North Sandra', 'Ohio', 'USA', '69861'),
(127, '541 Amy Forges', NULL, 'South Samanthaland', 'North Dakota', 'USA', '31226'),
(128, '14627 Durham Fields Suite 763', 'Suite 583', 'East Cynthiaborough', 'South Dakota', 'USA', '73476'),
(129, '8096 Dale Lock Suite 439', NULL, 'Kerrborough', 'Utah', 'USA', '26889'),
(130, '64384 Blair Island Suite 928', 'Suite 497', 'West Andrewshire', 'Georgia', 'USA', '36991'),
(131, '760 Rios Inlet', 'Apt. 503', 'West Jennifer', 'Delaware', 'USA', '27840'),
(132, '7248 Stein Knolls Apt. 014', 'Apt. 985', 'East Heather', 'Minnesota', 'USA', '07947'),
(133, '12174 Dana Row Apt. 289', 'Apt. 119', 'West Chad', 'Georgia', 'USA', '21897'),
(134, '433 Richard Ports', NULL, 'East Thomas', 'Maryland', 'USA', '89479'),
(135, '648 Melinda Lane Suite 205', NULL, 'New Kenneth', 'New Hampshire', 'USA', '46062'),
(136, '1911 Mitchell Gardens Apt. 451', 'Suite 996', 'Sarahmouth', 'Washington', 'USA', '88492'),
(137, '246 Reyes Canyon Apt. 053', NULL, 'North Nathan', 'New Jersey', 'USA', '16443'),
(138, '196 Galvan Village', 'Apt. 958', 'West Joe', 'Oregon', 'USA', '68850'),
(139, '8051 Flynn Road', NULL, 'South Amanda', 'Virginia', 'USA', '57591'),
(140, '02204 Crystal Burg', NULL, 'Ramirezburgh', 'Wisconsin', 'USA', '27354'),
(141, '68679 Katelyn Cliffs', NULL, 'Gregoryville', 'Arkansas', 'USA', '06420'),
(142, '80612 Reynolds Estate', NULL, 'Nelsontown', 'Oregon', 'USA', '92997'),
(143, '742 Camacho Fields Apt. 776', 'Apt. 605', 'Lake Christophertown', 'Arizona', 'USA', '71776'),
(144, '9970 Carlson Corners Suite 252', NULL, 'Bryantside', 'Michigan', 'USA', '87255'),
(145, '82787 Travis Union Suite 953', NULL, 'Lake Amanda', 'Florida', 'USA', '13192'),
(146, '6336 Logan Cliffs', 'Apt. 017', 'Gailshire', 'Maryland', 'USA', '27758'),
(147, '429 Martinez Walks', 'Apt. 934', 'Nguyenhaven', 'Kansas', 'USA', '94424'),
(148, '8815 Fletcher Station', 'Apt. 500', 'North Chadton', 'Nebraska', 'USA', '92371'),
(149, '26895 Brown Shoal', NULL, 'Port Lisastad', 'Rhode Island', 'USA', '49387'),
(150, '4460 Gene Square', NULL, 'Thomasport', 'Alaska', 'USA', '90736'),
(151, '31937 Ashley Pine Suite 177', NULL, 'Jamesland', 'Oklahoma', 'USA', '62682'),
(152, '1705 Randy View Apt. 102', NULL, 'Ritahaven', 'Illinois', 'USA', '77057'),
(153, '3673 Mark Underpass', NULL, 'Lake Brianberg', 'Georgia', 'USA', '46195'),
(154, '0414 Drake Burg Apt. 332', 'Suite 704', 'Port Kennethtown', 'Colorado', 'USA', '64252'),
(155, '0568 Amanda Orchard', NULL, 'West Cindyborough', 'Oklahoma', 'USA', '22577'),
(156, '738 Jennifer Meadow Suite 598', 'Suite 851', 'Evanton', 'Ohio', 'USA', '02083'),
(157, '6388 Becky Village', NULL, 'Stevenborough', 'Arkansas', 'USA', '65073'),
(158, '46994 Ponce Passage Apt. 524', NULL, 'East Heatherton', 'Alabama', 'USA', '79104'),
(159, '4124 Jessica Views Apt. 017', NULL, 'East Ernesthaven', 'Pennsylvania', 'USA', '29751'),
(160, '2600 Raymond Squares', 'Apt. 132', 'North Jessicaburgh', 'Wisconsin', 'USA', '13941'),
(161, '749 Castaneda Parkway', 'Suite 418', 'South Robert', 'Wisconsin', 'USA', '79804'),
(162, '641 Willie Court Suite 181', 'Apt. 739', 'Barnettland', 'Colorado', 'USA', '83137'),
(163, '94237 Vazquez Bypass Apt. 633', 'Apt. 502', 'Powellhaven', 'Pennsylvania', 'USA', '33222'),
(164, '502 Ball Stravenue Apt. 564', NULL, 'Austinchester', 'Alaska', 'USA', '61302'),
(165, '15660 Katherine Passage', NULL, 'West Danielburgh', 'California', 'USA', '44284'),
(166, '35372 Todd Haven', 'Suite 039', 'Sherryhaven', 'Idaho', 'USA', '11229'),
(167, '267 Oconnell Islands', NULL, 'Autumnstad', 'Texas', 'USA', '46227'),
(168, '5200 Jones Ridges', 'Apt. 929', 'Markfort', 'Massachusetts', 'USA', '57644'),
(169, '8024 Angie Union', 'Suite 366', 'Jessicachester', 'Alaska', 'USA', '26431'),
(170, '154 Lewis Via Suite 916', 'Apt. 625', 'Smithview', 'Oklahoma', 'USA', '85825'),
(171, '29910 Kaitlyn Track Apt. 818', NULL, 'Susanfort', 'New Jersey', 'USA', '85305'),
(172, '07731 Barton Overpass', 'Suite 584', 'North Peter', 'Idaho', 'USA', '04648'),
(173, '82383 Matthew Walk Apt. 914', NULL, 'Davidfurt', 'Colorado', 'USA', '37296'),
(174, '35094 Angel Burgs', 'Apt. 555', 'South Stacy', 'South Carolina', 'USA', '45773'),
(175, '78548 Fields Ways Apt. 762', NULL, 'North Ashley', 'Illinois', 'USA', '80213'),
(176, '5671 Patricia Square', NULL, 'East Ronaldfort', 'Missouri', 'USA', '24724'),
(177, '500 Townsend Stravenue Suite 322', 'Apt. 234', 'Hollystad', 'North Carolina', 'USA', '01262'),
(178, '4828 Cody Glens', 'Apt. 897', 'Karenmouth', 'New Hampshire', 'USA', '62427'),
(179, '855 Jenkins Mall', NULL, 'Sanchezstad', 'Rhode Island', 'USA', '62457'),
(180, '16895 Teresa Fort Suite 056', 'Apt. 619', 'Sosaland', 'Virginia', 'USA', '30533'),
(181, '5442 Macdonald Points', NULL, 'North Andrewville', 'Michigan', 'USA', '70886'),
(182, '40323 Duncan Forest Suite 039', NULL, 'Jennashire', 'Oregon', 'USA', '79407'),
(183, '534 Lindsey Center', NULL, 'South Robert', 'Maryland', 'USA', '45120'),
(184, '594 Tanya Estate Suite 346', 'Suite 174', 'Tiffanyfort', 'Nebraska', 'USA', '73843'),
(185, '7704 Kyle Terrace', NULL, 'New Jennifer', 'Mississippi', 'USA', '44093'),
(186, '3152 Tyler Island Apt. 343', 'Apt. 254', 'North Troychester', 'New Hampshire', 'USA', '25611'),
(187, '233 Todd Village', NULL, 'Port Molly', 'Maine', 'USA', '12014'),
(188, '01232 Woods Trace Apt. 545', 'Suite 493', 'South Johnborough', 'Michigan', 'USA', '19627'),
(189, '5698 Rodriguez Plaza Apt. 424', 'Apt. 583', 'North Julie', 'Indiana', 'USA', '16692'),
(190, '0603 Cortez Stravenue Apt. 856', NULL, 'New Crystaltown', 'South Carolina', 'USA', '17358'),
(191, '625 Rodgers Ridges Apt. 855', NULL, 'Michaelborough', 'Florida', 'USA', '68453'),
(192, '842 Renee Cove', NULL, 'New Marcus', 'Ohio', 'USA', '79849'),
(193, '574 Teresa Groves', 'Apt. 222', 'Rubenview', 'Wyoming', 'USA', '12853'),
(194, '916 Holland Prairie Suite 354', 'Apt. 411', 'Blairshire', 'Utah', 'USA', '26796'),
(195, '17022 Lisa Valley Suite 180', NULL, 'Lake Amandaborough', 'Kansas', 'USA', '43123'),
(196, '700 Gonzalez Coves', NULL, 'Jordanfort', 'Nebraska', 'USA', '30472'),
(197, '752 Sanchez Alley', 'Apt. 301', 'Quinnville', 'Pennsylvania', 'USA', '93566'),
(198, '8778 Douglas Expressway', NULL, 'Danielbury', 'Massachusetts', 'USA', '36739'),
(199, '920 Joan Springs', 'Apt. 376', 'Stephensview', 'Connecticut', 'USA', '79624'),
(200, '6522 Jessica Pines', 'Apt. 438', 'Lauraville', 'Mississippi', 'USA', '80597');

INSERT INTO "user" (id, username, password_hash, f_name, l_name, email, dob, rating, role, address_id) VALUES
(1, 'landrysamantha', 'ecaaa3f6196ceac216de3243877afa9e1ae3f44be5ccf336d8e2913bec7b06ad', 'David', 'Hall', 'bentleyjeffrey@example.com', '1991-10-20', NULL, 'ADMIN', 184),
(2, 'tiffany28', '020ceb0ca6c7a55c5ed86c7f3a0c426713e19d247dafda3b9c9e2f03d4581f46', 'Ronald', 'Wang', 'natalie90@example.org', '1998-02-17', 4.0, 'CLIENT', 93),
(3, 'apowell', 'f4423e88c67417aca397df6a804a75a16834557ab1b8a9246f49f4570e7ad3e2', 'Brandon', 'Allison', 'wilkinsonbridget@example.net', '2007-01-23', 4.9, 'CLIENT', 164),
(4, 'coxroberto', 'c18ea79bd394ed0757f0f35dea65ac4741eedd3fb417ab881efb521f59542ef2', 'Glenda', 'Houston', 'nicholscarly@example.org', '1985-02-07', NULL, 'CLIENT', 175),
(5, 'eric56', '8de68a2d423013b8e476d8b4c75bbacdd9b732c2426e005d5306497e4c8c46f6', 'Kaitlyn', 'Lynch', 'brittanymcfarland@example.com', '1961-03-04', 2.0, 'ADMIN', 129),
(6, 'andresortega', '7cefa094fbba61cbf54fa6d1f491235517a20f74ca053eada09f5e8f53a09f08', 'Emily', 'Mclean', 'zpatton@example.org', '1950-10-19', 3.3, 'ADMIN', 165),
(7, 'pbrown', '17af0c17bae88a65c2bd1ab86cb48f857c16ce3e0153fd4f6902c6a0da856886', 'Sophia', 'Hensley', 'lmaldonado@example.net', '2001-10-26', 1.3, 'DRIVER', 185),
(8, 'stewartdawn', '73d862b8e1b3181fd8244d3de82c60cbe75a5fb0caa3b712f2c19ef90ead0f7b', 'Anne', 'Smith', 'akoch@example.com', '1972-05-08', 4.4, 'DRIVER', 51),
(9, 'allison89', 'bd5da2106ae7bd92b7b2270a3ea63633aabcb9ff1a5cc370c66d727b0aabe60e', 'Shannon', 'Monroe', 'daniel27@example.net', '1979-10-06', 2.2, 'DRIVER', 33),
(10, 'karen15', '04ce86bdd100046734f9351b58db048bd657c96f666057c20228961300e64d23', 'Mark', 'Collins', 'penny92@example.org', '1949-01-10', NULL, 'ADMIN', 100),
(11, 'chammond', '6c4ca8d3f9deea338d287973e1bd54b604e6fcbda03935e1c9f2e197c4cfa993', 'Shawn', 'Lawrence', 'anthony93@example.com', '1979-10-30', NULL, 'DRIVER', 97),
(12, 'ncantrell', '55f1f4bf99486ffbeef0fac98a11957045c0ea98e3fdb3bbee1c35ecafe10f04', 'Nicholas', 'Hawkins', 'tuckerjohn@example.net', '1971-12-18', 1.5, 'DRIVER', 136),
(13, 'eclark', '8cfa79af04bb6d66ec34ece186381a57ee6243b5ef3c00ea950c86ccddbc2a7a', 'Leslie', 'Lee', 'henry31@example.org', '1947-11-26', NULL, 'ADMIN', 22),
(14, 'charlene14', '85d885a73362674f6b80f4f9bcd4193041d4c4da1ca85f608458fc369dadf9ff', 'Arthur', 'Allen', 'deleonchristopher@example.net', '1973-10-23', 1.8, 'DRIVER', 8),
(15, 'browntyler', '178bc8a5a64dc613b0a5bff7960f73e1bc1d7b748593d9bc5eee8a43822c3eb7', 'Mary', 'Bailey', 'migueldurham@example.net', '1966-03-11', 4.5, 'DRIVER', 184),
(16, 'keithjulie', '5226938fea4ad1346089e7cf2bcf9d702e68274e77dc9b52c3f974ea8e389b04', 'Carolyn', 'Baker', 'haileybell@example.net', '1986-03-01', NULL, 'DRIVER', 38),
(17, 'christophermcclain', 'a4a63315b569df91c3a300141840dc56dcf428d10d2c2a5425c07e114cccea6d', 'Kaitlyn', 'Lambert', 'sandraanderson@example.org', '2006-02-10', 4.0, 'ADMIN', 118),
(18, 'ukim', 'c0632dbe120f0ae91c5e4492d7ea2ee0e8d92adec520882321787d889d271933', 'Tammy', 'Martin', 'amanda62@example.org', '1972-07-29', 1.6, 'CLIENT', 114),
(19, 'george14', '4570c91386f01c0c87d1a16723ae17a353edaf2a68f232caa8b40e3c2f92bcab', 'Keith', 'Day', 'johnsonjason@example.net', '1988-03-24', 1.4, 'CLIENT', 55),
(20, 'salinaslisa', '4b39b30029d2c4b805e8dc1c840eb1a4fa092be751e9fda08263e316e3066181', 'Brett', 'Smith', 'paulwoods@example.net', '1953-08-12', 2.7, 'ADMIN', 129),
(21, 'brittany54', '2372d101410235d6366f8a81dc00a659305660fb4553414c490dda4d899c0e4e', 'Eric', 'Conner', 'turnerdevin@example.org', '1983-07-06', NULL, 'DRIVER', 21),
(22, 'walshsteven', 'd5d626ea07d7560bce7560f0250d6aab1d129a4735c4692e49d8b4e7c88da9c1', 'Tiffany', 'Sutton', 'matthewoconnell@example.net', '1954-04-24', 3.8, 'ADMIN', 92),
(23, 'bryanpaul', 'a330ae60777a7871d474f6653760ae08a0d5a44356f97bc7203bbbd74dc27c73', 'Susan', 'Potter', 'johnrodriguez@example.org', '1988-07-11', 3.9, 'ADMIN', 50),
(24, 'padilladeanna', '20ad1a72645510dc994fe0fff7e1ba7c62a4e12c1430cf90db86c3c9b7d78c24', 'Patricia', 'Wilkins', 'jclark@example.org', '1997-05-31', 4.5, 'DRIVER', 65),
(25, 'tara45', 'b24cac5fc9a513df5f0ffc9ff0da265b4315eae2313fa2b043c134e2059e4092', 'Jennifer', 'Blake', 'haystracy@example.org', '1951-06-27', NULL, 'CLIENT', 125),
(26, 'ihall', '82279c20c478990d259341d51f63870d5fe618669481f3d674bad9be2ceea443', 'Cindy', 'Payne', 'jennifer03@example.net', '1962-06-19', 1.6, 'DRIVER', 33),
(27, 'rbanks', '556d59e4918d821d5779525624469d3d99710ef97e2a39dd9deb5f1eaac2a9ce', 'Jesse', 'Warner', 'marc63@example.com', '1945-04-28', 4.3, 'ADMIN', 30),
(28, 'alicehull', '5a7d8e1db097c3d10ab250726bebadfb80a9eedaa4102f4a0100a6b69f3f3cd6', 'Robert', 'Bell', 'huntbrandon@example.com', '1956-06-06', NULL, 'DRIVER', 148),
(29, 'prestonmcmillan', '29cbaa4b17a646a199dd2aa680af9a9266ed591b1dae31f1fa70538ca5aae798', 'Stephanie', 'Fields', 'collierjohn@example.com', '1958-06-17', 1.4, 'ADMIN', 199),
(30, 'xhorn', '91e3c16d0c19c6f3a546493eca5bb298e4b6059c586bcb1a41facb90539cbbe6', 'Alisha', 'Bailey', 'tashley@example.org', '1990-05-05', 2.0, 'CLIENT', 44),
(31, 'williamscott', '6a7d395f78d8d68bc4e73febb6fbd71540da539111e943dcf9f78087dc9b7d80', 'Catherine', 'Davis', 'johnwalsh@example.net', '1970-03-02', 3.1, 'ADMIN', 54),
(32, 'robert84', '39e830d92f81cdf79a428a1987d6bb0526e1a546fe6e4179f314b372d03ede91', 'Christopher', 'Harmon', 'ygilbert@example.org', '1996-12-03', 3.0, 'DRIVER', 57),
(33, 'reedjessica', '9c0b88e72b6e306b825714dba5c1663ab5820e6bcabcd03b179d91fa526006c7', 'Whitney', 'Yang', 'vasquezcarol@example.org', '2005-05-03', 3.7, 'ADMIN', 189),
(34, 'billydaniels', 'd3217ef2efef67737f20bcfc3eaf4375159a88df60fc2fae218be58f114a2172', 'Derek', 'Bishop', 'william32@example.com', '1974-06-12', 2.4, 'CLIENT', 199),
(35, 'ysmith', 'eca59d7a5beae8a6661500211fd4bb019897544ed6a7381795e32f8561d2a9b5', 'Jeffrey', 'Benson', 'scott91@example.com', '1946-11-12', 2.2, 'DRIVER', 186),
(36, 'yreyes', '2a70eeeab5943a4efbcab9331f32ddc69e5699a00097fad602906566b34571a5', 'Justin', 'Carter', 'bfoster@example.net', '2006-12-07', NULL, 'CLIENT', 40),
(37, 'timothy89', '00ac0562d64ad90aada399b6f8081d837f6e32429f24d4d450215214cf56ab00', 'Brett', 'Allen', 'zsmith@example.org', '1973-04-08', 3.7, 'ADMIN', 66),
(38, 'hickspatrick', '0fa991bcaa7afae3162ffff4853c889619acf1880ce809d06667b565e6248f1c', 'David', 'Klein', 'abbottroger@example.com', '1972-02-13', NULL, 'CLIENT', 133),
(39, 'trangabrielle', 'fe11d7a9f04bca1fdaa17d2320e861a1708deed0a978651451060d506cad4ac8', 'Shawn', 'Medina', 'adam93@example.com', '1992-09-19', 3.7, 'CLIENT', 124),
(40, 'morsejimmy', 'ba2c21c3901a9a6f13fe50439abe0be5798f9864b95804951ee6e5e76a4c03fc', 'Andrea', 'Duncan', 'kingcheryl@example.org', '2006-03-28', 4.7, 'CLIENT', 51),
(41, 'anthonysimpson', 'c59f3a3fcee59a3e09c0dac1597598c44cf5d91d9c790d9e51c5eff2f3cb3278', 'Stephen', 'Davis', 'nkemp@example.org', '1951-09-26', NULL, 'ADMIN', 193),
(42, 'iwilson', '329d062123f7fa3b0ae938a3c27fc8fc7a151a54c1bad7d0852cfbcf709d40d8', 'Karen', 'Medina', 'orozcoharry@example.net', '1959-06-29', 1.6, 'ADMIN', 92),
(43, 'whitecourtney', '3798a3d7763c5d38f99a46147057b820a42dbe4f112d6e6511ce3a08496296a7', 'Michael', 'Bell', 'sjackson@example.net', '1985-05-30', 4.1, 'CLIENT', 107),
(44, 'thompsonkenneth', 'e876e9b29771d7c0a236cbfe8fa88cd2dbe462aa2e8d457d6e995008ccfabd79', 'Andrew', 'Howe', 'susanspence@example.org', '1983-04-20', 1.3, 'DRIVER', 101),
(45, 'williamsmonique', '447faf7771fcb33c6850f9ab99376662ac85056228ec7c7205138a0cd11f3889', 'Lisa', 'Hamilton', 'jessica91@example.net', '1964-02-21', NULL, 'DRIVER', 100),
(46, 'keith96', '05b6157003df0b0bd6b348fb7e17f06ed626dbfddb8ef507e89f4a6eabf59735', 'Devin', 'Vasquez', 'stephanierusso@example.net', '1992-12-24', 2.4, 'CLIENT', 169),
(47, 'andrew57', '836c9f85b6b43996f775d69e9f63595754c2f8dca9c64d2daf73fdd9b50fde87', 'Connie', 'Wilson', 'wattsbrian@example.net', '1959-12-30', 1.2, 'DRIVER', 151),
(48, 'lorettapowell', '6bf7599158729c242e91a44db251853957b30cd8b35a36341c53f89d5561c379', 'Kevin', 'Fernandez', 'sarah88@example.net', '1948-11-07', NULL, 'CLIENT', 36),
(49, 'ramseymatthew', 'b4713664de7dc0b2137739d57cad4fb390e81140b20e1ff73cc8eacba00c018f', 'Abigail', 'Carter', 'angela37@example.org', '1993-10-25', NULL, 'CLIENT', 147),
(50, 'elliscindy', '71e82e9a680947919726173a727066018762c4766fb70b4954a5b54f0e200f7b', 'Ruth', 'Hayes', 'thompsonkenneth@example.net', '1998-03-24', 4.7, 'DRIVER', 188),
(51, 'melissajoseph', '24f11c20de564337eeb4b06c75ef72fffccc1681f8ed89f3e863ba6870882915', 'Paula', 'Tucker', 'williamsjason@example.net', '1961-12-02', 1.1, 'CLIENT', 78),
(52, 'megan00', '3c96c13ed07759582c462c51a691e47d88fd09e8f74f0cc1702b8d1b0220d12f', 'David', 'Clarke', 'zrodriguez@example.org', '1981-12-01', 4.9, 'DRIVER', 122),
(53, 'chelsea97', '255b48ccc2ebd0b64f24c1497d30f14af0f24b5d544605f78e6481b1894d0fde', 'Dwayne', 'Ayala', 'anthony25@example.com', '1981-09-29', NULL, 'ADMIN', 177),
(54, 'eric84', 'a1138459ffde7366d52392a676ac1aca13e38724bf51dd7445d0566d5212aa72', 'Tony', 'Moore', 'catherineharrison@example.org', '1988-12-30', NULL, 'ADMIN', 164),
(55, 'carpenterjacob', '4af763f6b04c37b525803c6a724e52371ceb57b17e0537baf057f06f9ac869a1', 'Cassandra', 'Wilson', 'melissa03@example.net', '1964-08-09', NULL, 'DRIVER', 179),
(56, 'james48', '73505f8fe03b450e921370f2adfb516402421d6272f8cefebc629777ab3558f7', 'Jessica', 'Price', 'lhall@example.net', '1996-05-05', NULL, 'CLIENT', 44),
(57, 'randall69', 'aaaa9b865e5b642678e561dc89effda275e2d92915e195b0fd424820f8933f07', 'Shannon', 'Johnson', 'stevensmary@example.net', '2004-10-11', NULL, 'CLIENT', 121),
(58, 'melissa20', 'df70d307876fa07ba20d644ec27512902598d88bf0b598a0200bf67e3ddc14ed', 'Michael', 'Burnett', 'pramirez@example.com', '1990-06-19', 4.8, 'DRIVER', 128),
(59, 'hammonddanny', 'c3b99a11e162c7a79069a5f2451d5a9b1b1af420ba8444b4ec70bc6648b0df98', 'Donna', 'Obrien', 'cooperkim@example.net', '1971-11-11', NULL, 'DRIVER', 149),
(60, 'davisbrian', 'de4d6e73b2a054919209f9d60288017344a41362fceb08eae9ead096b9cf1188', 'Caitlin', 'Davis', 'marvinlee@example.net', '1997-07-10', 1.5, 'ADMIN', 76),
(61, 'kbaker', 'c131652c83227062b59dde2049bd10ed032f04f6fd60d06a9d3e2b67c8ad22e7', 'Scott', 'Little', 'rosssteven@example.org', '1991-03-08', 2.7, 'ADMIN', 40),
(62, 'maciaskimberly', 'e87f34b63fc52c27879512434f5d463f6342a965626904b3c73d9a890aebe87c', 'Sheila', 'Romero', 'conleygary@example.net', '1945-09-17', NULL, 'DRIVER', 71),
(63, 'zstevens', '3d355d770f8e213fc963b7c2b17a97612398311a16dbe02e44fa79d7683db197', 'Erin', 'Pearson', 'brownnathaniel@example.com', '1947-05-31', 2.5, 'DRIVER', 146),
(64, 'tbooth', 'b81a9d094ec9dc77923a34f4855513f5e539e0cdfded6db52b604ada9b9dd636', 'Krista', 'Gentry', 'christinastevens@example.com', '1952-07-14', 2.2, 'ADMIN', 7),
(65, 'lisaburch', '3aabb70aa04c2a73361562c3ca7f6ad32ce8e99eb6504243086f1c4374d183b3', 'Scott', 'Mccullough', 'susanhamilton@example.com', '2001-12-05', 2.4, 'DRIVER', 174),
(66, 'amandaarmstrong', '166532dffdbf58a311e03964669e28cd9911bff2aed3e382152136cb2c2099c7', 'Cheryl', 'Sanchez', 'troycruz@example.org', '1949-05-10', NULL, 'ADMIN', 139),
(67, 'enelson', '3533eef94a6cc3ff40c91de13be86e34b4e19e354814cf7af9d90609c230147a', 'Melanie', 'Nichols', 'fburgess@example.org', '1946-11-05', 2.5, 'DRIVER', 16),
(68, 'jeffery94', '6623547844cc1aa79205951d768859e2a2fef5b53786ee24e67d14ea97c370dc', 'Amy', 'Sullivan', 'valdezangela@example.com', '1948-01-17', NULL, 'CLIENT', 31),
(69, 'hartmanmelissa', '55c6615bc21ce11b7d7766312afeb76829a32ac4f57571ebd3eb865699494102', 'Christina', 'Quinn', 'moodydaniel@example.org', '2007-01-28', 4.4, 'ADMIN', 152),
(70, 'hesterjessica', 'a370a804957f2e1ef3f51a54ebd21c9a56ba8825637a3e2909e6fb18d3ade51c', 'Tyler', 'Beck', 'kpeters@example.org', '1974-03-14', 4.7, 'DRIVER', 142),
(71, 'stanleykerr', '97b0c98b56fb4574f17f6ce282066c904d24fd9b0003c7ec7ad7ae48ab52791c', 'Laurie', 'Stone', 'donnawhite@example.com', '1950-10-26', 3.1, 'ADMIN', 198),
(72, 'dixonrichard', '6652a188a10d66cf7e2dfd771c19fb8ba90de2f2b17fbedf39d8f5e1f0b1d993', 'Joseph', 'Gray', 'markscott@example.org', '1970-10-12', NULL, 'DRIVER', 54),
(73, 'cgregory', '6f17e63dd7ee0b1d0ed14747fb8169f6b2d8fbc336566c78a256b336f325fa46', 'Joseph', 'White', 'aburnett@example.org', '1951-03-30', NULL, 'CLIENT', 29),
(74, 'gbennett', 'e00d10c7b9984c586433ce5e98e30bda23676423192efbe8b145c648c38ee451', 'Anthony', 'Brown', 'fernandezwilliam@example.net', '1988-11-10', NULL, 'DRIVER', 99),
(75, 'matthewcook', 'a90d941b4de6993bbd10af956869828c300c5dd1e24829538c5652a1032005ee', 'Deanna', 'Blair', 'seandavis@example.net', '1980-01-10', NULL, 'ADMIN', 152),
(76, 'shannonclark', '38a7b23194d989b03785403ea04d8417413b617d8f75bcb6a6216d45209297aa', 'Dennis', 'Schneider', 'michaelnicholson@example.org', '1975-08-18', 3.5, 'ADMIN', 3),
(77, 'vstewart', 'c516c520938b7dbe8f9bd8ff4be3c0f33518e990503c0c41f274337e673c281c', 'Cassandra', 'Booth', 'justin42@example.net', '1990-07-22', 3.1, 'CLIENT', 161),
(78, 'torresmeghan', '104f8e67f20c6ef1d4c3959e6a9c5c8e8175b1e38d7fcb1efe95e2e7b6f16890', 'Kevin', 'Casey', 'emilycarlson@example.com', '1978-03-11', NULL, 'CLIENT', 91),
(79, 'christopherbuchanan', 'f8db8439d5837b076cd8c6415ed1e289a2c88818501fbebae690551ec6fb9692', 'Brent', 'Long', 'billyowens@example.org', '1958-05-30', 4.1, 'CLIENT', 7),
(80, 'reynoldsnicole', 'ac7fa4ee709354eb9512beccfc7c4c2fb2a854e105b56eb0942ce39657387cd0', 'Michelle', 'Carrillo', 'lrobinson@example.org', '2004-06-20', NULL, 'DRIVER', 134);

INSERT INTO driver_info (id, driving_experience, range, driving_license, user_id) VALUES
(1, 3, 987, 'LXF 405', 7),
(2, 23, 307, '5M-RWRV', 8),
(3, 16, 573, '191-794', 9),
(4, 40, 863, '37-L196', 11),
(5, 12, 324, '15EM0', 12),
(6, 32, 949, '613-EXHN', 14),
(7, 11, 493, 'O 275373', 15),
(8, 28, 596, '849 SQ8', 16),
(9, 8, 711, '39-23074', 21),
(10, 29, 317, 'DDM 487', 24),
(11, 10, 633, 'VDQ-429', 26),
(12, 36, 937, 'PYF 287', 28),
(13, 9, 251, 'TI6 4351', 32),
(14, 20, 135, '4GB N04', 35),
(15, 8, 624, 'ZMY 035', 44),
(16, 7, 754, '97-67982', 45),
(17, 25, 867, 'VVK 566', 47),
(18, 26, 584, '01-09737', 50),
(19, 24, 187, '331343', 52),
(20, 8, 311, 'X78 0IU', 55),
(21, 36, 391, '0SG M39', 58),
(22, 30, 150, '315 WMJ', 59),
(23, 26, 408, '062V', 62),
(24, 28, 893, 'J05 3ZS', 63),
(25, 19, 150, '3ZI 814', 65),
(26, 7, 173, '6KS1416', 67),
(27, 6, 810, 'HXB-0865', 70),
(28, 30, 635, '561 EWD', 72),
(29, 11, 613, '27Y 111', 74),
(30, 18, 114, 'A67-PWH', 80);

INSERT INTO vehicle (id, model, make, year, color, price_per_km, is_active, can_carry_furniture, driver_id, vehicle_type_id) VALUES
(1, 'Above', 'Lucero-Gross', 2008, 'Aqua', 11, false, true, 1, 3),
(2, 'Success', 'Edwards, Paul and Wheeler', 2019, 'Azure', 10, false, false, 1, 5),
(3, 'Baby', 'Palmer Ltd', 2021, 'DarkSlateBlue', 13, true, true, 1, 5),
(4, 'Hold', 'Coleman, Mata and Lewis', 2016, 'Brown', 36, false, false, 2, 5),
(5, 'Recent', 'Jones and Sons', 2017, 'RosyBrown', 36, true, true, 2, 5),
(6, 'Little', 'Harris-Singh', 1976, 'OldLace', 6, true, false, 2, 4),
(7, 'Talk', 'Harris-Williams', 2001, 'Purple', 44, true, true, 3, 2),
(8, 'Indicate', 'Phillips-Mills', 2005, 'MediumVioletRed', 50, false, true, 3, 5),
(9, 'Establish', 'Davis, Evans and Ingram', 2013, 'BurlyWood', 47, true, false, 4, 1),
(10, 'Serve', 'Cummings, Anderson and Rodriguez', 2022, 'DarkGreen', 31, false, true, 4, 5),
(11, 'Little', 'Hester-Larson', 2006, 'DarkOliveGreen', 26, true, false, 5, 6),
(12, 'Many', 'Hansen, Frederick and Lee', 1976, 'PaleTurquoise', 7, false, true, 5, 6),
(13, 'Forget', 'Harvey Ltd', 1972, 'SlateGray', 26, true, true, 5, 6),
(14, 'Term', 'Pratt-Lucas', 2001, 'Lavender', 48, false, false, 6, 1),
(15, 'Rich', 'Graham Inc', 1997, 'Gold', 9, false, true, 7, 3),
(16, 'Thing', 'Lutz-Wagner', 2009, 'PaleGoldenRod', 41, true, true, 8, 2),
(17, 'High', 'Russell and Sons', 1981, 'Fuchsia', 27, false, false, 8, 1),
(18, 'Public', 'Young-Thompson', 2022, 'Lime', 50, false, true, 8, 3),
(19, 'Education', 'Miller PLC', 2009, 'OrangeRed', 37, false, true, 9, 5),
(20, 'Word', 'Lawrence PLC', 1989, 'Silver', 36, false, false, 10, 2),
(21, 'Analysis', 'Clark Group', 1991, 'BurlyWood', 35, false, true, 10, 1),
(22, 'Poor', 'Evans, Santana and Johnson', 2022, 'Sienna', 11, false, true, 10, 1),
(23, 'Plan', 'Rogers, Jones and Jordan', 1990, 'LightYellow', 49, true, true, 11, 1),
(24, 'Picture', 'Cross-Kennedy', 1998, 'CornflowerBlue', 29, true, true, 11, 6),
(25, 'Personal', 'Gonzales, Austin and Stein', 2015, 'Chartreuse', 50, false, true, 11, 3),
(26, 'Throughout', 'Nicholson Group', 2000, 'DarkGreen', 6, true, true, 12, 2),
(27, 'Around', 'Miller and Sons', 1988, 'OrangeRed', 31, false, false, 12, 6),
(28, 'Bring', 'Meyer, Perez and Tanner', 1980, 'Lavender', 32, false, false, 12, 1),
(29, 'Say', 'Howe Inc', 2007, 'Bisque', 20, true, true, 13, 3),
(30, 'Pull', 'Burch PLC', 1971, 'DarkMagenta', 45, false, false, 13, 6),
(31, 'Us', 'Taylor Ltd', 2005, 'LightPink', 23, true, true, 14, 4),
(32, 'Bad', 'Jackson-Hall', 1970, 'LightSteelBlue', 35, true, false, 14, 4),
(33, 'Impact', 'Murray-Torres', 1983, 'PeachPuff', 15, true, true, 15, 4),
(34, 'He', 'Hall LLC', 2009, 'Lavender', 25, false, true, 15, 3),
(35, 'Condition', 'Thomas-Donaldson', 1977, 'Navy', 38, true, true, 15, 2),
(36, 'Least', 'Bradshaw Ltd', 1987, 'YellowGreen', 7, false, false, 16, 6),
(37, 'Course', 'Davis, Ellis and Sanders', 1987, 'LightBlue', 27, true, false, 17, 1),
(38, 'Week', 'Hernandez Inc', 1998, 'MediumVioletRed', 12, true, true, 18, 3),
(39, 'Listen', 'Mayo-Scott', 1989, 'LightYellow', 29, true, true, 18, 6),
(40, 'Remain', 'Swanson-Vega', 1980, 'LightCyan', 31, true, false, 18, 4),
(41, 'Magazine', 'Ward-Morris', 1993, 'MediumOrchid', 13, false, false, 19, 4),
(42, 'But', 'Ross and Sons', 2023, 'Linen', 14, true, true, 19, 4),
(43, 'Herself', 'Abbott PLC', 1974, 'Moccasin', 27, false, false, 20, 6),
(44, 'Their', 'Coleman-Mccall', 1988, 'LightSeaGreen', 32, true, true, 21, 2),
(45, 'Expect', 'Morales, Guerrero and Jensen', 1981, 'MintCream', 41, true, true, 21, 5),
(46, 'Husband', 'Lane-Willis', 2020, 'RosyBrown', 50, false, true, 22, 5),
(47, 'General', 'Johnson PLC', 1988, 'LightCoral', 19, true, true, 23, 6),
(48, 'Air', 'Carlson Ltd', 1975, 'Brown', 39, false, true, 23, 4),
(49, 'Player', 'Barnett Ltd', 1997, 'Snow', 25, false, true, 23, 5),
(50, 'Today', 'Simon-Singh', 1983, 'DimGray', 34, false, false, 24, 6),
(51, 'Chair', 'Miller, Carter and Lee', 1985, 'Coral', 30, true, false, 24, 2),
(52, 'Material', 'Myers and Sons', 2003, 'Beige', 5, true, true, 25, 5),
(53, 'Contain', 'Allen LLC', 1984, 'GoldenRod', 29, true, false, 26, 2),
(54, 'Than', 'Simpson-Lewis', 1984, 'MediumPurple', 48, true, true, 26, 5),
(55, 'Indicate', 'Sandoval Group', 1974, 'HotPink', 15, true, false, 27, 3),
(56, 'Feeling', 'King, Smith and Blackburn', 2010, 'RoyalBlue', 24, true, false, 27, 6),
(57, 'Word', 'Delgado-Huang', 1985, 'GreenYellow', 45, false, false, 28, 6),
(58, 'You', 'Moore and Sons', 2022, 'Linen', 18, false, false, 28, 1),
(59, 'Past', 'Holt Ltd', 2001, 'Coral', 5, false, false, 29, 6),
(60, 'Forward', 'Fitzpatrick-Jones', 2019, 'ForestGreen', 8, false, true, 29, 4),
(61, 'Statement', 'Wallace-Benton', 1976, 'LemonChiffon', 19, true, false, 29, 4),
(62, 'Hard', 'Fernandez-Clark', 2002, 'Plum', 9, true, false, 30, 1),
(63, 'Yourself', 'Colon Ltd', 1996, 'RosyBrown', 50, false, false, 30, 2);

INSERT INTO move_request (id, move_date, max_budget, client_id, from_address_id, to_address_id, status) VALUES
(1, '2026-02-07 11:01:21', 4715, 2, 120, 90, 'OFFER_SENT'),
(2, '2026-01-09 08:37:32', 3973, 2, 14, 59, 'CREATED'),
(3, '2026-01-20 17:38:02', 3597, 2, 27, 123, 'OFFER_AVAILABLE'),
(4, '2026-01-26 12:31:57', 1764, 3, 29, 32, 'CREATED'),
(5, '2026-01-28 02:46:29', 4549, 4, 75, 107, 'CREATED'),
(6, '2026-01-18 09:25:59', 2482, 18, 165, 94, 'OFFER_AVAILABLE'),
(7, '2026-01-26 18:49:19', 664, 18, 180, 81, 'CREATED'),
(8, '2026-01-17 00:54:11', 3791, 18, 129, 28, 'OFFER_SENT'),
(9, '2026-01-28 07:28:33', 777, 18, 15, 149, 'OFFER_AVAILABLE'),
(10, '2026-02-05 22:38:08', 816, 19, 17, 140, 'OFFER_SENT'),
(11, '2026-01-11 08:51:45', 2583, 25, 100, 148, 'OFFER_SENT'),
(12, '2026-01-17 10:16:33', 4926, 30, 67, 135, 'OFFER_AVAILABLE'),
(13, '2026-02-01 03:44:55', 4156, 30, 56, 176, 'PENDING'),
(14, '2026-02-02 11:10:40', 3752, 30, 47, 178, 'OFFER_SENT'),
(15, '2026-01-26 13:34:32', 957, 34, 187, 94, 'OFFER_SENT'),
(16, '2026-01-12 19:20:22', 2843, 34, 139, 126, 'OFFER_AVAILABLE'),
(17, '2026-02-09 02:24:50', 883, 34, 94, 45, 'OFFER_SENT'),
(18, '2026-01-08 20:34:46', 269, 34, 192, 54, 'PENDING'),
(19, '2026-01-05 17:00:48', 1983, 34, 29, 109, 'OFFER_AVAILABLE'),
(20, '2026-01-01 08:16:34', 252, 36, 178, 126, 'OFFER_SENT'),
(21, '2026-01-04 12:51:20', 1499, 38, 154, 162, 'OFFER_AVAILABLE'),
(22, '2026-02-01 11:31:49', 3661, 38, 112, 143, 'OFFER_AVAILABLE'),
(23, '2026-01-25 11:45:43', 517, 38, 124, 64, 'OFFER_AVAILABLE'),
(24, '2026-01-08 07:28:05', 3198, 38, 44, 125, 'OFFER_AVAILABLE'),
(25, '2026-01-23 06:45:47', 652, 39, 158, 151, 'CREATED'),
(26, '2026-01-19 09:05:20', 2392, 39, 3, 132, 'OFFER_SENT'),
(27, '2026-01-10 18:32:24', 1552, 39, 103, 37, 'OFFER_SENT'),
(28, '2026-01-24 18:34:25', 2309, 39, 160, 63, 'CREATED'),
(29, '2026-01-29 17:41:00', 938, 40, 147, 188, 'PENDING'),
(30, '2026-01-16 00:06:21', 820, 40, 37, 100, 'CREATED'),
(31, '2026-01-20 23:44:13', 1832, 40, 100, 198, 'CREATED'),
(32, '2026-01-16 18:37:56', 4333, 43, 65, 42, 'PENDING'),
(33, '2026-01-25 13:47:57', 4010, 43, 22, 32, 'OFFER_AVAILABLE'),
(34, '2026-01-12 16:06:49', 4606, 46, 3, 78, 'PENDING'),
(35, '2026-01-16 16:07:27', 4816, 46, 54, 98, 'PENDING'),
(36, '2026-02-08 08:34:28', 4182, 48, 79, 75, 'PENDING'),
(37, '2026-02-05 04:30:15', 4859, 49, 1, 23, 'PENDING'),
(38, '2026-02-04 02:52:37', 3569, 49, 89, 102, 'CREATED'),
(39, '2026-01-05 08:22:14', 2329, 49, 148, 100, 'PENDING'),
(40, '2026-02-02 15:57:43', 668, 51, 23, 81, 'PENDING'),
(41, '2026-02-07 18:43:21', 339, 51, 148, 184, 'OFFER_SENT'),
(42, '2026-01-05 16:26:08', 2269, 51, 136, 135, 'CREATED'),
(43, '2026-01-01 10:48:00', 4560, 56, 28, 194, 'CREATED'),
(44, '2026-01-12 01:20:35', 1497, 56, 37, 26, 'OFFER_AVAILABLE'),
(45, '2026-01-11 01:36:56', 1984, 56, 147, 54, 'OFFER_AVAILABLE'),
(46, '2026-01-12 17:41:39', 239, 56, 162, 114, 'CREATED'),
(47, '2026-01-19 03:59:58', 4403, 57, 130, 34, 'OFFER_SENT'),
(48, '2026-01-31 11:21:27', 1408, 57, 148, 84, 'PENDING'),
(49, '2026-01-04 23:42:04', 4475, 57, 100, 22, 'CREATED'),
(50, '2026-01-01 04:42:25', 4967, 68, 83, 57, 'OFFER_AVAILABLE'),
(51, '2026-01-09 18:27:05', 1232, 68, 24, 39, 'PENDING'),
(52, '2026-01-18 04:53:19', 4692, 68, 21, 116, 'OFFER_AVAILABLE'),
(53, '2026-01-10 22:28:10', 923, 68, 178, 92, 'PENDING'),
(54, '2026-01-31 19:30:36', 2428, 73, 34, 116, 'OFFER_SENT'),
(55, '2026-01-12 00:45:49', 3504, 73, 154, 63, 'CREATED'),
(56, '2026-01-26 22:51:50', 4310, 73, 52, 11, 'CREATED'),
(57, '2026-02-01 07:05:13', 294, 73, 35, 155, 'OFFER_SENT'),
(58, '2026-01-22 17:14:29', 3800, 73, 181, 176, 'OFFER_SENT'),
(59, '2026-01-13 09:41:03', 2593, 77, 106, 145, 'OFFER_SENT'),
(60, '2026-01-26 04:08:47', 393, 77, 124, 139, 'OFFER_SENT'),
(61, '2026-01-13 08:20:39', 1810, 77, 125, 38, 'PENDING'),
(62, '2026-01-17 23:30:41', 1887, 77, 133, 107, 'CREATED'),
(63, '2026-01-12 13:03:26', 2029, 77, 69, 60, 'OFFER_SENT'),
(64, '2026-01-10 18:54:33', 4352, 78, 31, 33, 'OFFER_SENT'),
(65, '2026-01-10 01:54:00', 338, 78, 27, 189, 'CREATED'),
(66, '2026-01-16 15:53:35', 3576, 78, 105, 72, 'OFFER_AVAILABLE'),
(67, '2026-01-31 21:32:21', 2121, 78, 24, 51, 'OFFER_SENT'),
(68, '2026-02-02 00:52:12', 3864, 78, 110, 133, 'OFFER_SENT'),
(69, '2026-02-09 00:39:15', 1445, 79, 70, 175, 'PENDING'),
(70, '2026-01-07 20:28:31', 933, 79, 19, 63, 'PENDING'),
(71, '2026-02-07 10:37:40', 3101, 79, 177, 137, 'CREATED'),
(72, '2026-02-09 08:55:41', 548, 79, 20, 189, 'CREATED');

INSERT INTO luggage_entry (id, quantity, move_request_id, luggage_type_id) VALUES
(1, 20, 1, 5),
(2, 6, 1, 5),
(3, 20, 1, 4),
(4, 18, 1, 4),
(5, 2, 1, 2),
(6, 13, 1, 2),
(7, 14, 1, 4),
(8, 1, 1, 4),
(9, 16, 1, 1),
(10, 19, 1, 3),
(11, 16, 2, 4),
(12, 15, 2, 1),
(13, 16, 2, 3),
(14, 10, 3, 3),
(15, 11, 3, 1),
(16, 19, 3, 2),
(17, 9, 3, 4),
(18, 16, 4, 3),
(19, 10, 5, 3),
(20, 19, 5, 2),
(21, 14, 5, 1),
(22, 12, 5, 5),
(23, 3, 6, 2),
(24, 20, 6, 1),
(25, 5, 6, 3),
(26, 4, 6, 2),
(27, 17, 6, 3),
(28, 8, 7, 1),
(29, 8, 7, 2),
(30, 19, 7, 5),
(31, 16, 8, 4),
(32, 16, 8, 2),
(33, 8, 8, 2),
(34, 16, 8, 5),
(35, 8, 8, 2),
(36, 5, 8, 4),
(37, 17, 8, 3),
(38, 13, 8, 5),
(39, 12, 9, 2),
(40, 11, 9, 2),
(41, 19, 9, 1),
(42, 5, 9, 1),
(43, 5, 10, 1),
(44, 18, 10, 4),
(45, 9, 11, 1),
(46, 20, 11, 1),
(47, 19, 11, 2),
(48, 7, 11, 4),
(49, 18, 11, 2),
(50, 10, 11, 4),
(51, 9, 11, 4),
(52, 13, 11, 3),
(53, 19, 11, 2),
(54, 11, 12, 5),
(55, 10, 12, 5),
(56, 16, 13, 3),
(57, 5, 13, 5),
(58, 6, 13, 5),
(59, 4, 13, 3),
(60, 1, 14, 3),
(61, 10, 14, 1),
(62, 5, 14, 1),
(63, 6, 14, 2),
(64, 4, 14, 3),
(65, 17, 14, 5),
(66, 18, 15, 4),
(67, 8, 15, 3),
(68, 14, 15, 1),
(69, 9, 15, 4),
(70, 16, 15, 3),
(71, 19, 15, 1),
(72, 20, 15, 3),
(73, 2, 15, 4),
(74, 5, 15, 4),
(75, 3, 16, 1),
(76, 1, 16, 4),
(77, 9, 16, 5),
(78, 4, 16, 1),
(79, 17, 17, 4),
(80, 19, 17, 1),
(81, 19, 17, 4),
(82, 1, 17, 1),
(83, 6, 18, 2),
(84, 2, 18, 5),
(85, 14, 18, 4),
(86, 11, 18, 3),
(87, 5, 19, 5),
(88, 9, 19, 4),
(89, 10, 19, 2),
(90, 10, 19, 5),
(91, 4, 19, 5),
(92, 9, 20, 3),
(93, 9, 20, 1),
(94, 18, 20, 5),
(95, 13, 20, 2),
(96, 13, 21, 3),
(97, 4, 21, 4),
(98, 12, 21, 1),
(99, 19, 21, 1),
(100, 6, 21, 4),
(101, 19, 21, 4),
(102, 10, 21, 5),
(103, 6, 21, 1),
(104, 13, 22, 2),
(105, 16, 22, 5),
(106, 2, 22, 5),
(107, 10, 22, 3),
(108, 6, 22, 2),
(109, 14, 22, 4),
(110, 1, 22, 1),
(111, 14, 23, 3),
(112, 12, 23, 3),
(113, 13, 23, 3),
(114, 3, 23, 4),
(115, 4, 23, 4),
(116, 14, 23, 1),
(117, 17, 23, 1),
(118, 5, 24, 5),
(119, 2, 24, 4),
(120, 4, 24, 5),
(121, 17, 24, 1),
(122, 15, 24, 4),
(123, 3, 24, 5),
(124, 15, 24, 3),
(125, 5, 24, 1),
(126, 9, 24, 4),
(127, 2, 24, 5),
(128, 14, 25, 5),
(129, 11, 25, 4),
(130, 9, 26, 5),
(131, 7, 26, 2),
(132, 2, 26, 5),
(133, 18, 26, 4),
(134, 12, 27, 4),
(135, 16, 27, 5),
(136, 6, 27, 5),
(137, 4, 27, 5),
(138, 16, 27, 2),
(139, 11, 27, 3),
(140, 19, 28, 1),
(141, 19, 28, 2),
(142, 16, 28, 4),
(143, 6, 28, 4),
(144, 18, 28, 5),
(145, 16, 28, 2),
(146, 4, 29, 1),
(147, 2, 29, 5),
(148, 13, 29, 4),
(149, 14, 29, 2),
(150, 16, 29, 1),
(151, 10, 29, 1),
(152, 7, 29, 5),
(153, 3, 30, 5),
(154, 16, 30, 1),
(155, 15, 30, 3),
(156, 9, 30, 5),
(157, 3, 30, 2),
(158, 3, 31, 2),
(159, 10, 31, 3),
(160, 9, 31, 5),
(161, 16, 31, 4),
(162, 12, 31, 5),
(163, 19, 31, 4),
(164, 20, 32, 1),
(165, 2, 32, 3),
(166, 5, 33, 2),
(167, 4, 34, 1),
(168, 9, 34, 2),
(169, 5, 34, 2),
(170, 19, 34, 3),
(171, 11, 34, 2),
(172, 18, 34, 3),
(173, 7, 34, 1),
(174, 13, 34, 5),
(175, 1, 34, 1),
(176, 7, 34, 5),
(177, 16, 35, 5),
(178, 6, 35, 1),
(179, 11, 35, 5),
(180, 9, 35, 3),
(181, 8, 35, 4),
(182, 5, 35, 2),
(183, 1, 35, 5),
(184, 11, 35, 4),
(185, 1, 36, 1),
(186, 3, 37, 1),
(187, 1, 37, 5),
(188, 14, 37, 3),
(189, 20, 37, 5),
(190, 5, 37, 1),
(191, 14, 37, 5),
(192, 12, 37, 4),
(193, 3, 37, 2),
(194, 4, 38, 1),
(195, 16, 38, 3),
(196, 20, 38, 5),
(197, 16, 39, 1),
(198, 8, 39, 5),
(199, 9, 39, 2),
(200, 8, 40, 3),
(201, 9, 40, 2),
(202, 4, 40, 5),
(203, 2, 40, 3),
(204, 20, 40, 2),
(205, 15, 40, 1),
(206, 9, 40, 4),
(207, 4, 41, 3),
(208, 14, 41, 5),
(209, 11, 41, 1),
(210, 15, 42, 3),
(211, 16, 42, 3),
(212, 13, 42, 1),
(213, 7, 42, 1),
(214, 9, 42, 2),
(215, 12, 42, 5),
(216, 4, 43, 1),
(217, 12, 43, 4),
(218, 8, 44, 1),
(219, 19, 45, 4),
(220, 16, 45, 5),
(221, 12, 45, 3),
(222, 17, 45, 5),
(223, 7, 45, 2),
(224, 14, 45, 4),
(225, 20, 45, 1),
(226, 12, 46, 5),
(227, 10, 46, 1),
(228, 15, 47, 2),
(229, 2, 47, 4),
(230, 1, 47, 5),
(231, 20, 48, 3),
(232, 9, 48, 2),
(233, 13, 48, 4),
(234, 13, 48, 1),
(235, 6, 48, 4),
(236, 6, 48, 4),
(237, 13, 49, 4),
(238, 12, 49, 3),
(239, 3, 49, 2),
(240, 2, 49, 3),
(241, 14, 49, 3),
(242, 17, 49, 5),
(243, 5, 49, 4),
(244, 3, 49, 5),
(245, 1, 49, 3),
(246, 4, 50, 3),
(247, 10, 50, 5),
(248, 11, 50, 5),
(249, 15, 50, 1),
(250, 20, 50, 2),
(251, 17, 50, 2),
(252, 19, 50, 2),
(253, 17, 51, 4),
(254, 14, 51, 3),
(255, 11, 51, 1),
(256, 6, 51, 4),
(257, 12, 51, 2),
(258, 10, 51, 3),
(259, 2, 51, 3),
(260, 1, 52, 1),
(261, 9, 52, 3),
(262, 6, 52, 1),
(263, 2, 52, 1),
(264, 11, 52, 4),
(265, 18, 52, 4),
(266, 7, 52, 4),
(267, 3, 52, 4),
(268, 15, 52, 4),
(269, 20, 53, 4),
(270, 15, 53, 1),
(271, 12, 53, 5),
(272, 16, 53, 2),
(273, 19, 54, 1),
(274, 20, 54, 3),
(275, 3, 54, 4),
(276, 20, 54, 3),
(277, 17, 54, 5),
(278, 20, 54, 4),
(279, 6, 54, 1),
(280, 16, 54, 2),
(281, 20, 54, 2),
(282, 6, 55, 2),
(283, 10, 55, 3),
(284, 1, 55, 4),
(285, 18, 55, 3),
(286, 18, 55, 5),
(287, 4, 55, 3),
(288, 17, 55, 5),
(289, 4, 55, 4),
(290, 3, 56, 1),
(291, 18, 57, 4),
(292, 17, 58, 3),
(293, 16, 58, 3),
(294, 9, 58, 2),
(295, 18, 58, 1),
(296, 15, 58, 1),
(297, 20, 58, 4),
(298, 8, 58, 2),
(299, 14, 58, 5),
(300, 9, 58, 2),
(301, 17, 58, 1),
(302, 4, 59, 1),
(303, 8, 60, 4),
(304, 14, 60, 1),
(305, 16, 60, 2),
(306, 20, 60, 3),
(307, 1, 60, 2),
(308, 17, 60, 2),
(309, 8, 60, 1),
(310, 6, 60, 2),
(311, 18, 61, 5),
(312, 14, 61, 3),
(313, 3, 61, 5),
(314, 17, 61, 3),
(315, 16, 61, 5),
(316, 6, 61, 2),
(317, 19, 61, 4),
(318, 18, 62, 1),
(319, 14, 63, 1),
(320, 9, 63, 2),
(321, 10, 63, 5),
(322, 20, 63, 4),
(323, 12, 63, 5),
(324, 8, 63, 2),
(325, 19, 64, 5),
(326, 8, 65, 3),
(327, 14, 65, 3),
(328, 2, 65, 5),
(329, 14, 65, 2),
(330, 4, 65, 2),
(331, 3, 65, 2),
(332, 12, 65, 1),
(333, 14, 65, 4),
(334, 14, 66, 2),
(335, 7, 66, 5),
(336, 12, 66, 5),
(337, 4, 66, 5),
(338, 19, 66, 3),
(339, 11, 66, 2),
(340, 9, 66, 1),
(341, 18, 66, 1),
(342, 13, 66, 4),
(343, 3, 67, 4),
(344, 8, 67, 5),
(345, 6, 67, 1),
(346, 11, 67, 4),
(347, 1, 67, 2),
(348, 10, 67, 2),
(349, 2, 67, 3),
(350, 16, 67, 1),
(351, 10, 67, 5),
(352, 12, 67, 2),
(353, 19, 68, 4),
(354, 16, 68, 5),
(355, 16, 69, 2),
(356, 2, 69, 4),
(357, 11, 69, 2),
(358, 2, 69, 4),
(359, 20, 69, 1),
(360, 6, 69, 2),
(361, 17, 69, 5),
(362, 12, 69, 3),
(363, 11, 69, 1),
(364, 3, 70, 1),
(365, 16, 70, 4),
(366, 18, 70, 1),
(367, 16, 70, 1),
(368, 16, 70, 4),
(369, 4, 70, 2),
(370, 2, 70, 1),
(371, 1, 70, 5),
(372, 11, 71, 3),
(373, 9, 71, 3),
(374, 9, 71, 4),
(375, 13, 71, 1),
(376, 6, 72, 4),
(377, 5, 72, 1),
(378, 6, 72, 1),
(379, 16, 72, 3);

INSERT INTO move_offer (id, price, offered_date, move_request_id, driver_id, vehicle_id, status) VALUES
(1, 1517, '2026-01-13 13:28:51', 1, 65, 30, 'OFFER_AVAILABLE'),
(2, 2798, '2026-01-22 07:11:20', 1, 45, 4, 'PENDING'),
(3, 1184, '2026-02-06 08:59:32', 1, 35, 42, 'CREATED'),
(4, 1095, '2026-02-09 00:09:12', 1, 21, 45, 'PENDING'),
(5, 3121, '2026-02-02 09:31:43', 2, 45, 36, 'PENDING'),
(6, 1371, '2026-01-03 18:28:53', 2, 67, 31, 'PENDING'),
(7, 3867, '2026-02-05 20:56:12', 2, 50, 12, 'OFFER_AVAILABLE'),
(8, 566, '2026-01-14 07:34:02', 2, 11, 24, 'OFFER_SENT'),
(9, 1732, '2026-01-03 17:41:22', 2, 59, 17, 'PENDING'),
(10, 1243, '2026-01-14 01:59:36', 3, 16, 36, 'CREATED'),
(11, 210, '2026-01-25 07:53:04', 3, 58, 30, 'OFFER_AVAILABLE'),
(12, 1712, '2026-01-28 03:33:25', 4, 9, 19, 'PENDING'),
(13, 915, '2026-01-31 21:55:15', 5, 45, 47, 'OFFER_AVAILABLE'),
(14, 798, '2026-01-24 15:58:08', 5, 26, 54, 'PENDING'),
(15, 84, '2026-01-26 12:09:37', 6, 59, 49, 'CREATED'),
(16, 181, '2026-01-18 12:45:48', 7, 11, 23, 'PENDING'),
(17, 209, '2026-01-25 18:55:32', 7, 63, 24, 'CREATED'),
(18, 76, '2026-01-22 07:31:24', 8, 67, 58, 'PENDING'),
(19, 2423, '2026-01-24 12:39:33', 8, 50, 41, 'PENDING'),
(20, 1833, '2026-02-06 20:15:40', 8, 67, 29, 'OFFER_SENT'),
(21, 886, '2026-01-18 11:19:24', 8, 74, 47, 'OFFER_AVAILABLE'),
(22, 1064, '2026-01-19 14:05:57', 8, 9, 19, 'CREATED'),
(23, 599, '2026-01-28 03:07:53', 9, 44, 7, 'CREATED'),
(24, 54, '2026-02-02 18:48:02', 9, 24, 50, 'PENDING'),
(25, 306, '2026-02-03 05:59:03', 9, 28, 58, 'OFFER_AVAILABLE'),
(26, 67, '2026-01-24 04:50:29', 10, 35, 3, 'PENDING'),
(27, 439, '2026-01-19 01:59:08', 10, 47, 59, 'CREATED'),
(28, 456, '2026-02-07 13:06:33', 10, 67, 42, 'OFFER_AVAILABLE'),
(29, 2227, '2026-02-07 17:16:15', 11, 63, 21, 'CREATED'),
(30, 1280, '2026-01-13 20:27:51', 11, 7, 15, 'OFFER_SENT'),
(31, 1542, '2026-02-03 10:22:20', 11, 12, 26, 'PENDING'),
(32, 2086, '2026-01-08 05:27:46', 11, 14, 32, 'CREATED'),
(33, 2080, '2026-02-03 10:15:04', 11, 15, 33, 'OFFER_SENT'),
(34, 3504, '2026-01-16 00:03:54', 12, 15, 35, 'CREATED'),
(35, 271, '2026-02-05 12:32:25', 13, 8, 17, 'CREATED'),
(36, 2599, '2026-01-07 09:06:00', 13, 59, 40, 'PENDING'),
(37, 2858, '2026-01-13 07:31:53', 13, 44, 31, 'CREATED'),
(38, 740, '2026-01-08 15:37:40', 14, 45, 57, 'PENDING'),
(39, 848, '2026-02-08 09:17:16', 15, 65, 48, 'CREATED'),
(40, 904, '2026-01-25 14:11:06', 15, 72, 28, 'PENDING'),
(41, 1147, '2026-02-08 07:18:33', 16, 70, 55, 'OFFER_SENT'),
(42, 2551, '2026-01-03 02:17:58', 16, 21, 44, 'CREATED'),
(43, 312, '2026-01-08 16:49:27', 17, 59, 19, 'PENDING'),
(44, 74, '2026-01-02 00:49:10', 17, 44, 28, 'CREATED'),
(45, 259, '2026-02-05 13:39:51', 18, 7, 15, 'OFFER_SENT'),
(46, 166, '2026-01-29 12:24:24', 18, 74, 56, 'PENDING'),
(47, 74, '2026-01-30 11:23:34', 18, 16, 36, 'OFFER_AVAILABLE'),
(48, 1655, '2026-01-17 04:38:41', 19, 16, 36, 'PENDING'),
(49, 213, '2026-01-02 15:39:46', 19, 67, 14, 'CREATED'),
(50, 952, '2026-02-02 07:18:19', 19, 63, 31, 'OFFER_AVAILABLE'),
(51, 191, '2026-02-03 19:56:45', 20, 47, 23, 'OFFER_SENT'),
(52, 200, '2026-01-25 11:51:26', 20, 50, 10, 'PENDING'),
(53, 228, '2026-01-10 03:22:25', 20, 47, 62, 'PENDING'),
(54, 1370, '2026-01-13 12:34:59', 21, 14, 32, 'OFFER_SENT'),
(55, 870, '2026-02-06 02:53:47', 21, 70, 43, 'OFFER_SENT'),
(56, 571, '2026-01-18 09:18:43', 21, 15, 33, 'CREATED'),
(57, 1382, '2026-01-17 00:03:42', 21, 62, 55, 'PENDING'),
(58, 547, '2026-01-06 16:45:56', 21, 35, 27, 'OFFER_SENT'),
(59, 300, '2026-01-07 08:09:09', 22, 50, 21, 'CREATED'),
(60, 385, '2026-01-01 15:32:41', 23, 67, 41, 'PENDING'),
(61, 170, '2026-01-13 14:48:56', 23, 26, 54, 'OFFER_SENT'),
(62, 95, '2026-01-30 04:21:54', 23, 65, 52, 'OFFER_AVAILABLE'),
(63, 386, '2026-02-04 08:15:59', 23, 9, 19, 'OFFER_AVAILABLE'),
(64, 286, '2026-01-17 11:19:17', 23, 52, 47, 'OFFER_SENT'),
(65, 2627, '2026-02-03 06:26:55', 24, 15, 35, 'CREATED'),
(66, 454, '2026-01-14 03:43:43', 24, 47, 51, 'PENDING'),
(67, 2157, '2026-01-15 15:05:38', 24, 59, 27, 'CREATED'),
(68, 1094, '2026-01-22 21:26:11', 24, 9, 19, 'PENDING'),
(69, 122, '2026-01-31 01:46:42', 25, 7, 15, 'CREATED'),
(70, 114, '2026-01-08 10:26:33', 25, 11, 23, 'OFFER_AVAILABLE'),
(71, 531, '2026-01-26 09:02:13', 25, 14, 32, 'PENDING'),
(72, 478, '2026-01-11 11:33:57', 25, 21, 45, 'CREATED'),
(73, 458, '2026-01-18 14:10:41', 25, 12, 28, 'PENDING'),
(74, 2128, '2026-02-05 14:35:24', 26, 35, 16, 'OFFER_AVAILABLE'),
(75, 641, '2026-02-03 10:35:23', 26, 67, 33, 'CREATED'),
(76, 394, '2026-02-05 20:55:32', 26, 58, 48, 'OFFER_SENT'),
(77, 427, '2026-01-10 21:26:20', 27, 52, 43, 'OFFER_AVAILABLE'),
(78, 538, '2026-01-03 02:33:41', 27, 70, 24, 'CREATED'),
(79, 1137, '2026-01-17 05:23:59', 27, 12, 26, 'CREATED'),
(80, 614, '2026-02-03 11:48:21', 27, 15, 35, 'CREATED'),
(81, 1387, '2026-01-13 00:22:06', 28, 65, 32, 'OFFER_AVAILABLE'),
(82, 1438, '2026-02-01 07:56:26', 28, 67, 50, 'PENDING'),
(83, 1062, '2026-01-23 17:32:24', 28, 26, 53, 'OFFER_AVAILABLE'),
(84, 2007, '2026-01-26 11:31:49', 28, 14, 31, 'CREATED'),
(85, 543, '2026-01-23 06:38:12', 28, 63, 47, 'OFFER_SENT'),
(86, 590, '2026-01-05 14:40:21', 29, 16, 36, 'OFFER_SENT'),
(87, 665, '2026-01-02 08:58:55', 29, 80, 10, 'PENDING'),
(88, 196, '2026-01-01 18:32:52', 30, 8, 16, 'PENDING'),
(89, 396, '2026-01-19 19:08:22', 30, 45, 53, 'OFFER_AVAILABLE'),
(90, 576, '2026-01-11 19:06:48', 30, 24, 51, 'PENDING'),
(91, 446, '2026-01-18 17:33:03', 30, 63, 42, 'CREATED'),
(92, 67, '2026-01-27 16:23:01', 30, 32, 24, 'OFFER_AVAILABLE'),
(93, 1135, '2026-01-24 22:16:44', 31, 44, 9, 'OFFER_SENT'),
(94, 984, '2026-01-19 00:51:41', 31, 74, 54, 'CREATED'),
(95, 951, '2026-01-23 16:18:29', 31, 55, 40, 'CREATED'),
(96, 1841, '2026-02-01 12:43:01', 32, 45, 8, 'CREATED'),
(97, 1526, '2026-01-30 07:41:51', 32, 58, 12, 'OFFER_AVAILABLE'),
(98, 1322, '2026-01-20 06:37:13', 32, 9, 19, 'OFFER_SENT'),
(99, 3460, '2026-01-05 22:16:03', 32, 21, 44, 'CREATED'),
(100, 2702, '2026-01-29 00:12:25', 33, 67, 44, 'CREATED'),
(101, 1323, '2026-01-10 23:04:32', 33, 65, 1, 'CREATED'),
(102, 2628, '2026-01-19 17:57:58', 33, 9, 19, 'OFFER_AVAILABLE'),
(103, 892, '2026-01-13 06:03:41', 34, 16, 36, 'CREATED'),
(104, 3250, '2026-01-01 01:30:24', 34, 72, 37, 'CREATED'),
(105, 4295, '2026-01-22 06:24:23', 34, 58, 42, 'OFFER_SENT'),
(106, 2378, '2026-01-02 16:40:13', 34, 59, 7, 'CREATED'),
(107, 1759, '2026-02-01 09:43:28', 35, 45, 56, 'OFFER_AVAILABLE'),
(108, 3904, '2026-01-04 13:50:16', 36, 12, 26, 'CREATED'),
(109, 908, '2026-02-01 21:17:33', 36, 67, 5, 'CREATED'),
(110, 3377, '2026-01-05 05:59:35', 36, 62, 35, 'PENDING'),
(111, 3562, '2026-01-23 00:46:39', 37, 80, 57, 'OFFER_AVAILABLE'),
(112, 458, '2026-01-28 21:02:53', 38, 16, 36, 'CREATED'),
(113, 119, '2026-01-07 11:17:59', 38, 14, 31, 'OFFER_SENT'),
(114, 1437, '2026-02-01 03:47:19', 38, 44, 27, 'OFFER_SENT'),
(115, 3068, '2026-01-20 10:07:49', 38, 35, 55, 'OFFER_SENT'),
(116, 2050, '2026-01-28 02:19:43', 39, 16, 36, 'OFFER_AVAILABLE'),
(117, 150, '2026-01-15 14:59:13', 40, 11, 24, 'PENDING'),
(118, 519, '2026-01-02 18:25:09', 40, 32, 37, 'CREATED'),
(119, 636, '2026-02-01 05:23:04', 40, 62, 56, 'CREATED'),
(120, 61, '2026-02-04 00:20:25', 40, 65, 36, 'PENDING'),
(121, 186, '2026-01-15 11:45:11', 41, 50, 59, 'OFFER_AVAILABLE'),
(122, 296, '2026-01-23 12:36:19', 41, 45, 6, 'PENDING'),
(123, 931, '2026-01-05 19:09:25', 42, 45, 37, 'OFFER_AVAILABLE'),
(124, 776, '2026-01-23 03:54:20', 42, 8, 17, 'CREATED'),
(125, 3118, '2026-02-07 08:39:40', 43, 14, 31, 'OFFER_AVAILABLE'),
(126, 1529, '2026-01-06 15:28:16', 43, 12, 26, 'OFFER_AVAILABLE'),
(127, 101, '2026-01-19 01:05:49', 43, 74, 20, 'CREATED'),
(128, 1373, '2026-01-06 08:28:44', 43, 63, 58, 'OFFER_AVAILABLE'),
(129, 1391, '2026-01-06 11:01:19', 43, 28, 58, 'CREATED'),
(130, 1035, '2026-01-18 17:49:24', 44, 7, 15, 'OFFER_AVAILABLE'),
(131, 1007, '2026-01-12 21:13:49', 44, 67, 61, 'OFFER_AVAILABLE'),
(132, 856, '2026-02-06 16:46:10', 44, 59, 35, 'CREATED'),
(133, 1303, '2026-01-05 12:23:23', 45, 15, 34, 'OFFER_AVAILABLE'),
(134, 66, '2026-01-27 20:14:43', 46, 7, 15, 'CREATED'),
(135, 2872, '2026-02-01 18:02:27', 47, 74, 52, 'OFFER_AVAILABLE'),
(136, 4369, '2026-01-09 08:57:04', 47, 50, 56, 'CREATED'),
(137, 1840, '2026-01-20 20:53:57', 47, 52, 8, 'PENDING'),
(138, 3064, '2026-01-02 14:49:00', 47, 67, 27, 'CREATED'),
(139, 280, '2026-01-01 11:56:19', 48, 63, 60, 'OFFER_AVAILABLE'),
(140, 1036, '2026-01-05 00:44:51', 48, 70, 40, 'CREATED'),
(141, 171, '2026-01-31 06:12:08', 48, 26, 54, 'OFFER_AVAILABLE'),
(142, 957, '2026-01-09 16:09:48', 48, 67, 43, 'OFFER_SENT'),
(143, 590, '2026-01-06 14:29:48', 49, 44, 10, 'CREATED'),
(144, 747, '2026-01-04 07:16:01', 49, 45, 48, 'OFFER_AVAILABLE'),
(145, 3934, '2026-01-15 23:10:40', 49, 35, 55, 'OFFER_AVAILABLE'),
(146, 1945, '2026-01-18 08:21:02', 49, 44, 36, 'OFFER_SENT'),
(147, 4909, '2026-02-03 09:42:48', 50, 26, 53, 'OFFER_AVAILABLE'),
(148, 268, '2026-02-07 20:29:10', 50, 35, 13, 'OFFER_SENT'),
(149, 420, '2026-01-01 13:33:38', 50, 80, 19, 'CREATED'),
(150, 1491, '2026-01-04 15:41:59', 50, 50, 37, 'CREATED'),
(151, 892, '2026-01-21 16:57:56', 51, 63, 33, 'PENDING'),
(152, 838, '2026-01-06 00:05:45', 51, 74, 8, 'OFFER_SENT'),
(153, 196, '2026-01-28 05:48:03', 51, 55, 61, 'CREATED'),
(154, 1009, '2026-01-08 11:12:00', 51, 55, 33, 'CREATED'),
(155, 3969, '2026-02-06 18:57:38', 52, 26, 53, 'PENDING'),
(156, 4409, '2026-01-23 09:32:46', 52, 65, 7, 'CREATED'),
(157, 3129, '2026-01-03 07:40:09', 52, 21, 44, 'CREATED'),
(158, 1014, '2026-01-20 14:05:16', 52, 72, 28, 'CREATED'),
(159, 696, '2026-01-10 19:04:49', 53, 7, 15, 'OFFER_SENT'),
(160, 192, '2026-02-03 06:33:45', 53, 14, 32, 'OFFER_AVAILABLE'),
(161, 795, '2026-01-15 11:26:20', 53, 28, 58, 'OFFER_SENT'),
(162, 206, '2026-02-03 17:32:36', 53, 47, 20, 'OFFER_SENT'),
(163, 232, '2026-01-14 18:37:44', 53, 63, 41, 'OFFER_AVAILABLE'),
(164, 1733, '2026-01-05 08:19:05', 54, 59, 42, 'CREATED'),
(165, 2328, '2026-01-01 08:16:43', 54, 24, 51, 'OFFER_SENT'),
(166, 1061, '2026-01-30 04:26:21', 54, 50, 25, 'PENDING'),
(167, 1561, '2026-01-12 23:43:23', 55, 50, 62, 'CREATED'),
(168, 791, '2026-01-26 14:48:52', 55, 35, 61, 'OFFER_AVAILABLE'),
(169, 3410, '2026-01-19 08:09:29', 56, 11, 25, 'CREATED'),
(170, 2594, '2026-02-04 15:30:40', 56, 7, 15, 'PENDING'),
(171, 3168, '2026-01-15 16:25:02', 56, 50, 60, 'PENDING'),
(172, 252, '2026-01-01 10:42:22', 57, 45, 18, 'PENDING'),
(173, 230, '2026-01-21 23:29:52', 57, 21, 45, 'OFFER_AVAILABLE'),
(174, 214, '2026-01-26 23:57:35', 57, 58, 16, 'OFFER_AVAILABLE'),
(175, 289, '2026-01-13 08:50:36', 57, 47, 38, 'OFFER_AVAILABLE'),
(176, 74, '2026-01-05 03:55:15', 57, 50, 18, 'OFFER_AVAILABLE'),
(177, 3451, '2026-01-23 23:35:02', 58, 65, 15, 'OFFER_AVAILABLE'),
(178, 462, '2026-02-01 14:22:30', 58, 55, 1, 'PENDING'),
(179, 1835, '2026-02-04 16:04:37', 58, 62, 6, 'OFFER_AVAILABLE'),
(180, 2053, '2026-01-18 05:11:13', 59, 67, 17, 'OFFER_AVAILABLE'),
(181, 319, '2026-02-01 10:45:04', 60, 70, 24, 'CREATED'),
(182, 55, '2026-01-02 15:30:32', 60, 62, 11, 'CREATED'),
(183, 280, '2026-02-06 20:34:16', 60, 44, 51, 'PENDING'),
(184, 296, '2026-01-02 05:55:09', 60, 8, 17, 'OFFER_SENT'),
(185, 56, '2026-01-06 21:04:57', 60, 70, 27, 'PENDING'),
(186, 961, '2026-01-22 10:42:59', 61, 55, 18, 'CREATED'),
(187, 1388, '2026-01-04 05:18:21', 62, 47, 1, 'CREATED'),
(188, 301, '2026-02-06 20:53:53', 62, 15, 34, 'PENDING'),
(189, 1084, '2026-02-08 00:48:35', 62, 9, 19, 'OFFER_SENT'),
(190, 2003, '2026-01-23 08:22:18', 63, 67, 56, 'PENDING'),
(191, 175, '2026-01-18 20:23:57', 63, 74, 54, 'PENDING'),
(192, 3599, '2026-01-22 21:58:52', 64, 35, 60, 'PENDING'),
(193, 1344, '2026-01-29 03:58:00', 64, 35, 60, 'OFFER_SENT'),
(194, 2376, '2026-02-03 12:41:14', 64, 32, 34, 'OFFER_SENT'),
(195, 813, '2026-01-15 18:24:56', 64, 74, 19, 'PENDING'),
(196, 325, '2026-01-04 09:44:39', 65, 16, 36, 'CREATED'),
(197, 2064, '2026-02-03 22:53:19', 66, 11, 23, 'CREATED'),
(198, 2463, '2026-01-01 02:29:34', 66, 74, 61, 'OFFER_AVAILABLE'),
(199, 1421, '2026-02-03 00:26:56', 66, 72, 3, 'CREATED'),
(200, 252, '2026-01-07 02:01:10', 66, 7, 15, 'PENDING'),
(201, 1327, '2026-01-23 06:46:52', 67, 47, 54, 'PENDING'),
(202, 1758, '2026-02-03 19:18:52', 68, 15, 33, 'CREATED'),
(203, 3448, '2026-01-13 08:45:28', 68, 63, 32, 'CREATED'),
(204, 1420, '2026-02-05 20:07:49', 68, 63, 2, 'PENDING'),
(205, 3440, '2026-02-02 15:07:39', 68, 21, 44, 'CREATED'),
(206, 3050, '2026-01-19 05:04:11', 68, 59, 9, 'OFFER_SENT'),
(207, 958, '2026-01-10 10:08:38', 69, 52, 19, 'OFFER_SENT'),
(208, 111, '2026-01-04 08:38:15', 69, 62, 55, 'OFFER_AVAILABLE'),
(209, 831, '2026-01-25 09:33:51', 69, 45, 33, 'PENDING'),
(210, 686, '2026-01-09 15:33:31', 69, 74, 51, 'CREATED'),
(211, 883, '2026-01-29 04:13:41', 69, 15, 33, 'OFFER_SENT'),
(212, 893, '2026-01-27 00:01:18', 70, 9, 19, 'PENDING'),
(213, 791, '2026-01-08 06:04:16', 70, 28, 58, 'OFFER_AVAILABLE'),
(214, 2384, '2026-01-23 18:54:19', 71, 16, 36, 'CREATED'),
(215, 754, '2026-01-05 11:16:31', 71, 9, 19, 'OFFER_SENT'),
(216, 544, '2026-01-26 18:53:59', 72, 11, 24, 'CREATED'),
(217, 92, '2026-01-23 06:14:25', 72, 65, 52, 'OFFER_SENT'),
(218, 333, '2026-01-23 05:26:08', 72, 80, 10, 'CREATED');

INSERT INTO move_trip (id, move_request_id, move_offer_id, status) VALUES
(1, 2, 8, 'CONFIRMED'),
(2, 2, 9, 'IS_IN_TRANSIT'),
(3, 3, 10, 'CONFIRMED'),
(4, 6, 15, 'PAYMENT_COMPLETED'),
(5, 7, 16, 'IS_IN_TRANSIT'),
(6, 8, 18, 'PAYMENT_COMPLETED'),
(7, 8, 20, 'IS_IN_TRANSIT'),
(8, 8, 22, 'CONFIRMED'),
(9, 9, 23, 'PAYMENT_COMPLETED'),
(10, 10, 27, 'IS_IN_TRANSIT'),
(11, 10, 28, 'PAYMENT_COMPLETED'),
(12, 11, 29, 'IS_IN_TRANSIT'),
(13, 11, 32, 'IS_IN_TRANSIT'),
(14, 11, 33, 'COMPLETED'),
(15, 12, 34, 'IS_IN_TRANSIT'),
(16, 14, 38, 'IS_IN_TRANSIT'),
(17, 15, 40, 'COMPLETED'),
(18, 17, 43, 'CONFIRMED'),
(19, 20, 51, 'COMPLETED'),
(20, 20, 53, 'PAYMENT_COMPLETED'),
(21, 21, 54, 'CONFIRMED'),
(22, 21, 57, 'IS_IN_TRANSIT'),
(23, 21, 58, 'IS_IN_TRANSIT'),
(24, 22, 59, 'CONFIRMED'),
(25, 23, 63, 'PAYMENT_COMPLETED'),
(26, 24, 67, 'COMPLETED'),
(27, 25, 70, 'COMPLETED'),
(28, 25, 71, 'CONFIRMED'),
(29, 25, 73, 'COMPLETED'),
(30, 26, 74, 'CONFIRMED'),
(31, 26, 75, 'PAYMENT_COMPLETED'),
(32, 27, 77, 'IS_IN_TRANSIT'),
(33, 27, 78, 'COMPLETED'),
(34, 27, 80, 'PAYMENT_COMPLETED'),
(35, 28, 84, 'COMPLETED'),
(36, 29, 87, 'PAYMENT_COMPLETED'),
(37, 30, 88, 'IS_IN_TRANSIT'),
(38, 31, 94, 'COMPLETED'),
(39, 32, 96, 'CONFIRMED'),
(40, 32, 98, 'COMPLETED'),
(41, 34, 106, 'PAYMENT_COMPLETED'),
(42, 36, 109, 'IS_IN_TRANSIT'),
(43, 36, 110, 'COMPLETED'),
(44, 38, 113, 'COMPLETED'),
(45, 38, 115, 'PAYMENT_COMPLETED'),
(46, 39, 116, 'CONFIRMED'),
(47, 40, 119, 'PAYMENT_COMPLETED'),
(48, 42, 123, 'IS_IN_TRANSIT'),
(49, 42, 124, 'CONFIRMED'),
(50, 43, 125, 'PAYMENT_COMPLETED'),
(51, 43, 126, 'CONFIRMED'),
(52, 43, 128, 'CONFIRMED'),
(53, 43, 129, 'PAYMENT_COMPLETED'),
(54, 44, 131, 'IS_IN_TRANSIT'),
(55, 47, 137, 'CONFIRMED'),
(56, 48, 139, 'CONFIRMED'),
(57, 48, 140, 'COMPLETED'),
(58, 48, 141, 'COMPLETED'),
(59, 49, 143, 'PAYMENT_COMPLETED'),
(60, 49, 146, 'PAYMENT_COMPLETED'),
(61, 51, 154, 'PAYMENT_COMPLETED'),
(62, 52, 157, 'CONFIRMED'),
(63, 53, 160, 'IS_IN_TRANSIT'),
(64, 53, 163, 'PAYMENT_COMPLETED'),
(65, 57, 172, 'CONFIRMED'),
(66, 57, 174, 'COMPLETED'),
(67, 57, 175, 'PAYMENT_COMPLETED'),
(68, 57, 176, 'CONFIRMED'),
(69, 58, 179, 'IS_IN_TRANSIT'),
(70, 59, 180, 'PAYMENT_COMPLETED'),
(71, 60, 181, 'COMPLETED'),
(72, 62, 187, 'COMPLETED'),
(73, 62, 189, 'PAYMENT_COMPLETED'),
(74, 63, 191, 'PAYMENT_COMPLETED'),
(75, 66, 198, 'CONFIRMED'),
(76, 67, 201, 'PAYMENT_COMPLETED'),
(77, 68, 206, 'IS_IN_TRANSIT'),
(78, 69, 208, 'CONFIRMED'),
(79, 69, 210, 'CONFIRMED'),
(80, 72, 217, 'IS_IN_TRANSIT');

