-- Seed data generated by seed_data.py

INSERT INTO vehicle_types (id, type, max_weight, capacity) VALUES
(1, 'SEDAN', 340.19, 67.08),
(2, 'SUV', 589.6, 120),
(3, 'HATCHBACK', 362.8, 50.50),
(4, 'MINIVAN', 544.31, 140.61),
(5, 'VAN', 1088.62, 294.4),
(6, 'TRUCK', 589.67, 70.0);

INSERT INTO luggage_types (id, type, name, volume, weight) VALUES
(1, 'SMALL', 'Small Box', 1.38, 6.80),
(2, 'MEDIUM', 'Medium Box', 2.99, 9.07),
(3, 'LARGE', 'Large Box', 3.40, 13.60),
(4, 'EXTRA_LARGE', 'Extra Large Box', 3.75, 22.67),
(5, 'EXTRA_EXTRA_LARGE', 'Extra Extra Large Box', 5.83, 27.0);

INSERT INTO addresses (id, line1, line2, city, state_or_province, country, postal_or_zip_code) VALUES
(1, '415 Dudley Haven', NULL, 'Katelynmouth', 'New Jersey', 'USA', '06634'),
(2, '1004 Reese Lock Apt. 658', NULL, 'Davidville', 'Utah', 'USA', '01643'),
(3, '580 Scott Trace Suite 837', NULL, 'West Josephberg', 'Nebraska', 'USA', '79433'),
(4, '4683 Crawford Ville Apt. 879', NULL, 'Lake Jane', 'New Mexico', 'USA', '61160'),
(5, '5230 Jacqueline Point Suite 238', 'Apt. 184', 'Jacksonland', 'Virginia', 'USA', '10111'),
(6, '14241 William Brook', 'Suite 810', 'Ronaldfort', 'Louisiana', 'USA', '38999'),
(7, '424 David Ranch', 'Apt. 826', 'North Antonio', 'North Dakota', 'USA', '91635'),
(8, '9138 Ramirez Expressway Suite 481', 'Suite 662', 'West Adam', 'Utah', 'USA', '90533'),
(9, '140 Kendra Circle', 'Suite 091', 'Watsonside', 'Kansas', 'USA', '12542'),
(10, '184 Christian Glens', 'Suite 592', 'Waltertown', 'Massachusetts', 'USA', '42800'),
(11, '22566 Maria Cliff', NULL, 'Lake Eric', 'Alabama', 'USA', '24208'),
(12, '17006 Justin Common Suite 972', NULL, 'Lake Jamiemouth', 'Kentucky', 'USA', '43097'),
(13, '4627 Timothy Mews', NULL, 'Hollandton', 'Louisiana', 'USA', '47655'),
(14, '032 Travis Wells', 'Suite 597', 'Chadport', 'Louisiana', 'USA', '67843'),
(15, '41088 Steele Circle', NULL, 'Robertland', 'Oregon', 'USA', '19175'),
(16, '2162 Scott Crest', 'Suite 788', 'Melaniehaven', 'Utah', 'USA', '66083'),
(17, '883 Devin Lodge', 'Suite 404', 'North Richard', 'Ohio', 'USA', '99361'),
(18, '65256 Gregory Pine Suite 123', 'Suite 178', 'North David', 'Kansas', 'USA', '09995'),
(19, '40393 Freeman Centers', NULL, 'Lake Ryanfurt', 'Indiana', 'USA', '35562'),
(20, '67532 Anderson Crescent', NULL, 'South Nicholasburgh', 'Wisconsin', 'USA', '07573'),
(21, '76426 Reeves River', 'Suite 279', 'New Davidfort', 'Connecticut', 'USA', '90240'),
(22, '31712 Jeffrey Route Apt. 941', NULL, 'Rodriguezmouth', 'Michigan', 'USA', '47592'),
(23, '2383 Smith Cliffs', 'Apt. 127', 'Schroedermouth', 'New York', 'USA', '80421'),
(24, '74902 Brandy Field', NULL, 'East Alecville', 'Colorado', 'USA', '00904'),
(25, '726 Trujillo Harbor Suite 773', NULL, 'South Antoniobury', 'New York', 'USA', '97461'),
(26, '90314 Connie Mission', 'Apt. 903', 'East Gregory', 'Delaware', 'USA', '83124'),
(27, '285 Kimberly Streets Suite 545', NULL, 'North Susantown', 'Louisiana', 'USA', '33859'),
(28, '237 Jose Islands', 'Apt. 327', 'Davidsonberg', 'New Hampshire', 'USA', '49342'),
(29, '726 Brady Pike Apt. 155', 'Apt. 762', 'New Stephanie', 'South Dakota', 'USA', '85759'),
(30, '84634 Brian Prairie', NULL, 'South Gregoryburgh', 'Wyoming', 'USA', '68715'),
(31, '6808 Hancock Lights', NULL, 'North Ian', 'Utah', 'USA', '33021'),
(32, '9051 Hunt Glen Suite 500', NULL, 'Robertport', 'Massachusetts', 'USA', '63748'),
(33, '970 Melendez Walk', 'Apt. 607', 'New Williamfort', 'North Dakota', 'USA', '16601'),
(34, '193 Wilcox Vista Apt. 152', NULL, 'Murrayland', 'South Carolina', 'USA', '52356'),
(35, '14747 Courtney Union Suite 738', 'Apt. 047', 'Martintown', 'Nebraska', 'USA', '49009'),
(36, '62230 Wallace Meadows Apt. 155', 'Apt. 660', 'Danielsfort', 'Arkansas', 'USA', '86966'),
(37, '6671 Hansen Stravenue', NULL, 'Orrchester', 'Colorado', 'USA', '12606'),
(38, '20315 Gonzalez Pines Apt. 827', NULL, 'East Misty', 'Virginia', 'USA', '96130'),
(39, '710 Montgomery Grove Apt. 355', NULL, 'Lake Taraland', 'Mississippi', 'USA', '67830'),
(40, '660 Lee Walks Suite 347', NULL, 'Williamchester', 'Virginia', 'USA', '43283'),
(41, '5657 Guzman Shore Apt. 825', 'Suite 429', 'Salinaschester', 'Rhode Island', 'USA', '93432'),
(42, '6300 Lynch Motorway', NULL, 'New Chad', 'Hawaii', 'USA', '43529'),
(43, '1369 Nicole Ford Apt. 448', 'Apt. 908', 'East Vickieland', 'Nevada', 'USA', '56036'),
(44, '967 Hill Shores Apt. 955', NULL, 'Port Petermouth', 'Idaho', 'USA', '06312'),
(45, '09721 David Canyon', 'Apt. 803', 'Bushberg', 'New Hampshire', 'USA', '31952'),
(46, '5094 Waters Road', 'Apt. 168', 'East Brittany', 'Kansas', 'USA', '93581'),
(47, '32212 Brandon Shoal', NULL, 'Thomasfurt', 'Arkansas', 'USA', '34655'),
(48, '530 Shawn Land Apt. 724', NULL, 'Morrisstad', 'Oklahoma', 'USA', '29952'),
(49, '74432 Victoria Pass Apt. 031', NULL, 'Sydneyville', 'Missouri', 'USA', '43484'),
(50, '2340 Brown Forest Apt. 800', 'Apt. 916', 'Amandaton', 'Arizona', 'USA', '25092'),
(51, '483 Bryan Wall Suite 568', NULL, 'South Ryanbury', 'Nebraska', 'USA', '08489'),
(52, '349 Lisa Mill Suite 257', 'Suite 866', 'West Crystal', 'Louisiana', 'USA', '13619'),
(53, '294 Natalie Loaf', 'Suite 444', 'East Aarontown', 'South Dakota', 'USA', '41779'),
(54, '99079 Kimberly Lodge Apt. 745', NULL, 'Port Kimberly', 'Ohio', 'USA', '26913'),
(55, '449 Thomas Gateway', 'Suite 830', 'Port Maria', 'Pennsylvania', 'USA', '81099'),
(56, '408 Alexandra Highway', 'Suite 939', 'East Jenniferton', 'New Jersey', 'USA', '99323'),
(57, '9890 Ashley Brooks', 'Suite 785', 'Chrisport', 'South Dakota', 'USA', '71646'),
(58, '5111 Patrick Terrace', 'Apt. 121', 'Lauraberg', 'Indiana', 'USA', '30724'),
(59, '356 Sean Bypass', NULL, 'Lake Scottshire', 'New Mexico', 'USA', '71535'),
(60, '9848 Jennifer Mission Apt. 628', 'Apt. 778', 'Smithshire', 'New Hampshire', 'USA', '67333'),
(61, '5606 Kathy Knolls', NULL, 'Amberborough', 'Louisiana', 'USA', '99140'),
(62, '8136 Avila Key Apt. 347', 'Apt. 546', 'South Joanbury', 'North Carolina', 'USA', '90772'),
(63, '063 Donna Curve', 'Apt. 576', 'New Tyler', 'Georgia', 'USA', '85294'),
(64, '7467 Rachel Parkways Apt. 702', 'Suite 024', 'Lake Suzanneton', 'Texas', 'USA', '51394'),
(65, '05612 Nguyen Tunnel', NULL, 'Port Alexandra', 'Pennsylvania', 'USA', '35012'),
(66, '12704 Tiffany Pine Suite 908', NULL, 'East Christianberg', 'Maryland', 'USA', '31265'),
(67, '1132 Lewis Branch', 'Apt. 231', 'South Stephaniestad', 'New Hampshire', 'USA', '89284'),
(68, '24697 Stephanie Trail Apt. 485', 'Suite 729', 'Dyerberg', 'North Dakota', 'USA', '03152'),
(69, '4629 Miller Squares', 'Apt. 651', 'North Dana', 'Oklahoma', 'USA', '41172'),
(70, '82480 Julia Trail', NULL, 'North Travisland', 'Kansas', 'USA', '17922'),
(71, '794 Melanie Island Apt. 397', NULL, 'West Dakota', 'Hawaii', 'USA', '17990'),
(72, '60870 Gonzalez Plain Apt. 846', 'Suite 817', 'Brendamouth', 'Nevada', 'USA', '67322'),
(73, '90750 Catherine Loop', NULL, 'Salazarfurt', 'West Virginia', 'USA', '98761'),
(74, '43395 Angela Trail Suite 572', NULL, 'Michaelhaven', 'Missouri', 'USA', '81625'),
(75, '25689 Janet Radial Apt. 073', NULL, 'North Michaelland', 'South Carolina', 'USA', '80068'),
(76, '109 Manning Ways', NULL, 'Johntown', 'Nevada', 'USA', '17616'),
(77, '81646 Calvin Plain', NULL, 'Lake Jamesstad', 'Pennsylvania', 'USA', '84701'),
(78, '45156 Monica Pines Suite 851', 'Apt. 963', 'Rogershaven', 'Mississippi', 'USA', '32975'),
(79, '1256 Thomas Freeway Suite 578', 'Apt. 842', 'Greeneside', 'Montana', 'USA', '53405'),
(80, '623 Stewart Shoals', 'Apt. 472', 'Sandersmouth', 'Wyoming', 'USA', '02723'),
(81, '12724 Sheila Inlet', NULL, 'North Patricia', 'Louisiana', 'USA', '38701'),
(82, '983 Tonya Lane Suite 252', NULL, 'Jesustown', 'Maryland', 'USA', '37062'),
(83, '590 Brandon Mews', NULL, 'East Zachary', 'New York', 'USA', '65939'),
(84, '4498 Lutz Place Suite 607', NULL, 'New Victorshire', 'Nebraska', 'USA', '88105'),
(85, '7359 Daniel Port Suite 488', 'Suite 908', 'New Lisa', 'Wisconsin', 'USA', '09064'),
(86, '520 Derek Lake Suite 781', NULL, 'North Michael', 'Alabama', 'USA', '53762'),
(87, '500 Steven Knolls Apt. 070', NULL, 'Millertown', 'Montana', 'USA', '62474'),
(88, '615 Jennifer Burg Apt. 005', NULL, 'East Leviborough', 'Ohio', 'USA', '72258'),
(89, '490 Sparks Points', NULL, 'East Tonyamouth', 'Arkansas', 'USA', '77175'),
(90, '511 Shelton Crest Apt. 851', 'Suite 435', 'Port Lisa', 'Georgia', 'USA', '25115'),
(91, '90611 Katherine Ridge', 'Suite 650', 'Lisafort', 'Indiana', 'USA', '71698'),
(92, '8998 Steven Ranch', NULL, 'South Lindsey', 'Colorado', 'USA', '76089'),
(93, '8853 Hines Island Apt. 721', 'Suite 158', 'Montesville', 'Kansas', 'USA', '28380'),
(94, '12903 Banks Tunnel', 'Apt. 802', 'Bakertown', 'Missouri', 'USA', '66123'),
(95, '90049 Zachary Fall Suite 486', 'Apt. 806', 'Marquezville', 'Oregon', 'USA', '92003'),
(96, '173 Reid Port Apt. 734', 'Apt. 441', 'Christopherberg', 'New Mexico', 'USA', '37456'),
(97, '174 Smith Fords Suite 714', NULL, 'Port Paul', 'Arizona', 'USA', '82602'),
(98, '605 Williams Vista Apt. 377', NULL, 'North Rebeccaview', 'New York', 'USA', '37301'),
(99, '862 Rachel Way Apt. 170', NULL, 'New Edward', 'Louisiana', 'USA', '17740'),
(100, '842 Vazquez Terrace', 'Suite 569', 'West Derek', 'Alabama', 'USA', '55432'),
(101, '0432 Roberts Plain', 'Suite 127', 'Phillipsport', 'Virginia', 'USA', '24932'),
(102, '535 Martin Trail', NULL, 'Lake Jesse', 'California', 'USA', '54017'),
(103, '50122 Rebecca Drive Suite 997', NULL, 'Karenhaven', 'Alabama', 'USA', '03151'),
(104, '741 Maria Crescent Suite 257', NULL, 'East Julieburgh', 'Nevada', 'USA', '49444'),
(105, '350 Garcia Harbor Suite 667', NULL, 'Hawkinschester', 'Iowa', 'USA', '83098'),
(106, '361 Evans Point', NULL, 'South Patricia', 'Hawaii', 'USA', '46964'),
(107, '36962 Ryan Lake', 'Apt. 725', 'Laraview', 'Alabama', 'USA', '45238'),
(108, '94470 Cox Junctions Suite 876', 'Suite 362', 'Port Johnport', 'Nevada', 'USA', '79172'),
(109, '1348 Mcclain Extensions', NULL, 'Sandratown', 'Delaware', 'USA', '45853'),
(110, '47816 Travis Street Apt. 972', 'Suite 458', 'East Christian', 'Montana', 'USA', '25589'),
(111, '176 Tyler Rapids', 'Suite 630', 'North Tylerburgh', 'Michigan', 'USA', '68645'),
(112, '24948 Troy Mission', NULL, 'East Michelle', 'Texas', 'USA', '22788'),
(113, '756 Kari Meadows', 'Apt. 421', 'Yeseniaville', 'Illinois', 'USA', '74725'),
(114, '084 Ronald Streets Apt. 115', 'Apt. 688', 'South Billhaven', 'Idaho', 'USA', '84720'),
(115, '1425 Thomas Extensions Suite 883', 'Apt. 036', 'Lake Abigail', 'Wyoming', 'USA', '83320'),
(116, '54953 Robert Land', 'Apt. 209', 'Heatherfort', 'Rhode Island', 'USA', '97098'),
(117, '7635 Kaitlyn Land Suite 823', 'Suite 298', 'East Diane', 'Tennessee', 'USA', '86408'),
(118, '8011 King Way Apt. 269', NULL, 'Alexanderborough', 'South Dakota', 'USA', '16720'),
(119, '75878 Martin Keys', NULL, 'Michellefort', 'Mississippi', 'USA', '47300'),
(120, '915 Steven Crossing Apt. 580', 'Apt. 118', 'South Jenniferton', 'Virginia', 'USA', '98947'),
(121, '7186 Spencer Key', 'Apt. 664', 'Longside', 'Montana', 'USA', '68749'),
(122, '684 Garza Summit Suite 412', NULL, 'South Joshua', 'Connecticut', 'USA', '97226'),
(123, '538 Vanessa Squares', NULL, 'Lake Jenniferchester', 'Alabama', 'USA', '35109'),
(124, '747 Aaron Mall', 'Suite 260', 'West Linda', 'California', 'USA', '27280'),
(125, '86519 William Manor', NULL, 'North Lori', 'Arizona', 'USA', '68355'),
(126, '60785 Travis Valleys Apt. 130', NULL, 'New Brendaport', 'Montana', 'USA', '06849'),
(127, '065 Brian Isle', 'Suite 773', 'Kevinland', 'Alaska', 'USA', '80075'),
(128, '1083 Johnson Mountain', NULL, 'Port Daisy', 'Oregon', 'USA', '88934'),
(129, '19276 Micheal Course', NULL, 'Staffordton', 'Vermont', 'USA', '11150'),
(130, '47673 Jeremiah Orchard Suite 581', 'Suite 175', 'Lake Genemouth', 'Hawaii', 'USA', '87419'),
(131, '27473 Thompson Cape', 'Apt. 124', 'New Juliaside', 'California', 'USA', '73160'),
(132, '00667 Kaufman Road Suite 543', NULL, 'New Donna', 'Rhode Island', 'USA', '32149'),
(133, '141 Micheal Motorway', NULL, 'Martinfort', 'North Carolina', 'USA', '17336'),
(134, '7182 Susan Trace Suite 379', 'Apt. 251', 'West Sharonfort', 'Idaho', 'USA', '98052'),
(135, '574 Ryan Mill Suite 296', NULL, 'Veronicachester', 'Indiana', 'USA', '12324'),
(136, '5311 Valerie Parkways', 'Suite 713', 'New Thomasshire', 'New York', 'USA', '26197'),
(137, '17560 Goodwin Throughway', NULL, 'Sotoberg', 'West Virginia', 'USA', '30830'),
(138, '633 Walker Wall', NULL, 'Pereztown', 'Virginia', 'USA', '31785'),
(139, '84571 Jamie Lock', 'Suite 869', 'South Caleb', 'New Mexico', 'USA', '73109'),
(140, '2468 Parker Alley Suite 414', 'Suite 189', 'East Savannahtown', 'Virginia', 'USA', '99253'),
(141, '133 Patterson Avenue Apt. 505', 'Apt. 282', 'Port Raymond', 'Wisconsin', 'USA', '41774'),
(142, '41082 Walsh Plaza Apt. 068', 'Apt. 116', 'South Chad', 'Massachusetts', 'USA', '33374'),
(143, '65862 Henderson Land', NULL, 'North Timothyside', 'Iowa', 'USA', '61219'),
(144, '536 Jonathan Unions', 'Apt. 853', 'Kingville', 'Wisconsin', 'USA', '75146'),
(145, '61998 Brett Fords', NULL, 'East Tina', 'New Hampshire', 'USA', '16465'),
(146, '5271 Julie Manors', NULL, 'New Taylorfort', 'Florida', 'USA', '71336'),
(147, '565 Logan Crescent Apt. 727', 'Apt. 937', 'Pottsborough', 'West Virginia', 'USA', '53235'),
(148, '94615 Cheryl Neck', 'Suite 539', 'West Bobbyville', 'Michigan', 'USA', '66311'),
(149, '810 Gonzalez Path', 'Apt. 575', 'Port Heatherport', 'Alabama', 'USA', '19791'),
(150, '4577 Erica Parkways', NULL, 'Pachecochester', 'Nebraska', 'USA', '26253'),
(151, '9440 Cabrera Orchard Suite 673', 'Apt. 133', 'Diaztown', 'Virginia', 'USA', '01173'),
(152, '818 Goodwin Square', 'Suite 581', 'Ryanfurt', 'Illinois', 'USA', '46081'),
(153, '801 Williams Gardens', 'Suite 048', 'East Barry', 'West Virginia', 'USA', '76037'),
(154, '1891 Green Mall Suite 553', 'Apt. 627', 'South Andreburgh', 'Michigan', 'USA', '16219'),
(155, '69836 Brenda Loop Apt. 443', 'Suite 360', 'New Matthewview', 'New York', 'USA', '75175'),
(156, '36781 Kenneth Lakes Apt. 784', NULL, 'Colonberg', 'North Dakota', 'USA', '09169'),
(157, '0269 Esparza Via', NULL, 'East Julie', 'Delaware', 'USA', '39902'),
(158, '642 Walker Pine Suite 100', NULL, 'New Wesleyborough', 'Kentucky', 'USA', '26950'),
(159, '298 Martin Forks Apt. 292', 'Suite 372', 'North Jonathan', 'Hawaii', 'USA', '42240'),
(160, '61564 Nathan Radial Apt. 545', NULL, 'New Hollystad', 'Washington', 'USA', '78979'),
(161, '04461 Mckee Prairie Suite 864', NULL, 'New Alexander', 'Minnesota', 'USA', '62775'),
(162, '1975 Wilson Stream', 'Apt. 363', 'Meyerchester', 'Missouri', 'USA', '60488'),
(163, '23715 Gina Dale Suite 185', NULL, 'South Michellebury', 'Delaware', 'USA', '45860'),
(164, '2883 Knight Springs', 'Apt. 474', 'Lake Brandymouth', 'Iowa', 'USA', '63863'),
(165, '64871 William Overpass Suite 109', 'Apt. 761', 'Christinemouth', 'Oklahoma', 'USA', '81618'),
(166, '3740 Chambers Passage Suite 151', 'Apt. 067', 'Port Timothy', 'Utah', 'USA', '68753'),
(167, '5644 Scott Views', 'Suite 473', 'South Jennifertown', 'Kentucky', 'USA', '46264'),
(168, '65468 Katie Skyway Suite 109', NULL, 'New Jonmouth', 'Montana', 'USA', '08030'),
(169, '8118 Joshua Ports', NULL, 'West Amyside', 'Virginia', 'USA', '65411'),
(170, '191 Emma Lakes', 'Suite 480', 'Jonestown', 'Nebraska', 'USA', '45149'),
(171, '93458 Brian Islands', NULL, 'Mcgeeberg', 'South Dakota', 'USA', '15117'),
(172, '470 William Ports Apt. 938', NULL, 'Cassandrastad', 'Washington', 'USA', '51613'),
(173, '40975 Murray Radial', NULL, 'New Robert', 'Wisconsin', 'USA', '16168'),
(174, '4419 Alvarez Island Suite 746', NULL, 'Smithborough', 'Nebraska', 'USA', '08924'),
(175, '389 Flynn Ways Suite 490', NULL, 'Ramirezborough', 'Alabama', 'USA', '54771'),
(176, '052 Jones Isle Apt. 760', NULL, 'Peggyhaven', 'New Jersey', 'USA', '12841'),
(177, '971 Mary Ridges', 'Apt. 402', 'Port Nicholeborough', 'Mississippi', 'USA', '08896'),
(178, '396 Ford Crest Suite 657', NULL, 'North Lindaburgh', 'California', 'USA', '94998'),
(179, '6425 Savannah Overpass Suite 551', 'Apt. 774', 'Lake Rachelstad', 'Idaho', 'USA', '69976'),
(180, '0921 Villegas Plain Apt. 967', NULL, 'Henryland', 'Texas', 'USA', '40877'),
(181, '870 Robert Via', NULL, 'South Christopher', 'North Dakota', 'USA', '81334'),
(182, '769 Michael Garden', 'Suite 614', 'West Shelby', 'Vermont', 'USA', '15534'),
(183, '269 Jay Road Suite 163', NULL, 'Port Carrieside', 'California', 'USA', '96495'),
(184, '40782 Nichole Flat', 'Apt. 303', 'Port Robert', 'Georgia', 'USA', '33520'),
(185, '78022 Robin Roads Suite 688', 'Apt. 627', 'Jeffreyfurt', 'Florida', 'USA', '48889'),
(186, '65675 Jackson Harbor', 'Apt. 910', 'West Moniqueberg', 'Michigan', 'USA', '50376'),
(187, '65906 Jason Neck', NULL, 'Josehaven', 'Nebraska', 'USA', '28946'),
(188, '092 Brown Lake', 'Apt. 424', 'Burnsberg', 'Indiana', 'USA', '13396'),
(189, '7432 Michele Light', 'Suite 636', 'North Rebecca', 'Alabama', 'USA', '56638'),
(190, '034 Carter Plains', NULL, 'East Sandra', 'Oklahoma', 'USA', '21629'),
(191, '294 Kimberly Plains Apt. 061', 'Suite 387', 'Lake Melissafort', 'Maine', 'USA', '02561'),
(192, '96019 Tran Road', 'Apt. 848', 'North Daniel', 'Washington', 'USA', '37380'),
(193, '581 Brandy Trail', NULL, 'South Hollyhaven', 'New York', 'USA', '38221'),
(194, '290 Marcus Bypass Suite 794', 'Suite 378', 'Osbornfort', 'Iowa', 'USA', '88226'),
(195, '406 Henry Islands Apt. 587', NULL, 'West Rachelville', 'Wisconsin', 'USA', '86509'),
(196, '4362 Angela Fort', 'Suite 765', 'South Kathleen', 'New Jersey', 'USA', '26951'),
(197, '944 David Rapid', 'Suite 553', 'Joshuaside', 'Minnesota', 'USA', '62607'),
(198, '08679 Charlotte Route Apt. 180', 'Apt. 031', 'Lake Edward', 'Mississippi', 'USA', '35397'),
(199, '6597 Bryant Club Suite 170', NULL, 'Jefferystad', 'Nevada', 'USA', '39836'),
(200, '8680 Andrew Summit Apt. 121', NULL, 'West Travischester', 'Tennessee', 'USA', '02326');

INSERT INTO users (username, password_hash, f_name, l_name, email, dob, rating, role, address_id) VALUES
('mark13', '$2b$12$qP4OD9Q2beQzg148eKRK/uyMBh3NOsrp279CLBl3O/7yXZLLbkdlG', 'Michael', 'Norman', 'mitchellmonique@example.org', '1998-11-09', 1.9, 'ADMIN', 179),
('ppark', '$2b$12$qrIhTn/ivSGGZOqXaLJ7x.9N96U6qM9FkzcAfCMCI4qmj6qeM6LcG', 'Cameron', 'Smith', 'inguyen@example.org', '1963-10-06', 1.5, 'DRIVER', 116),
('tina51', '$2b$12$O1lA4ReCWneHa23kJ8mdSO.ZnqX76BsSlx/cK2jZgc9pQ.Mqc4KeO', 'Daniel', 'Roberts', 'michellereynolds@example.net', '1978-05-03', 2.4, 'DRIVER', 63),
('mary81', '$2b$12$4T7JN3GG1jZvJ0PXw7QIMOno/RSctjr6wSxn1PAGDru688DUhWiRa', 'Mary', 'Martin', 'mcdowellrichard@example.net', '1948-03-17', 3.9, 'ADMIN', 127),
('wrodriguez', '$2b$12$0TUacwFR2P3pwh0GD6J9wuJezE.CKFKEhNNtanjQJ7KsWCq3QiX3G', 'Kyle', 'Hoffman', 'mcdanielstephanie@example.com', '1974-03-19', 2.6, 'CLIENT', 9),
('hlamb', '$2b$12$D2gnPGvkw6gsNZrPDtT57e9JMN6FIgJ/yMsa2CcbKAwMvLnTITV.O', 'Amy', 'Gonzalez', 'lisajones@example.net', '1980-10-14', 1.5, 'DRIVER', 116),
('tmclaughlin', '$2b$12$L3Zx1Yc.MY2/CMftj.QnvuKsRAPeJdIErj/Q47eDtsPsfnnDYCyl2', 'Kurt', 'Mccullough', 'sleach@example.org', '1995-08-28', 4.6, 'CLIENT', 163),
('michelle85', '$2b$12$dVb3rS3tzyrdjSzpg7fbd.gRiCmLi7yE9hR29JLTjLlkjZLtidZIm', 'Alyssa', 'Osborne', 'chelseaharrington@example.org', '1985-10-26', NULL, 'ADMIN', 177),
('michael68', '$2b$12$V2BwjnVCQXNMKGltJeswLuveK7bOeE3IzGzxD1wCFd/IGl8UjMY56', 'Keith', 'Young', 'david47@example.org', '1974-05-14', 1.7, 'ADMIN', 141),
('krodriguez', '$2b$12$1pzTZ383G2hvehA5OyllJePGtn9bcbzRCsYry8rwZgB4KNxsPiArq', 'Sandra', 'Vega', 'cynthia51@example.com', '1978-12-12', 1.3, 'ADMIN', 5),
('iolsen', '$2b$12$jbfdQPUdE3rpewZs0h0rV.ezh4fFO7BINkaIVctl4kb4pdIKQuLVy', 'Stephanie', 'Campbell', 'jamesvincent@example.org', '1983-06-27', 1.6, 'DRIVER', 178),
('opatel', '$2b$12$AQ0w4n8XcO7L7wRDxp2d1eLvI18oT5RRRF/uVr1Ij6TXc/HAmRAg6', 'Donald', 'Garcia', 'josephgregory@example.com', '1994-12-08', NULL, 'ADMIN', 135),
('marywagner', '$2b$12$QnuoDQUTQizXapyJ0rnrKe8k19MaeGiuV5Q0oLwnru362/LfyTOI6', 'Melissa', 'Lawson', 'yriggs@example.org', '1965-04-21', 1.0, 'DRIVER', 80),
('stricklandkathryn', '$2b$12$AbHU2i2RCebf5RhowlpRUu7xdl80exwKu8ty2jpmwA90HfTsO8SVK', 'Matthew', 'Carrillo', 'brenda82@example.org', '1954-08-28', 1.9, 'ADMIN', 81),
('qsmith', '$2b$12$TK9C5zg6dj2h.NvZV/wMU.KEm/s7jHcNdnbnm/AMPXHaoM9W6RtH.', 'Jason', 'Ho', 'zwhite@example.org', '1948-03-15', NULL, 'DRIVER', 133),
('reedjulie', '$2b$12$fcnEo2h5PVVlcifYflAGpu61pVt6J3fR8lS7msxBaWkehbAWLCoTS', 'David', 'Wright', 'imorrow@example.com', '1953-03-11', 4.9, 'ADMIN', 198),
('james66', '$2b$12$cBw9e5HgdJK37wE7aolqzOFl99EI9q7INX3qDNd03ew.C17wp37eG', 'Brian', 'Henry', 'timothy72@example.com', '1957-11-21', 4.7, 'ADMIN', 53),
('antonio71', '$2b$12$QDeQiYn/t40uzwUVTB1j3O1xtmkSkMydN3I8qtoCA3iKI4x35o7re', 'Ryan', 'Green', 'martincurtis@example.net', '1947-01-05', NULL, 'DRIVER', 12),
('contrerasmichelle', '$2b$12$NqFbUCerTxHpUmq/tJmktuZ4KedXh77AnWOcVv//41S71vVOrFlKq', 'Steve', 'Horton', 'daviswalter@example.org', '1981-10-29', 3.6, 'ADMIN', 76),
('sellerslauren', '$2b$12$zVV220U3YQAtt/UB2QuRLOFM4ClPGdRn4NYG6UiAIBcuV.TwyZPlW', 'Amy', 'Lester', 'wjohnson@example.com', '1973-09-19', 2.2, 'ADMIN', 91),
('mcclurejessica', '$2b$12$EGtVKgWYWE2Y3yCAoQywROPTye7x7njfNU1Fi3jc8hNgxFdgr.GdO', 'Nathan', 'Delacruz', 'zoliver@example.net', '1993-06-26', 2.0, 'ADMIN', 3),
('tfrank', '$2b$12$lBwbCgz92qZ00CfNTGagK.6JOeBliMP1w0JZTO05IHYcygWq3Gcbq', 'Edward', 'Gregory', 'jamesmartin@example.net', '1971-01-06', 4.0, 'ADMIN', 175),
('xlee', '$2b$12$jcSf3m9MrFemkUQJgxUVCe7sYFK4DSuGTDjn5IOHOqNtKf1WD1/9K', 'Dalton', 'Williams', 'nkane@example.org', '1950-08-22', 2.0, 'ADMIN', 53),
('williamsalicia', '$2b$12$k87n2Qy1qvQZxqjiz/iFBeHKMnOudeKY31ZnzEiTOrDMPcrawpDoi', 'Sergio', 'Harrison', 'ismith@example.org', '1992-11-11', 3.0, 'CLIENT', 138),
('turnerjoseph', '$2b$12$1cDYqTsE6QWIweXlGh/wJuu2Y9.1IJoVen75mket730YK2CUQgu0e', 'Angela', 'Hicks', 'scortez@example.org', '2004-11-29', 3.0, 'DRIVER', 134),
('anthony04', '$2b$12$vZB99EWP.o/qHPlghAyPMONKXzI0Y0KfEqDmKsA93Ta6KRbvkXpee', 'Michael', 'Carroll', 'michaelgrimes@example.org', '1973-10-28', NULL, 'ADMIN', 42),
('andrew91', '$2b$12$jGJ.60eGY99eIkWEI3LtmuMOSPvGltGk0KNxK9hu8GkGDOlNwsHOW', 'Jose', 'Hansen', 'jenny75@example.net', '2003-02-04', NULL, 'CLIENT', 154),
('aray', '$2b$12$9.Hhg0WzT/jU9fMp2bszPuDF4Lbyi2hcX9WGCRSdPme5TfAN2FYuC', 'Adrienne', 'Garcia', 'ebaker@example.net', '1958-11-25', 4.1, 'ADMIN', 129),
('bclark', '$2b$12$ivJvjSyolM0HyxoJDrZlR.6KZ0nR592oM14j94.CdHKysoqDS9E32', 'Aaron', 'Williams', 'jwalker@example.org', '1947-04-26', 4.6, 'ADMIN', 187),
('kirkjasmine', '$2b$12$erFk72FzWqdU.dATMzAz1eUQljKj2U5fTp9JNMItHuOQGthVEEFE6', 'Melissa', 'Smith', 'thomasjeremy@example.com', '1983-05-09', 3.9, 'CLIENT', 6),
('tammy36', '$2b$12$KLgvgbO4zJCIT8YQG2tbX.sJwBGbFL97Qtj2wrkCUflc.JzvOJqUi', 'Jamie', 'Brooks', 'nicole04@example.net', '1994-07-23', NULL, 'DRIVER', 127),
('michael92', '$2b$12$uevcY8LVEtAxu4FONNFpu.xlWyGviyPRR7F5XjvFqoLPkazFrLWn6', 'Claire', 'Sanders', 'nlopez@example.com', '1951-07-02', NULL, 'ADMIN', 155),
('mhughes', '$2b$12$Mq0123tPbMz7ukBHz5YAr.t6uTNLo1grcHZ7lnjw0FBFD/TU68FKe', 'Marilyn', 'Greer', 'jesse62@example.org', '1975-03-28', NULL, 'DRIVER', 132),
('edwin87', '$2b$12$my8AnrcOpWrDqA2Dh8DcT.08hVAWtH.mG6p2Byig3HNldAA33l.4G', 'Cameron', 'Doyle', 'collierjeffery@example.org', '1948-12-31', 3.0, 'DRIVER', 136),
('griffithsteven', '$2b$12$.FLPZZ4V2cJgl9z70DpZbeEc8r8MnPt1SHb7pMeNAj9EujLyN2Bgm', 'Ann', 'Dunn', 'cfields@example.org', '2002-06-25', NULL, 'CLIENT', 55),
('jday', '$2b$12$EVBMhQjCGNRw.Wnv.oYHCeAcyE7HFOBxco3q5tcb6bdprSNnVj0di', 'Robert', 'Richardson', 'zhoover@example.com', '1965-07-19', 1.2, 'DRIVER', 31),
('david58', '$2b$12$vBf9xux5LViXLbBK0Vy1AOYCODmvQiBrNfeyq5NOip03BWh0vB5BS', 'Joseph', 'Thomas', 'callahandeanna@example.net', '1981-06-20', 4.1, 'ADMIN', 107),
('jillmcdowell', '$2b$12$lWNRaZCcGZWszQiB8wz6guQ1tF7xDEe3dSvZVkcvjd3uQibL43gcS', 'James', 'Combs', 'davistyrone@example.net', '1957-02-04', 1.5, 'DRIVER', 184),
('brewerrandy', '$2b$12$iGK8QaAVaZiCGpeVlFBBdu9rL4DEyKsz.uuVOnVkp9D5HVDsSjLVO', 'Joshua', 'Carey', 'brianroberts@example.org', '1996-04-21', 4.7, 'ADMIN', 166),
('mcastillo', '$2b$12$U2HPakBNhFUFol9aFpO.COywTiAM/ke3/dajmhKJxfcjvFWVbZp7y', 'Erik', 'Woods', 'elizabethsullivan@example.net', '1991-06-16', NULL, 'CLIENT', 165),
('stacy19', '$2b$12$NrKqnAu5K8.9ZoPGF50.eu0p6vVhsw298DNWuGjtGoQflw4JdncL.', 'Melissa', 'Pena', 'ydelacruz@example.net', '1964-04-10', 1.7, 'DRIVER', 194),
('morrisrichard', '$2b$12$lxosL8lE0sa7FttIuLKXN.nJVsJN63n.8wdQxCPOwA2m06UKP/sI6', 'Tracy', 'Lowe', 'ugoodman@example.net', '1947-08-24', NULL, 'DRIVER', 37),
('wellsjonathan', '$2b$12$ZbquOKCaKtIJJx2HRhMRRuU7/JgGUzCLOlc5whduk5GYVJGEMBhrG', 'Kathy', 'Gamble', 'sweeneyveronica@example.com', '1962-01-07', 4.4, 'DRIVER', 191),
('collinsrichard', '$2b$12$GMY1L2HuIO14qVHk.vRjr.5fx9cT604XRJMdCaMSRrceXZyJFWkie', 'John', 'Lopez', 'rodneywilson@example.net', '1966-07-12', 4.1, 'CLIENT', 46),
('nmurphy', '$2b$12$aCzeZOMUZZpFAhMjOp9oS.vzVr3hizBQYwwBsD0/7U0xG8uT/O9Vm', 'Victoria', 'Wade', 'benjaminmurillo@example.net', '1990-12-19', 2.4, 'ADMIN', 91),
('kevinsmith', '$2b$12$fluAmVcaAw15wDVlYfDsXet1yK5X6qYDB6LYIg2bKN3YFJMxclGOy', 'Jose', 'Mann', 'glopez@example.net', '1998-05-27', NULL, 'ADMIN', 17),
('gellis', '$2b$12$6H9h3zLT1zJe9.8whYoRLuyiu5PnLc5SSBTdOBLQ436D2G7O2WYlG', 'Shannon', 'Gray', 'zlewis@example.com', '1992-05-28', 4.7, 'DRIVER', 39),
('jmitchell', '$2b$12$syiIFQv8x.4SM/LVrS7dduE3rWkbebunvzXxFt1nXXKrMvu1lrWZm', 'Robert', 'Lang', 'nelsonomar@example.com', '1961-05-09', NULL, 'CLIENT', 167),
('gabriel78', '$2b$12$FkxnWB6EA7XuGEDuM9Gsr.UGHrze4tN4yHjD7qLsT/X9TNS3N9ZAK', 'Gregory', 'Lee', 'melissa53@example.org', '1978-06-29', 2.0, 'DRIVER', 79),
('fbaker', '$2b$12$SdVREf3bHDF4ndNFbXIJZO/9EJkL.F38Toy/JMaOF6P996l4UBQ4u', 'Kevin', 'Richardson', 'colemandaniel@example.org', '1994-12-25', NULL, 'CLIENT', 10),
('matthewbaker', '$2b$12$sjwwGvmf83f.OGXdexssyeMuhxvyohOdNkl/MhlxE/13Ux24vKjHe', 'Christian', 'Lopez', 'david47@example.net', '1992-06-05', 1.4, 'ADMIN', 102),
('suarezjason', '$2b$12$x0D90t3j84uxkyiPdCnI1OEsVL1YBAziJvgd39E9XH1fBnrsloKjC', 'Leah', 'Clark', 'sbeck@example.org', '1980-03-27', NULL, 'CLIENT', 123),
('ymonroe', '$2b$12$gSrZeSbD3vFKdqot.twG/e5fWc2azu3y0vjks9necyFwCnAH6seyG', 'Marc', 'Ramirez', 'gerald78@example.net', '1953-11-24', NULL, 'ADMIN', 170),
('bennettcory', '$2b$12$X7jgy0gng0hC9x8fZgwF0ep9SGzNtsNGP8dOsi3aJziwr0xVUfJvq', 'Sheila', 'Fritz', 'ashleythompson@example.org', '1947-12-04', 1.5, 'ADMIN', 158),
('tara55', '$2b$12$WpX3aqAUOd/zyB.MTf66c.E2BFSVxCIPoxQ9jm8UEW6pF47rXZIPm', 'Brandon', 'Hughes', 'nashdestiny@example.net', '1977-03-20', 3.7, 'CLIENT', 95),
('vcarter', '$2b$12$hbC6iYP/z.SMOEjIiTAIbuyoDSpjzORJ0ANMCZIaI0il9JVf3gdQC', 'Rachel', 'Mcmahon', 'james60@example.net', '1970-08-19', 1.5, 'ADMIN', 160),
('lreid', '$2b$12$8z9e520lgt0vSoBkza8AN..ONH0UEFYarfe1fPNfZ10UgRL9tMG/.', 'Edgar', 'Sweeney', 'brownerica@example.org', '1969-09-28', NULL, 'ADMIN', 26),
('barbaralambert', '$2b$12$M/3VnJDQrusd9We.auD/qO3bdYoaZc0rjDhP8JpTbB/xqyxceFkby', 'Luke', 'Larsen', 'jeff61@example.com', '1978-12-25', 2.4, 'ADMIN', 196),
('loganlane', '$2b$12$gbBqNnNfv9oQpHupYZNaZOU9oPlMs1ByBabIcmu78tUsezlwXS432', 'David', 'Key', 'rwells@example.net', '1988-12-27', NULL, 'CLIENT', 100),
('oferguson', '$2b$12$WmxtAd2Morm.mQ6/TKvupeKt/UGmGBuW65OQ.vzOzCFwJ.DRkEhFm', 'Lisa', 'Walker', 'jamesvang@example.net', '1958-10-28', 1.0, 'CLIENT', 149),
('jason94', '$2b$12$vPfVhWCbQwnnYlws.TYRce84.G9wQVO70/hdTbS3Y9q.TY2UkR0B6', 'Amy', 'Smith', 'burkechristina@example.org', '1945-05-29', 3.2, 'ADMIN', 105),
('ujackson', '$2b$12$.ohLC853RCm4Yn87N.YxP.yHmSSXDa.nzAd0y/Fi9dsepI8G.vJ06', 'Matthew', 'Ewing', 'lsanchez@example.com', '1995-10-01', 3.1, 'CLIENT', 33),
('ghunt', '$2b$12$kHDdG2UwrohSYVZcs3XGMeUwmXGfA6tHTUWwGpikz/XkbTJOH6v6y', 'Mary', 'Wagner', 'juliejackson@example.net', '1981-02-25', 4.3, 'DRIVER', 102),
('barberlinda', '$2b$12$S9Bj7wBb.eXMNAsC88ZGfOuqNzctPWROLLFGUpwWBqwCuOzghkSoe', 'Michael', 'Alexander', 'stacey26@example.net', '1955-11-21', 1.9, 'DRIVER', 9),
('valerie16', '$2b$12$gsCA0zQ6nTvFtPahp/69PO2TNDOdcHsZ5AkmuvaIZynEon5A8Zu3.', 'Kelsey', 'Ruiz', 'william90@example.org', '1955-10-12', 3.3, 'DRIVER', 185),
('matthewyork', '$2b$12$wNOejJL6gzP4E0QmYqMc4.FEa6MdEAZ44FVrHsOjjRNwBjus83aOi', 'Luis', 'Green', 'cynthia63@example.net', '1979-05-19', 3.1, 'DRIVER', 92),
('eugenerodriguez', '$2b$12$iO2UWvFzjL7MMN6HEcY9DOxZR6Gy80Z3WThl8e94sp5sqiX9CGdWi', 'Jocelyn', 'Faulkner', 'schmidtheather@example.org', '1970-12-14', NULL, 'CLIENT', 89),
('ptate', '$2b$12$B/cXwqM25Od81tgsYXQStOSAj2WsSHsMZ4AlgblyNc2xpxDt4zYvi', 'Michelle', 'Wilson', 'kfrey@example.net', '1977-09-01', 2.0, 'CLIENT', 120),
('goodwinadriana', '$2b$12$9X6NmCZLSHx7QBNr7D2mGuHzsBEroZ0axmcD9ACZT0UUkNbgVrska', 'Brendan', 'Gonzalez', 'zacharywilkerson@example.org', '1994-01-18', 3.0, 'CLIENT', 78),
('emily24', '$2b$12$.aH1IeAo3axs/LkcgB/9neKqBBZDZm0UIfOTqXwKCva.qSt7HzzLW', 'Christine', 'Watson', 'lhorton@example.org', '1961-05-22', 3.6, 'ADMIN', 131),
('derekcarr', '$2b$12$JqJ4M/DFfsMvS5FpqYBgaeyu8gzsJBLJCFM0I8KE2hxERzv56a/jm', 'Sarah', 'Johnson', 'njohnson@example.net', '1981-07-18', 3.2, 'CLIENT', 100),
('joshuariggs', '$2b$12$u/U2MOiFQnGm1e6RNTksP.5w4WiiGoBZ/hcs5p9eDEROgg2WWPg06', 'Andrew', 'Thompson', 'william66@example.com', '1950-07-11', 1.3, 'CLIENT', 152),
('leecrystal', '$2b$12$ut7Rk4lXYHBcFpG622JHHudsSGQRY5f91ai85IQCt9aQM0RrPCBp2', 'Patricia', 'Chambers', 'laracrystal@example.net', '1979-06-07', NULL, 'CLIENT', 46),
('christine06', '$2b$12$Cl0r1o0jV6Rp0ROYS2iQluQjqYNQQi85RbhihYb.vNryS5iILkcjy', 'Maria', 'Arroyo', 'vargasheather@example.com', '2004-05-06', NULL, 'CLIENT', 142),
('gary46', '$2b$12$xwtA02jaN4MZJez.jOHvB.B95ka4mguYUSGYKOmdCmu17L6haRHGC', 'Erin', 'Waters', 'benjamin62@example.org', '1991-01-11', NULL, 'ADMIN', 159),
('richardperkins', '$2b$12$cEMl1mui6coKSjdIhn26oOZYLnzypfs4haqlBjHWIMinCX7T29y..', 'Timothy', 'Miller', 'dclark@example.com', '1945-06-08', 3.8, 'ADMIN', 92),
('richarddavid', '$2b$12$2bhU8q9qlRQDJ0ylxIU/JOMht5/sknWEayioAClaOMhDfzwOtmQga', 'Sarah', 'Patel', 'krystal80@example.org', '1991-08-12', 4.6, 'CLIENT', 80),
('robinsonmaria', '$2b$12$K/CkmzfHNjQSxnbDEcBcXOm6hbSdummdGDFtU394VcPd5eTG/affO', 'Suzanne', 'Yates', 'sbell@example.org', '1987-10-19', 1.7, 'DRIVER', 115),
('christopher77', '$2b$12$WqQf0SuFIVfUooRuwMF6UOvCqxGy/g3JPnOJTz4F4q2bkUSUY4e6C', 'Andrew', 'Stark', 'tracywebster@example.net', '1968-04-06', 4.8, 'ADMIN', 164),
('jesuslivingston', '$2b$12$lBAgy4PyHeojCI1vCENfn.g5.eZ/RINWPNNplXaEPXjSeOXe3ZA5O', 'Lori', 'Fuller', 'william68@example.net', '2003-03-24', 2.3, 'ADMIN', 191),
('admin', '$2b$12$MostfNR5DwkEBn025Aohu.kmpOicVg/XbJnzWT01lZZ4fwo2QGLE2', 'Test', 'Admin', 'test@admin.com', '1983-05-07', NULL, 'ADMIN', 180),
('admin_user', '$2b$12$t8vjKYE5G6Fjc4ow6nT79eED5rQctTNVTHJozjq4O.ZkGzgBjxFeG', 'Test', 'Driver', 'test@driver.com', '1990-02-10', NULL, 'DRIVER', 2),
('admin_client', '$2b$12$1mnPWMNQo/Wkv631jrM4WupESbA54UtQX8LRNfzn0rC7DROOMb9qG', 'Test', 'Client', 'test@client.com', '1995-11-11', NULL, 'CLIENT', 89);

INSERT INTO driver_infos (id, driving_experience, range, driving_license, user_id) VALUES
(1, 34, 586, '7W CF816', 2),
(2, 32, 982, '5-4915X', 3),
(3, 1, 549, 'MAA-6083', 6),
(4, 36, 567, '254-XUK', 11),
(5, 34, 110, 'O23 9WW', 13),
(6, 5, 420, 'E66-XJR', 15),
(7, 9, 183, '212 EDW', 18),
(8, 12, 469, 'DKL 062', 25),
(9, 27, 885, '46-LA52', 31),
(10, 16, 115, 'NNE-5526', 33),
(11, 1, 359, 'UFC8855', 34),
(12, 4, 443, '341VJI', 36),
(13, 3, 422, '2-31888', 38),
(14, 15, 383, '547 CF8', 41),
(15, 33, 476, '202-NGX', 42),
(16, 38, 847, 'XYJ 343', 43),
(17, 26, 976, '9-72389O', 47),
(18, 5, 702, 'SJ0 P5B', 49),
(19, 20, 610, '03A 5581', 63),
(20, 14, 798, '4FE1938', 64),
(21, 5, 809, '64K S39', 65),
(22, 8, 883, '026 OAB', 66),
(23, 20, 433, 'ID-2275', 78),
(24, 6, 481, '106 1ZJ', 82);

INSERT INTO vehicles (id, model, make, year, color, price_per_km, is_active, can_carry_furniture, driver_id, vehicle_type_id) VALUES
(1, 'Now', 'Ryan Inc', 1986, 'White', 13, true, false, 1, 4),
(2, 'Free', 'Silva, Roberts and Daniels', 1978, 'PaleTurquoise', 39, false, false, 1, 3),
(3, 'Prove', 'Curtis, Russell and Morgan', 1974, 'DarkGray', 12, false, true, 2, 2),
(4, 'Wife', 'Delacruz, Jackson and Jones', 2024, 'PowderBlue', 14, false, true, 3, 1),
(5, 'Want', 'Murphy Group', 1992, 'Ivory', 30, false, true, 3, 2),
(6, 'Line', 'Johnson-Thomas', 1978, 'SteelBlue', 5, true, false, 4, 6),
(7, 'Include', 'Brooks, Thompson and Johnson', 1970, 'Beige', 20, true, false, 4, 5),
(8, 'Whether', 'Mercado-Santiago', 1980, 'MediumVioletRed', 29, true, false, 4, 4),
(9, 'Focus', 'Carlson Inc', 1992, 'Aqua', 18, true, false, 5, 5),
(10, 'Other', 'Jones, Jackson and Brown', 1989, 'SkyBlue', 17, false, false, 5, 1),
(11, 'Long', 'Huerta and Sons', 2024, 'PaleGreen', 25, false, false, 5, 6),
(12, 'Behind', 'Cruz-Rodriguez', 2023, 'MediumPurple', 27, true, false, 6, 4),
(13, 'Commercial', 'Wade-Tapia', 1981, 'DarkMagenta', 13, false, true, 6, 3),
(14, 'Sense', 'Williamson-Smith', 2003, 'LavenderBlush', 9, false, false, 6, 2),
(15, 'Then', 'Ray-Lyons', 2017, 'SandyBrown', 16, false, true, 7, 1),
(16, 'Turn', 'Simon-Osborn', 1995, 'FloralWhite', 12, false, true, 7, 3),
(17, 'Number', 'Wilson, Molina and Jackson', 1976, 'SandyBrown', 10, false, false, 7, 3),
(18, 'Tough', 'Campbell-Day', 1980, 'LightGoldenRodYellow', 18, true, true, 8, 3),
(19, 'Structure', 'Crawford Inc', 1998, 'Plum', 34, false, true, 8, 5),
(20, 'Score', 'Zavala Ltd', 1993, 'CadetBlue', 7, false, true, 9, 1),
(21, 'Interview', 'Smith Inc', 1990, 'BurlyWood', 16, false, false, 9, 4),
(22, 'Learn', 'Thompson LLC', 1984, 'LightSteelBlue', 24, true, false, 9, 5),
(23, 'Short', 'Ritter-Arnold', 2023, 'LightYellow', 21, false, false, 10, 1),
(24, 'Matter', 'Wells-Brown', 1971, 'DarkOrchid', 36, false, false, 10, 2),
(25, 'School', 'Khan Ltd', 1987, 'Brown', 32, false, true, 10, 4),
(26, 'Way', 'Brown Ltd', 1976, 'LightSlateGray', 41, false, true, 11, 5),
(27, 'Myself', 'Cortez and Sons', 1984, 'DarkBlue', 8, false, true, 12, 3),
(28, 'Piece', 'Daniel Ltd', 1987, 'DarkGray', 5, false, true, 13, 3),
(29, 'Join', 'Taylor-Clark', 2011, 'GoldenRod', 27, false, false, 13, 6),
(30, 'Agree', 'Kaiser-Bridges', 2015, 'MediumBlue', 46, false, false, 13, 1),
(31, 'Consumer', 'Melendez Ltd', 1975, 'Bisque', 26, true, false, 14, 1),
(32, 'Heart', 'Rodriguez Group', 2014, 'Crimson', 24, false, false, 14, 3),
(33, 'Stay', 'West, Allen and Benson', 1972, 'Yellow', 14, false, true, 15, 5),
(34, 'Produce', 'Soto, Myers and Acosta', 1977, 'Beige', 40, false, false, 16, 5),
(35, 'Walk', 'Joyce Ltd', 1982, 'LightSalmon', 14, false, true, 16, 2),
(36, 'Rock', 'Smith-Rodriguez', 2006, 'Thistle', 26, true, false, 16, 4),
(37, 'Thank', 'Shaffer-Simon', 1975, 'Tan', 43, true, true, 17, 4),
(38, 'Law', 'Woods-Compton', 1972, 'AliceBlue', 32, true, false, 17, 4),
(39, 'Would', 'Jenkins Inc', 1984, 'GhostWhite', 33, true, true, 18, 4),
(40, 'Job', 'Everett-Ward', 1996, 'DimGray', 26, false, false, 19, 4),
(41, 'Write', 'Williams-Duarte', 1985, 'Pink', 20, false, true, 19, 1),
(42, 'Fine', 'Parrish-Kelly', 2023, 'Aqua', 9, true, true, 19, 1),
(43, 'Country', 'Murphy PLC', 1987, 'BurlyWood', 29, false, true, 20, 5),
(44, 'Its', 'Simmons-Murray', 2024, 'MediumSlateBlue', 9, false, true, 20, 6),
(45, 'Close', 'Gonzales-Torres', 2014, 'LawnGreen', 48, false, false, 20, 4),
(46, 'Score', 'Hudson Group', 2017, 'LightCyan', 44, false, true, 21, 3),
(47, 'Different', 'Foster, Rios and Perez', 1977, 'SlateBlue', 15, true, false, 21, 2),
(48, 'Attention', 'Jackson-Nguyen', 1980, 'Orange', 11, true, false, 21, 5),
(49, 'Energy', 'Flores and Sons', 2019, 'Khaki', 23, true, true, 22, 4),
(50, 'Wait', 'Campbell Inc', 1971, 'SlateBlue', 13, true, true, 23, 5),
(51, 'Approach', 'Williams and Sons', 2020, 'MidnightBlue', 45, true, true, 23, 6),
(52, 'Race', 'Herrera Inc', 1981, 'DarkRed', 50, false, false, 23, 2),
(53, 'Task', 'Valdez-Nichols', 2010, 'Thistle', 36, false, true, 24, 1);

INSERT INTO move_requests (id, move_date, max_budget, client_id, from_address_id, to_address_id, status) VALUES
(1, '2026-01-14 13:12:50', 2348, 5, 63, 67, 'CREATED'),
(2, '2026-02-05 22:48:21', 2169, 5, 72, 126, 'CREATED'),
(3, '2026-01-19 15:47:58', 1449, 5, 89, 102, 'OFFER_SENT'),
(4, '2026-01-27 01:47:16', 453, 5, 5, 166, 'OFFER_SENT'),
(5, '2026-01-12 03:18:53', 3809, 7, 186, 146, 'CREATED'),
(6, '2026-01-08 01:13:13', 4678, 24, 58, 164, 'OFFER_SENT'),
(7, '2026-01-04 10:58:22', 2022, 24, 77, 76, 'OFFER_AVAILABLE'),
(8, '2026-02-05 10:00:20', 4919, 24, 183, 157, 'PENDING'),
(9, '2026-02-07 06:43:13', 4405, 24, 165, 181, 'OFFER_SENT'),
(10, '2026-02-18 15:29:55', 1870, 24, 153, 32, 'CREATED'),
(11, '2026-01-21 22:11:55', 2280, 27, 6, 163, 'PENDING'),
(12, '2026-02-25 10:23:01', 1257, 27, 194, 53, 'CREATED'),
(13, '2026-01-03 01:28:20', 2637, 27, 35, 113, 'OFFER_SENT'),
(14, '2026-01-23 19:23:08', 642, 30, 70, 173, 'OFFER_SENT'),
(15, '2026-02-15 18:58:26', 4562, 30, 196, 45, 'OFFER_SENT'),
(16, '2026-02-24 02:14:37', 1930, 30, 163, 92, 'PENDING'),
(17, '2026-01-18 09:40:15', 4185, 30, 29, 4, 'PENDING'),
(18, '2026-01-07 06:06:01', 2017, 30, 131, 163, 'CREATED'),
(19, '2026-01-02 07:58:35', 4152, 35, 189, 140, 'OFFER_AVAILABLE'),
(20, '2026-02-04 11:10:03', 4569, 35, 21, 17, 'OFFER_AVAILABLE'),
(21, '2026-02-17 06:02:03', 3748, 35, 170, 73, 'OFFER_SENT'),
(22, '2026-01-11 23:24:27', 2795, 35, 110, 71, 'OFFER_SENT'),
(23, '2026-02-12 08:40:37', 276, 40, 102, 40, 'OFFER_AVAILABLE'),
(24, '2026-02-16 22:54:11', 210, 40, 27, 186, 'OFFER_SENT'),
(25, '2026-02-08 14:06:45', 3421, 40, 12, 84, 'OFFER_AVAILABLE'),
(26, '2026-02-26 09:47:22', 851, 40, 52, 18, 'CREATED'),
(27, '2026-02-10 13:13:17', 2908, 40, 40, 135, 'PENDING'),
(28, '2026-02-20 09:46:34', 1913, 44, 104, 118, 'OFFER_SENT'),
(29, '2026-01-30 13:46:09', 2576, 48, 144, 113, 'PENDING'),
(30, '2026-02-22 18:40:42', 2374, 48, 16, 64, 'OFFER_AVAILABLE'),
(31, '2026-01-19 02:34:57', 3113, 48, 58, 51, 'OFFER_AVAILABLE'),
(32, '2026-01-15 00:42:02', 4753, 50, 62, 191, 'OFFER_AVAILABLE'),
(33, '2026-01-15 00:51:04', 2957, 50, 2, 63, 'CREATED'),
(34, '2026-02-02 09:34:39', 1333, 50, 168, 160, 'PENDING'),
(35, '2026-01-22 21:17:50', 831, 50, 118, 105, 'OFFER_AVAILABLE'),
(36, '2026-01-02 17:38:13', 124, 50, 12, 2, 'OFFER_SENT'),
(37, '2026-02-12 04:23:15', 3574, 52, 177, 67, 'CREATED'),
(38, '2026-01-26 07:09:45', 1445, 52, 139, 48, 'CREATED'),
(39, '2026-01-29 20:47:40', 3449, 52, 107, 144, 'CREATED'),
(40, '2026-02-24 01:18:36', 1085, 55, 117, 154, 'OFFER_AVAILABLE'),
(41, '2026-02-22 03:45:04', 477, 59, 28, 159, 'PENDING'),
(42, '2026-01-25 22:21:19', 4453, 59, 159, 87, 'OFFER_SENT'),
(43, '2026-01-28 08:28:35', 2673, 59, 17, 21, 'OFFER_SENT'),
(44, '2026-02-07 12:57:33', 2403, 60, 177, 60, 'PENDING'),
(45, '2026-01-23 09:30:49', 1705, 60, 91, 41, 'OFFER_SENT'),
(46, '2026-01-06 22:51:50', 3339, 62, 152, 135, 'OFFER_SENT'),
(47, '2026-02-08 09:48:09', 2478, 62, 47, 58, 'PENDING'),
(48, '2026-01-19 01:57:43', 3769, 62, 100, 27, 'CREATED'),
(49, '2026-01-06 22:53:34', 4879, 62, 196, 101, 'PENDING'),
(50, '2026-01-05 02:21:13', 1054, 62, 138, 187, 'CREATED'),
(51, '2026-01-26 14:06:44', 840, 67, 58, 154, 'OFFER_SENT'),
(52, '2026-02-14 09:59:40', 4521, 67, 197, 70, 'PENDING'),
(53, '2026-02-09 14:47:43', 1752, 67, 120, 48, 'OFFER_SENT'),
(54, '2026-01-23 08:22:54', 4014, 67, 18, 97, 'OFFER_AVAILABLE'),
(55, '2026-02-16 19:36:17', 3179, 68, 12, 123, 'CREATED'),
(56, '2026-01-14 20:31:42', 3407, 69, 113, 7, 'OFFER_AVAILABLE'),
(57, '2026-02-02 22:03:58', 4464, 69, 66, 120, 'OFFER_AVAILABLE'),
(58, '2026-02-12 06:12:04', 4901, 71, 200, 35, 'OFFER_AVAILABLE'),
(59, '2026-02-16 00:07:23', 3443, 71, 70, 163, 'OFFER_SENT'),
(60, '2026-01-13 18:54:18', 2315, 71, 90, 97, 'PENDING'),
(61, '2026-02-11 02:44:47', 1070, 72, 171, 49, 'OFFER_SENT'),
(62, '2026-02-08 11:58:37', 552, 72, 199, 159, 'PENDING'),
(63, '2026-02-18 06:17:17', 801, 72, 43, 66, 'OFFER_AVAILABLE'),
(64, '2026-02-04 05:58:44', 1060, 72, 66, 106, 'OFFER_AVAILABLE'),
(65, '2026-01-26 13:15:20', 2132, 73, 123, 72, 'PENDING'),
(66, '2026-01-16 05:20:52', 2698, 73, 133, 134, 'OFFER_AVAILABLE'),
(67, '2026-02-14 02:39:12', 1931, 74, 12, 127, 'PENDING'),
(68, '2026-01-25 12:30:57', 2928, 77, 1, 107, 'CREATED'),
(69, '2026-02-25 08:47:10', 4451, 77, 172, 53, 'OFFER_SENT'),
(70, '2026-01-11 03:05:22', 1542, 77, 80, 43, 'OFFER_AVAILABLE'),
(71, '2026-02-25 21:41:18', 356, 77, 180, 120, 'PENDING'),
(72, '2026-01-26 11:58:08', 1994, 77, 135, 33, 'PENDING'),
(73, '2026-02-21 10:01:22', 976, 83, 99, 92, 'OFFER_SENT'),
(74, '2026-02-06 01:24:51', 1162, 83, 3, 110, 'OFFER_AVAILABLE'),
(75, '2026-01-03 08:26:25', 2634, 83, 166, 145, 'CREATED'),
(76, '2026-01-22 03:21:49', 940, 83, 86, 79, 'OFFER_SENT'),
(77, '2026-02-12 13:36:03', 4121, 83, 26, 197, 'OFFER_SENT');

INSERT INTO luggage_entries (id, quantity, move_request_id, luggage_type_id) VALUES
(1, 1, 1, 5),
(2, 11, 1, 3),
(3, 5, 1, 2),
(4, 19, 1, 5),
(5, 5, 1, 1),
(6, 3, 2, 3),
(7, 18, 3, 5),
(8, 2, 3, 4),
(9, 1, 3, 2),
(10, 7, 3, 3),
(11, 20, 3, 1),
(12, 14, 4, 3),
(13, 6, 4, 4),
(14, 11, 4, 4),
(15, 5, 4, 1),
(16, 14, 5, 2),
(17, 17, 5, 2),
(18, 14, 5, 1),
(19, 4, 6, 1),
(20, 8, 6, 2),
(21, 4, 6, 2),
(22, 14, 6, 4),
(23, 6, 6, 1),
(24, 20, 6, 3),
(25, 5, 6, 2),
(26, 10, 7, 5),
(27, 16, 7, 5),
(28, 3, 7, 5),
(29, 11, 7, 4),
(30, 7, 7, 4),
(31, 4, 8, 3),
(32, 17, 8, 2),
(33, 16, 8, 2),
(34, 5, 8, 4),
(35, 20, 8, 2),
(36, 12, 8, 4),
(37, 8, 8, 2),
(38, 13, 9, 1),
(39, 18, 9, 5),
(40, 15, 9, 1),
(41, 15, 9, 2),
(42, 4, 9, 2),
(43, 5, 9, 2),
(44, 11, 10, 2),
(45, 15, 10, 2),
(46, 14, 10, 4),
(47, 17, 10, 2),
(48, 12, 10, 1),
(49, 7, 10, 3),
(50, 5, 10, 5),
(51, 3, 10, 5),
(52, 13, 10, 2),
(53, 19, 10, 3),
(54, 13, 11, 2),
(55, 15, 11, 5),
(56, 6, 11, 4),
(57, 2, 11, 1),
(58, 1, 11, 1),
(59, 9, 11, 3),
(60, 1, 11, 1),
(61, 1, 12, 3),
(62, 17, 12, 3),
(63, 9, 12, 3),
(64, 19, 12, 2),
(65, 20, 12, 2),
(66, 5, 12, 4),
(67, 17, 12, 3),
(68, 10, 12, 3),
(69, 2, 12, 1),
(70, 11, 12, 3),
(71, 19, 13, 1),
(72, 10, 13, 2),
(73, 7, 14, 1),
(74, 1, 14, 5),
(75, 12, 14, 1),
(76, 11, 14, 4),
(77, 10, 14, 1),
(78, 13, 15, 5),
(79, 10, 16, 1),
(80, 6, 16, 5),
(81, 7, 16, 5),
(82, 1, 17, 5),
(83, 19, 17, 1),
(84, 16, 17, 3),
(85, 18, 17, 5),
(86, 9, 17, 4),
(87, 1, 17, 5),
(88, 11, 17, 1),
(89, 19, 17, 1),
(90, 20, 18, 5),
(91, 14, 18, 2),
(92, 6, 18, 4),
(93, 6, 18, 5),
(94, 3, 18, 2),
(95, 2, 18, 3),
(96, 7, 18, 2),
(97, 9, 19, 4),
(98, 6, 19, 1),
(99, 2, 19, 2),
(100, 11, 20, 4),
(101, 12, 20, 1),
(102, 20, 21, 3),
(103, 12, 21, 3),
(104, 17, 21, 4),
(105, 1, 21, 4),
(106, 5, 21, 5),
(107, 1, 21, 3),
(108, 15, 22, 2),
(109, 11, 22, 1),
(110, 3, 22, 1),
(111, 19, 22, 3),
(112, 18, 22, 1),
(113, 13, 22, 3),
(114, 4, 22, 4),
(115, 18, 23, 4),
(116, 17, 23, 3),
(117, 20, 24, 4),
(118, 8, 24, 1),
(119, 6, 24, 5),
(120, 12, 24, 4),
(121, 16, 24, 2),
(122, 2, 24, 5),
(123, 8, 24, 4),
(124, 18, 24, 5),
(125, 17, 24, 5),
(126, 20, 25, 4),
(127, 20, 25, 5),
(128, 2, 25, 5),
(129, 7, 25, 4),
(130, 18, 25, 2),
(131, 6, 26, 5),
(132, 3, 26, 2),
(133, 10, 27, 2),
(134, 1, 27, 5),
(135, 3, 27, 4),
(136, 13, 27, 2),
(137, 19, 27, 5),
(138, 18, 27, 5),
(139, 5, 27, 2),
(140, 1, 27, 3),
(141, 6, 27, 2),
(142, 8, 27, 4),
(143, 4, 28, 4),
(144, 1, 28, 5),
(145, 10, 28, 4),
(146, 15, 28, 4),
(147, 14, 29, 2),
(148, 7, 29, 3),
(149, 12, 29, 5),
(150, 2, 29, 3),
(151, 4, 29, 2),
(152, 17, 29, 5),
(153, 13, 30, 4),
(154, 17, 30, 2),
(155, 7, 30, 5),
(156, 17, 30, 2),
(157, 9, 30, 3),
(158, 11, 30, 3),
(159, 10, 30, 5),
(160, 18, 30, 4),
(161, 14, 30, 3),
(162, 19, 31, 3),
(163, 7, 32, 5),
(164, 13, 32, 3),
(165, 4, 32, 4),
(166, 17, 32, 1),
(167, 3, 32, 1),
(168, 15, 32, 2),
(169, 14, 32, 2),
(170, 7, 32, 4),
(171, 2, 32, 5),
(172, 1, 32, 4),
(173, 2, 33, 5),
(174, 18, 33, 2),
(175, 3, 33, 5),
(176, 8, 33, 2),
(177, 14, 33, 2),
(178, 14, 33, 3),
(179, 20, 34, 3),
(180, 8, 34, 2),
(181, 2, 34, 5),
(182, 15, 34, 5),
(183, 1, 35, 4),
(184, 5, 35, 3),
(185, 12, 35, 3),
(186, 7, 35, 4),
(187, 2, 35, 1),
(188, 2, 35, 3),
(189, 3, 35, 5),
(190, 8, 35, 3),
(191, 3, 36, 3),
(192, 18, 36, 5),
(193, 17, 37, 5),
(194, 10, 37, 4),
(195, 18, 38, 1),
(196, 4, 38, 2),
(197, 10, 38, 2),
(198, 2, 38, 4),
(199, 10, 38, 3),
(200, 14, 38, 2),
(201, 17, 39, 3),
(202, 12, 39, 5),
(203, 4, 40, 3),
(204, 1, 40, 3),
(205, 12, 40, 1),
(206, 18, 40, 3),
(207, 7, 40, 2),
(208, 7, 40, 1),
(209, 14, 40, 4),
(210, 19, 40, 5),
(211, 20, 41, 1),
(212, 2, 41, 2),
(213, 16, 41, 1),
(214, 4, 41, 3),
(215, 9, 41, 2),
(216, 4, 41, 2),
(217, 3, 42, 1),
(218, 10, 42, 4),
(219, 4, 42, 5),
(220, 1, 42, 2),
(221, 13, 42, 5),
(222, 7, 42, 2),
(223, 6, 42, 2),
(224, 8, 42, 4),
(225, 15, 43, 3),
(226, 10, 43, 2),
(227, 10, 43, 2),
(228, 16, 43, 3),
(229, 3, 44, 5),
(230, 19, 44, 4),
(231, 2, 44, 1),
(232, 2, 44, 2),
(233, 15, 44, 2),
(234, 15, 44, 1),
(235, 5, 45, 5),
(236, 14, 45, 1),
(237, 13, 46, 2),
(238, 20, 46, 4),
(239, 13, 47, 1),
(240, 6, 47, 3),
(241, 11, 47, 4),
(242, 9, 47, 2),
(243, 2, 48, 3),
(244, 13, 48, 4),
(245, 1, 48, 1),
(246, 17, 48, 1),
(247, 16, 48, 2),
(248, 10, 49, 5),
(249, 16, 49, 1),
(250, 7, 49, 4),
(251, 3, 49, 1),
(252, 14, 49, 2),
(253, 2, 49, 4),
(254, 2, 49, 4),
(255, 19, 49, 1),
(256, 7, 49, 2),
(257, 7, 49, 5),
(258, 2, 50, 2),
(259, 12, 50, 4),
(260, 18, 50, 5),
(261, 8, 51, 5),
(262, 11, 51, 2),
(263, 12, 51, 2),
(264, 3, 51, 4),
(265, 6, 51, 5),
(266, 3, 51, 4),
(267, 4, 51, 3),
(268, 18, 52, 1),
(269, 20, 52, 3),
(270, 11, 52, 2),
(271, 12, 52, 4),
(272, 15, 52, 2),
(273, 14, 52, 1),
(274, 13, 53, 1),
(275, 11, 54, 5),
(276, 12, 54, 3),
(277, 13, 54, 3),
(278, 7, 54, 3),
(279, 10, 54, 4),
(280, 16, 54, 2),
(281, 15, 54, 1),
(282, 1, 55, 1),
(283, 6, 55, 2),
(284, 19, 55, 4),
(285, 18, 55, 3),
(286, 18, 56, 1),
(287, 2, 56, 3),
(288, 16, 56, 2),
(289, 9, 56, 2),
(290, 20, 56, 3),
(291, 12, 56, 5),
(292, 18, 56, 3),
(293, 5, 57, 5),
(294, 5, 57, 5),
(295, 10, 57, 1),
(296, 12, 58, 4),
(297, 15, 59, 2),
(298, 6, 59, 4),
(299, 3, 59, 2),
(300, 20, 59, 3),
(301, 3, 59, 2),
(302, 9, 59, 4),
(303, 3, 59, 1),
(304, 9, 60, 2),
(305, 7, 60, 2),
(306, 2, 60, 5),
(307, 2, 61, 2),
(308, 12, 61, 2),
(309, 18, 61, 4),
(310, 8, 61, 2),
(311, 9, 61, 3),
(312, 20, 61, 4),
(313, 12, 61, 3),
(314, 12, 61, 3),
(315, 17, 62, 2),
(316, 17, 62, 3),
(317, 10, 62, 2),
(318, 5, 62, 5),
(319, 18, 62, 1),
(320, 2, 62, 2),
(321, 6, 62, 2),
(322, 20, 62, 5),
(323, 18, 62, 3),
(324, 3, 62, 2),
(325, 17, 63, 3),
(326, 18, 63, 2),
(327, 19, 63, 5),
(328, 7, 63, 4),
(329, 11, 63, 4),
(330, 11, 63, 2),
(331, 10, 63, 1),
(332, 3, 63, 4),
(333, 17, 63, 5),
(334, 9, 64, 3),
(335, 20, 64, 2),
(336, 3, 64, 5),
(337, 4, 64, 2),
(338, 11, 64, 1),
(339, 11, 64, 3),
(340, 8, 64, 2),
(341, 16, 64, 3),
(342, 3, 64, 1),
(343, 1, 64, 2),
(344, 7, 65, 1),
(345, 10, 65, 4),
(346, 12, 65, 2),
(347, 3, 65, 3),
(348, 16, 65, 3),
(349, 4, 65, 5),
(350, 15, 66, 3),
(351, 20, 66, 2),
(352, 13, 66, 3),
(353, 20, 67, 5),
(354, 18, 67, 2),
(355, 20, 67, 2),
(356, 12, 68, 1),
(357, 12, 68, 4),
(358, 18, 68, 5),
(359, 20, 68, 4),
(360, 14, 68, 5),
(361, 15, 68, 5),
(362, 19, 68, 4),
(363, 9, 69, 1),
(364, 14, 69, 1),
(365, 3, 69, 5),
(366, 2, 69, 3),
(367, 12, 69, 1),
(368, 14, 70, 5),
(369, 11, 70, 4),
(370, 9, 70, 4),
(371, 14, 70, 1),
(372, 4, 70, 2),
(373, 18, 70, 2),
(374, 20, 71, 1),
(375, 20, 71, 3),
(376, 5, 71, 2),
(377, 18, 71, 3),
(378, 13, 71, 5),
(379, 14, 72, 5),
(380, 13, 72, 4),
(381, 19, 72, 2),
(382, 1, 72, 4),
(383, 5, 72, 4),
(384, 11, 72, 1),
(385, 1, 72, 3),
(386, 8, 72, 1),
(387, 11, 72, 5),
(388, 7, 73, 2),
(389, 12, 73, 1),
(390, 19, 73, 3),
(391, 17, 74, 2),
(392, 5, 74, 1),
(393, 8, 74, 2),
(394, 6, 74, 4),
(395, 16, 74, 1),
(396, 12, 75, 1),
(397, 19, 75, 3),
(398, 8, 75, 1),
(399, 11, 75, 2),
(400, 2, 76, 2),
(401, 7, 76, 1),
(402, 8, 76, 3),
(403, 6, 76, 2),
(404, 17, 76, 4),
(405, 16, 76, 1),
(406, 2, 76, 3),
(407, 4, 76, 1),
(408, 20, 76, 3),
(409, 4, 76, 4),
(410, 14, 77, 4),
(411, 16, 77, 3),
(412, 13, 77, 4),
(413, 9, 77, 3),
(414, 8, 77, 3);

INSERT INTO move_offers (id, price, offered_date, move_request_id, driver_id, vehicle_id, status) VALUES
(1, 739, '2026-02-12 15:51:24', 1, 42, 9, 'CREATED'),
(2, 2080, '2026-02-04 19:34:58', 1, 3, 5, 'OFFER_SENT'),
(3, 1384, '2026-02-05 03:13:53', 1, 34, 18, 'OFFER_SENT'),
(4, 50, '2026-01-21 11:07:11', 2, 6, 13, 'OFFER_AVAILABLE'),
(5, 346, '2026-02-12 16:21:13', 2, 41, 21, 'CREATED'),
(6, 686, '2026-02-22 22:34:43', 2, 42, 53, 'PENDING'),
(7, 920, '2026-02-04 18:16:34', 3, 49, 31, 'PENDING'),
(8, 1288, '2026-01-13 19:12:50', 3, 25, 17, 'OFFER_SENT'),
(9, 143, '2026-01-26 22:49:42', 3, 25, 7, 'CREATED'),
(10, 117, '2026-02-04 10:58:39', 4, 33, 29, 'CREATED'),
(11, 2062, '2026-01-03 05:44:07', 5, 2, 3, 'CREATED'),
(12, 1263, '2026-01-24 18:37:42', 5, 38, 2, 'OFFER_SENT'),
(13, 4036, '2026-01-22 21:14:19', 6, 11, 26, 'PENDING'),
(14, 4665, '2026-02-12 03:04:24', 6, 2, 3, 'CREATED'),
(15, 1074, '2026-01-10 23:27:57', 7, 11, 26, 'PENDING'),
(16, 902, '2026-01-26 11:13:27', 7, 82, 6, 'PENDING'),
(17, 742, '2026-01-17 16:50:57', 7, 3, 4, 'CREATED'),
(18, 843, '2026-01-11 05:24:34', 8, 78, 52, 'CREATED'),
(19, 900, '2026-02-13 17:12:07', 9, 78, 43, 'CREATED'),
(20, 587, '2026-01-29 17:49:27', 9, 64, 41, 'CREATED'),
(21, 4215, '2026-01-08 16:07:25', 9, 36, 32, 'PENDING'),
(22, 1565, '2026-02-21 03:53:11', 9, 65, 14, 'OFFER_SENT'),
(23, 1861, '2026-02-15 12:20:35', 10, 41, 10, 'OFFER_AVAILABLE'),
(24, 580, '2026-02-26 01:37:39', 10, 65, 39, 'OFFER_SENT'),
(25, 919, '2026-01-15 10:34:45', 10, 42, 8, 'OFFER_SENT'),
(26, 1822, '2026-02-03 03:45:42', 10, 43, 53, 'OFFER_AVAILABLE'),
(27, 1972, '2026-02-07 09:15:03', 11, 63, 10, 'PENDING'),
(28, 215, '2026-02-18 22:45:32', 11, 34, 3, 'CREATED'),
(29, 1964, '2026-02-09 08:49:37', 11, 11, 26, 'CREATED'),
(30, 1351, '2026-01-23 14:48:07', 11, 43, 23, 'CREATED'),
(31, 862, '2026-02-15 04:10:00', 11, 66, 32, 'OFFER_SENT'),
(32, 300, '2026-01-03 14:30:13', 12, 13, 29, 'CREATED'),
(33, 1061, '2026-01-29 06:22:31', 12, 64, 49, 'PENDING'),
(34, 1042, '2026-01-20 19:00:16', 13, 65, 42, 'OFFER_AVAILABLE'),
(35, 1174, '2026-02-05 07:41:57', 13, 36, 15, 'OFFER_SENT'),
(36, 1845, '2026-02-14 02:58:33', 13, 65, 45, 'CREATED'),
(37, 2586, '2026-02-16 05:44:58', 13, 63, 2, 'PENDING'),
(38, 106, '2026-01-17 22:51:35', 14, 11, 26, 'CREATED'),
(39, 236, '2026-01-24 11:03:35', 14, 18, 39, 'PENDING'),
(40, 97, '2026-02-19 17:15:55', 14, 6, 13, 'CREATED'),
(41, 545, '2026-01-08 16:08:47', 14, 47, 19, 'CREATED'),
(42, 353, '2026-02-13 21:17:05', 14, 34, 45, 'PENDING'),
(43, 1641, '2026-02-07 19:25:02', 15, 6, 12, 'OFFER_AVAILABLE'),
(44, 2379, '2026-02-08 01:04:36', 15, 18, 39, 'OFFER_AVAILABLE'),
(45, 2841, '2026-01-23 04:04:57', 15, 38, 7, 'PENDING'),
(46, 3731, '2026-01-29 06:51:16', 15, 34, 25, 'CREATED'),
(47, 3784, '2026-02-13 04:41:30', 15, 63, 19, 'PENDING'),
(48, 900, '2026-01-10 23:07:09', 16, 65, 27, 'OFFER_SENT'),
(49, 1509, '2026-01-06 06:54:24', 16, 13, 30, 'OFFER_SENT'),
(50, 1181, '2026-01-08 12:39:20', 16, 38, 33, 'CREATED'),
(51, 1692, '2026-01-30 18:38:00', 16, 25, 1, 'PENDING'),
(52, 2887, '2026-02-03 09:24:19', 17, 64, 45, 'PENDING'),
(53, 449, '2026-01-23 12:55:58', 17, 31, 35, 'OFFER_AVAILABLE'),
(54, 2729, '2026-01-28 21:18:13', 17, 25, 47, 'PENDING'),
(55, 3243, '2026-01-08 22:30:41', 17, 41, 48, 'OFFER_AVAILABLE'),
(56, 2588, '2026-02-18 07:01:49', 17, 65, 2, 'CREATED'),
(57, 224, '2026-02-09 13:22:50', 18, 15, 33, 'PENDING'),
(58, 348, '2026-02-10 04:33:55', 18, 49, 15, 'OFFER_SENT'),
(59, 1326, '2026-02-20 02:28:49', 18, 15, 33, 'PENDING'),
(60, 981, '2026-01-03 21:31:06', 18, 65, 48, 'OFFER_AVAILABLE'),
(61, 3922, '2026-01-29 18:20:27', 19, 42, 37, 'PENDING'),
(62, 2490, '2026-01-27 15:58:54', 19, 82, 36, 'OFFER_AVAILABLE'),
(63, 3287, '2026-02-14 06:26:37', 19, 47, 37, 'OFFER_AVAILABLE'),
(64, 3212, '2026-01-28 15:46:44', 19, 82, 30, 'OFFER_AVAILABLE'),
(65, 4011, '2026-02-18 15:44:44', 20, 3, 5, 'OFFER_AVAILABLE'),
(66, 3852, '2026-01-27 22:21:11', 20, 43, 32, 'CREATED'),
(67, 2156, '2026-02-28 15:24:45', 21, 41, 26, 'CREATED'),
(68, 852, '2026-02-24 07:03:54', 21, 38, 24, 'OFFER_SENT'),
(69, 2903, '2026-02-20 20:26:12', 21, 2, 3, 'CREATED'),
(70, 2773, '2026-01-06 01:06:43', 21, 82, 53, 'PENDING'),
(71, 216, '2026-02-21 15:45:39', 21, 65, 31, 'CREATED'),
(72, 1763, '2026-02-24 05:40:19', 22, 3, 5, 'CREATED'),
(73, 2672, '2026-02-02 02:53:20', 22, 11, 26, 'OFFER_SENT'),
(74, 145, '2026-01-10 23:44:33', 23, 18, 39, 'OFFER_AVAILABLE'),
(75, 184, '2026-01-12 21:08:43', 23, 82, 36, 'CREATED'),
(76, 224, '2026-01-15 10:59:18', 23, 15, 33, 'OFFER_AVAILABLE'),
(77, 50, '2026-01-10 08:46:35', 24, 3, 5, 'PENDING'),
(78, 144, '2026-02-17 16:11:39', 24, 47, 31, 'CREATED'),
(79, 180, '2026-02-06 02:11:10', 24, 42, 52, 'OFFER_SENT'),
(80, 78, '2026-01-09 22:46:23', 24, 66, 45, 'CREATED'),
(81, 1529, '2026-02-22 21:21:19', 25, 11, 26, 'OFFER_SENT'),
(82, 270, '2026-01-22 12:17:42', 26, 64, 41, 'PENDING'),
(83, 235, '2026-02-22 05:18:13', 26, 6, 13, 'OFFER_SENT'),
(84, 432, '2026-01-27 21:14:39', 26, 41, 50, 'OFFER_AVAILABLE'),
(85, 383, '2026-02-12 07:53:03', 26, 47, 10, 'CREATED'),
(86, 70, '2026-01-27 00:32:19', 26, 65, 39, 'CREATED'),
(87, 304, '2026-01-07 17:29:22', 27, 13, 30, 'PENDING'),
(88, 790, '2026-01-10 19:33:27', 28, 34, 13, 'CREATED'),
(89, 726, '2026-02-16 02:31:35', 28, 3, 4, 'OFFER_SENT'),
(90, 2200, '2026-01-26 17:22:31', 29, 43, 47, 'OFFER_SENT'),
(91, 182, '2026-02-19 12:52:34', 29, 3, 4, 'PENDING'),
(92, 325, '2026-02-01 07:37:37', 30, 25, 43, 'OFFER_SENT'),
(93, 1606, '2026-02-11 08:32:35', 30, 18, 39, 'CREATED'),
(94, 1338, '2026-02-09 01:22:06', 31, 18, 39, 'CREATED'),
(95, 1871, '2026-02-28 09:51:33', 31, 38, 47, 'OFFER_AVAILABLE'),
(96, 77, '2026-01-02 12:25:42', 31, 41, 30, 'PENDING'),
(97, 1744, '2026-01-28 01:30:02', 31, 15, 33, 'CREATED'),
(98, 4522, '2026-01-20 17:11:28', 32, 43, 22, 'OFFER_AVAILABLE'),
(99, 2933, '2026-02-21 01:09:59', 32, 15, 33, 'OFFER_AVAILABLE'),
(100, 2549, '2026-02-15 23:40:33', 32, 64, 40, 'PENDING'),
(101, 4315, '2026-01-25 06:52:42', 32, 78, 42, 'PENDING'),
(102, 146, '2026-01-14 10:46:59', 33, 47, 41, 'PENDING'),
(103, 115, '2026-02-17 17:53:38', 34, 18, 39, 'PENDING'),
(104, 162, '2026-02-02 05:38:03', 34, 47, 9, 'OFFER_SENT'),
(105, 53, '2026-02-20 22:09:33', 34, 49, 17, 'PENDING'),
(106, 465, '2026-01-24 14:48:04', 35, 43, 12, 'OFFER_AVAILABLE'),
(107, 493, '2026-01-08 04:07:57', 35, 49, 29, 'OFFER_SENT'),
(108, 251, '2026-01-02 11:21:38', 35, 82, 24, 'PENDING'),
(109, 702, '2026-01-07 05:24:17', 35, 63, 17, 'CREATED'),
(110, 124, '2026-01-06 05:28:28', 36, 11, 26, 'OFFER_AVAILABLE'),
(111, 118, '2026-01-21 04:33:20', 36, 3, 5, 'OFFER_AVAILABLE'),
(112, 67, '2026-01-18 16:13:18', 36, 11, 26, 'OFFER_AVAILABLE'),
(113, 2440, '2026-01-08 15:10:17', 37, 63, 32, 'CREATED'),
(114, 134, '2026-02-01 09:03:43', 37, 25, 11, 'OFFER_AVAILABLE'),
(115, 1949, '2026-02-23 08:15:28', 37, 33, 43, 'OFFER_SENT'),
(116, 2852, '2026-01-02 03:05:17', 37, 34, 46, 'OFFER_AVAILABLE'),
(117, 1802, '2026-01-29 11:32:35', 37, 42, 3, 'OFFER_AVAILABLE'),
(118, 1045, '2026-01-25 19:25:26', 38, 3, 4, 'OFFER_SENT'),
(119, 278, '2026-02-23 15:19:50', 38, 36, 41, 'PENDING'),
(120, 2024, '2026-02-05 19:42:34', 39, 64, 4, 'PENDING'),
(121, 995, '2026-01-08 14:10:53', 39, 13, 30, 'PENDING'),
(122, 868, '2026-01-18 16:42:52', 40, 6, 12, 'PENDING'),
(123, 90, '2026-01-09 13:00:23', 40, 18, 39, 'CREATED'),
(124, 406, '2026-02-09 20:38:16', 40, 63, 26, 'OFFER_SENT'),
(125, 331, '2026-01-08 20:47:40', 40, 82, 42, 'CREATED'),
(126, 681, '2026-01-27 17:00:56', 40, 31, 11, 'PENDING'),
(127, 228, '2026-01-13 23:18:41', 41, 3, 5, 'PENDING'),
(128, 422, '2026-02-05 05:53:50', 41, 3, 5, 'OFFER_AVAILABLE'),
(129, 131, '2026-01-28 16:58:07', 41, 33, 2, 'PENDING'),
(130, 96, '2026-02-17 07:11:54', 42, 15, 33, 'PENDING'),
(131, 223, '2026-01-17 15:30:04', 42, 2, 3, 'CREATED'),
(132, 720, '2026-01-24 04:59:18', 42, 82, 27, 'PENDING'),
(133, 3347, '2026-01-07 03:09:05', 42, 18, 39, 'OFFER_AVAILABLE'),
(134, 2085, '2026-02-22 19:05:38', 43, 66, 4, 'CREATED'),
(135, 113, '2026-02-04 11:06:58', 43, 15, 33, 'CREATED'),
(136, 979, '2026-02-16 03:11:37', 43, 13, 30, 'OFFER_AVAILABLE'),
(137, 2413, '2026-02-27 09:15:03', 43, 41, 38, 'PENDING'),
(138, 536, '2026-01-03 05:39:39', 44, 34, 39, 'OFFER_SENT'),
(139, 361, '2026-02-08 20:34:53', 44, 34, 4, 'OFFER_AVAILABLE'),
(140, 2199, '2026-01-08 04:23:46', 44, 63, 50, 'CREATED'),
(141, 1319, '2026-02-02 13:26:43', 45, 33, 39, 'OFFER_SENT'),
(142, 1267, '2026-01-08 09:55:08', 45, 38, 46, 'OFFER_AVAILABLE'),
(143, 3109, '2026-01-05 11:12:39', 46, 64, 27, 'OFFER_AVAILABLE'),
(144, 2130, '2026-02-10 19:04:03', 47, 18, 39, 'OFFER_AVAILABLE'),
(145, 262, '2026-02-04 02:57:00', 48, 11, 26, 'OFFER_SENT'),
(146, 2735, '2026-02-18 17:36:20', 48, 25, 26, 'OFFER_AVAILABLE'),
(147, 1435, '2026-02-21 18:27:17', 49, 65, 8, 'OFFER_SENT'),
(148, 348, '2026-02-27 07:27:28', 50, 31, 32, 'OFFER_SENT'),
(149, 922, '2026-01-04 22:32:14', 50, 6, 13, 'OFFER_SENT'),
(150, 144, '2026-02-21 18:14:02', 50, 64, 47, 'CREATED'),
(151, 151, '2026-02-04 11:15:42', 50, 31, 44, 'OFFER_AVAILABLE'),
(152, 324, '2026-02-26 23:34:22', 50, 49, 48, 'OFFER_SENT'),
(153, 79, '2026-01-01 14:05:51', 51, 38, 44, 'PENDING'),
(154, 108, '2026-02-04 12:04:23', 51, 47, 31, 'OFFER_SENT'),
(155, 362, '2026-02-25 09:16:12', 51, 31, 1, 'OFFER_AVAILABLE'),
(156, 301, '2026-02-13 02:11:17', 51, 66, 21, 'OFFER_AVAILABLE'),
(157, 3943, '2026-01-12 15:45:11', 52, 78, 28, 'OFFER_AVAILABLE'),
(158, 4046, '2026-01-13 17:54:20', 52, 33, 7, 'CREATED'),
(159, 68, '2026-01-20 05:27:40', 53, 66, 35, 'OFFER_AVAILABLE'),
(160, 141, '2026-01-25 07:51:36', 53, 36, 22, 'PENDING'),
(161, 1157, '2026-02-26 08:49:40', 53, 43, 51, 'OFFER_AVAILABLE'),
(162, 80, '2026-01-20 17:45:50', 54, 36, 11, 'PENDING'),
(163, 1152, '2026-02-06 15:24:15', 54, 42, 50, 'OFFER_SENT'),
(164, 2369, '2026-01-28 22:52:02', 54, 49, 16, 'OFFER_AVAILABLE'),
(165, 3263, '2026-02-13 02:47:24', 54, 6, 14, 'OFFER_SENT'),
(166, 966, '2026-02-13 18:48:10', 54, 65, 38, 'CREATED'),
(167, 533, '2026-01-12 03:01:01', 55, 41, 21, 'PENDING'),
(168, 485, '2026-02-08 15:11:08', 55, 33, 33, 'OFFER_SENT'),
(169, 1902, '2026-01-16 08:52:19', 56, 38, 10, 'OFFER_AVAILABLE'),
(170, 2988, '2026-02-27 01:50:48', 56, 15, 33, 'OFFER_SENT'),
(171, 2581, '2026-01-28 23:34:10', 56, 47, 50, 'PENDING'),
(172, 1956, '2026-01-26 11:23:08', 56, 31, 14, 'OFFER_AVAILABLE'),
(173, 1555, '2026-02-15 14:41:59', 57, 42, 46, 'PENDING'),
(174, 946, '2026-01-10 01:55:05', 57, 6, 12, 'OFFER_AVAILABLE'),
(175, 4376, '2026-01-27 01:30:12', 57, 2, 3, 'CREATED'),
(176, 893, '2026-01-17 19:20:36', 57, 64, 1, 'PENDING'),
(177, 3255, '2026-01-15 13:54:19', 58, 78, 33, 'CREATED'),
(178, 2580, '2026-01-22 18:56:11', 58, 33, 26, 'PENDING'),
(179, 4464, '2026-01-11 08:01:21', 58, 47, 20, 'OFFER_SENT'),
(180, 2294, '2026-01-31 01:37:39', 58, 33, 22, 'OFFER_SENT'),
(181, 2902, '2026-01-16 05:39:20', 58, 3, 5, 'CREATED'),
(182, 1736, '2026-02-27 13:00:29', 59, 31, 34, 'OFFER_AVAILABLE'),
(183, 2983, '2026-01-19 00:39:52', 59, 49, 17, 'PENDING'),
(184, 2433, '2026-01-31 17:03:29', 59, 31, 47, 'OFFER_AVAILABLE'),
(185, 169, '2026-02-10 08:04:47', 59, 6, 13, 'PENDING'),
(186, 118, '2026-02-25 01:26:32', 59, 34, 18, 'CREATED'),
(187, 2206, '2026-01-13 08:52:31', 60, 3, 5, 'OFFER_SENT'),
(188, 2167, '2026-02-20 11:29:17', 60, 65, 38, 'CREATED'),
(189, 363, '2026-02-27 10:48:27', 61, 13, 29, 'OFFER_SENT'),
(190, 965, '2026-01-12 21:39:11', 61, 49, 36, 'CREATED'),
(191, 921, '2026-01-30 08:17:19', 61, 64, 31, 'OFFER_SENT'),
(192, 386, '2026-01-26 04:18:17', 62, 33, 52, 'PENDING'),
(193, 99, '2026-01-04 00:49:20', 62, 25, 38, 'OFFER_SENT'),
(194, 496, '2026-02-01 00:33:26', 62, 18, 39, 'CREATED'),
(195, 634, '2026-01-12 11:42:06', 63, 18, 39, 'OFFER_SENT'),
(196, 402, '2026-01-04 23:59:49', 63, 36, 40, 'OFFER_SENT'),
(197, 301, '2026-01-20 03:10:06', 63, 82, 42, 'PENDING'),
(198, 298, '2026-02-27 20:42:03', 63, 63, 7, 'PENDING'),
(199, 366, '2026-02-17 04:32:34', 64, 2, 3, 'PENDING'),
(200, 1011, '2026-02-18 20:56:37', 65, 2, 3, 'PENDING'),
(201, 1909, '2026-02-26 15:42:40', 65, 34, 9, 'PENDING'),
(202, 748, '2026-01-24 08:40:09', 65, 13, 30, 'OFFER_AVAILABLE'),
(203, 2643, '2026-01-22 05:18:45', 66, 31, 11, 'CREATED'),
(204, 75, '2026-01-09 09:25:33', 66, 82, 22, 'PENDING'),
(205, 1389, '2026-01-16 16:52:53', 66, 66, 53, 'OFFER_AVAILABLE'),
(206, 2377, '2026-02-01 13:15:49', 66, 82, 3, 'OFFER_AVAILABLE'),
(207, 785, '2026-01-07 06:14:52', 67, 31, 14, 'CREATED'),
(208, 1426, '2026-01-18 02:59:15', 67, 33, 11, 'CREATED'),
(209, 526, '2026-02-11 11:50:45', 67, 66, 19, 'OFFER_SENT'),
(210, 497, '2026-01-19 15:19:57', 68, 78, 25, 'OFFER_AVAILABLE'),
(211, 116, '2026-01-16 05:25:37', 68, 6, 13, 'OFFER_SENT'),
(212, 613, '2026-01-04 21:04:20', 68, 78, 6, 'PENDING'),
(213, 1706, '2026-02-02 15:16:09', 68, 31, 9, 'OFFER_SENT'),
(214, 723, '2026-01-28 10:29:07', 69, 82, 8, 'OFFER_SENT'),
(215, 4286, '2026-01-29 20:37:01', 69, 49, 41, 'OFFER_AVAILABLE'),
(216, 737, '2026-02-19 02:36:37', 70, 64, 30, 'CREATED'),
(217, 1083, '2026-02-07 23:12:39', 70, 65, 16, 'PENDING'),
(218, 290, '2026-01-26 20:20:29', 70, 65, 4, 'CREATED'),
(219, 600, '2026-01-08 08:56:54', 70, 15, 33, 'OFFER_SENT'),
(220, 801, '2026-02-14 08:19:30', 70, 64, 26, 'CREATED'),
(221, 224, '2026-01-20 18:40:21', 71, 18, 39, 'CREATED'),
(222, 97, '2026-01-14 03:32:36', 71, 2, 3, 'OFFER_SENT'),
(223, 215, '2026-01-09 23:21:18', 71, 42, 47, 'OFFER_AVAILABLE'),
(224, 724, '2026-02-03 21:26:12', 72, 47, 14, 'OFFER_AVAILABLE'),
(225, 1103, '2026-01-16 18:09:45', 72, 43, 16, 'PENDING'),
(226, 1210, '2026-02-10 20:21:35', 72, 34, 52, 'OFFER_SENT'),
(227, 638, '2026-01-10 21:50:39', 72, 47, 26, 'PENDING'),
(228, 940, '2026-01-13 18:07:01', 72, 42, 3, 'PENDING'),
(229, 735, '2026-02-26 03:31:52', 73, 31, 20, 'OFFER_SENT'),
(230, 471, '2026-01-13 13:36:53', 73, 3, 5, 'OFFER_SENT'),
(231, 429, '2026-02-09 04:23:32', 73, 65, 36, 'CREATED'),
(232, 462, '2026-01-17 08:07:20', 73, 6, 12, 'CREATED'),
(233, 627, '2026-02-10 11:20:41', 74, 41, 13, 'OFFER_AVAILABLE'),
(234, 304, '2026-01-20 21:22:23', 74, 66, 12, 'PENDING'),
(235, 260, '2026-02-05 02:06:45', 74, 42, 20, 'OFFER_AVAILABLE'),
(236, 91, '2026-01-16 05:08:02', 74, 6, 14, 'PENDING'),
(237, 2094, '2026-02-10 15:28:46', 75, 15, 33, 'CREATED'),
(238, 1037, '2026-02-01 16:00:54', 75, 2, 3, 'CREATED'),
(239, 540, '2026-01-30 00:10:46', 75, 11, 26, 'CREATED'),
(240, 1756, '2026-02-15 14:04:25', 75, 38, 8, 'OFFER_AVAILABLE'),
(241, 420, '2026-02-11 20:29:53', 76, 43, 33, 'PENDING'),
(242, 371, '2026-02-16 05:11:50', 76, 3, 4, 'PENDING'),
(243, 1771, '2026-02-11 17:20:16', 77, 11, 26, 'OFFER_AVAILABLE');

INSERT INTO move_trips (id, move_request_id, move_offer_id, status) VALUES
(1, 1, 2, 'CONFIRMED'),
(2, 6, 14, 'PAYMENT_COMPLETED'),
(3, 7, 15, 'CONFIRMED'),
(4, 7, 17, 'IS_IN_TRANSIT'),
(5, 9, 20, 'CONFIRMED'),
(6, 10, 25, 'PAYMENT_COMPLETED'),
(7, 11, 27, 'PAYMENT_COMPLETED'),
(8, 11, 29, 'COMPLETED'),
(9, 12, 32, 'PAYMENT_COMPLETED'),
(10, 12, 33, 'CONFIRMED'),
(11, 13, 37, 'COMPLETED'),
(12, 14, 41, 'CONFIRMED'),
(13, 14, 42, 'COMPLETED'),
(14, 15, 46, 'PAYMENT_COMPLETED'),
(15, 17, 53, 'IS_IN_TRANSIT'),
(16, 17, 54, 'COMPLETED'),
(17, 18, 59, 'COMPLETED'),
(18, 18, 60, 'CONFIRMED'),
(19, 19, 61, 'PAYMENT_COMPLETED'),
(20, 19, 62, 'CONFIRMED'),
(21, 19, 63, 'COMPLETED'),
(22, 19, 64, 'IS_IN_TRANSIT'),
(23, 21, 71, 'CONFIRMED'),
(24, 22, 73, 'CONFIRMED'),
(25, 24, 78, 'COMPLETED'),
(26, 24, 79, 'IS_IN_TRANSIT'),
(27, 26, 82, 'COMPLETED'),
(28, 28, 88, 'COMPLETED'),
(29, 28, 89, 'COMPLETED'),
(30, 29, 91, 'COMPLETED'),
(31, 30, 92, 'PAYMENT_COMPLETED'),
(32, 32, 99, 'CONFIRMED'),
(33, 32, 101, 'IS_IN_TRANSIT'),
(34, 38, 118, 'PAYMENT_COMPLETED'),
(35, 38, 119, 'CONFIRMED'),
(36, 39, 120, 'COMPLETED'),
(37, 40, 123, 'CONFIRMED'),
(38, 40, 124, 'PAYMENT_COMPLETED'),
(39, 41, 128, 'CONFIRMED'),
(40, 42, 131, 'COMPLETED'),
(41, 44, 138, 'PAYMENT_COMPLETED'),
(42, 49, 147, 'CONFIRMED'),
(43, 50, 149, 'CONFIRMED'),
(44, 50, 151, 'IS_IN_TRANSIT'),
(45, 51, 153, 'CONFIRMED'),
(46, 53, 159, 'CONFIRMED'),
(47, 55, 167, 'COMPLETED'),
(48, 55, 168, 'IS_IN_TRANSIT'),
(49, 57, 174, 'PAYMENT_COMPLETED'),
(50, 58, 178, 'COMPLETED'),
(51, 59, 186, 'CONFIRMED'),
(52, 62, 193, 'CONFIRMED'),
(53, 63, 195, 'CONFIRMED'),
(54, 63, 196, 'PAYMENT_COMPLETED'),
(55, 63, 197, 'CONFIRMED'),
(56, 65, 200, 'PAYMENT_COMPLETED'),
(57, 65, 202, 'COMPLETED'),
(58, 66, 203, 'IS_IN_TRANSIT'),
(59, 66, 205, 'PAYMENT_COMPLETED'),
(60, 68, 211, 'CONFIRMED'),
(61, 68, 213, 'IS_IN_TRANSIT'),
(62, 69, 214, 'CONFIRMED'),
(63, 70, 218, 'CONFIRMED'),
(64, 70, 220, 'PAYMENT_COMPLETED'),
(65, 72, 225, 'PAYMENT_COMPLETED'),
(66, 72, 228, 'COMPLETED'),
(67, 73, 230, 'CONFIRMED'),
(68, 74, 235, 'CONFIRMED'),
(69, 75, 238, 'CONFIRMED'),
(70, 75, 239, 'IS_IN_TRANSIT'),
(71, 75, 240, 'CONFIRMED'),
(72, 76, 241, 'IS_IN_TRANSIT');

