-- Seed data generated by seed_data.py

INSERT INTO vehicle_types (id, type, max_weight, capacity) VALUES
(1, 'SEDAN', 340.19, 67.08),
(2, 'SUV', 589.6, 120),
(3, 'HATCHBACK', 362.8, 50.50),
(4, 'MINIVAN', 544.31, 140.61),
(5, 'VAN', 1088.62, 294.4),
(6, 'TRUCK', 589.67, 70.0);

INSERT INTO luggage_types (id, type, name, volume, weight) VALUES
(1, 'SMALL', 'Small Box', 1.38, 6.80),
(2, 'MEDIUM', 'Medium Box', 2.99, 9.07),
(3, 'LARGE', 'Large Box', 3.40, 13.60),
(4, 'EXTRA_LARGE', 'Extra Large Box', 3.75, 22.67),
(5, 'EXTRA_EXTRA_LARGE', 'Extra Extra Large Box', 5.83, 27.0);

INSERT INTO addresses (id, line1, line2, city, state_or_province, country, postal_or_zip_code) VALUES
(1, '88490 Jacobson Island Apt. 609', NULL, 'New Marcus', 'Wyoming', 'USA', '80002'),
(2, '1243 Mccullough Spring Apt. 671', 'Suite 116', 'New Helen', 'Oregon', 'USA', '34291'),
(3, '432 Coleman Path Apt. 235', NULL, 'West Danielhaven', 'Kentucky', 'USA', '71564'),
(4, '2879 Morrow Springs Suite 347', 'Apt. 526', 'Hunthaven', 'Louisiana', 'USA', '87548'),
(5, '0932 Christopher Mission Apt. 277', NULL, 'Ravenchester', 'Wyoming', 'USA', '78235'),
(6, '83171 Bobby Light Suite 301', 'Apt. 128', 'North William', 'Missouri', 'USA', '39396'),
(7, '8606 Jessica Courts', 'Suite 043', 'Lisaview', 'Nebraska', 'USA', '03048'),
(8, '08205 Nicholas Expressway', NULL, 'West Justinburgh', 'South Dakota', 'USA', '41176'),
(9, '72460 Adams Rapid', NULL, 'Gabriellefurt', 'Kansas', 'USA', '86000'),
(10, '216 Courtney Fords Suite 513', NULL, 'Melissaside', 'Rhode Island', 'USA', '86326'),
(11, '1730 Brett Knoll', NULL, 'Marthashire', 'Florida', 'USA', '61439'),
(12, '94800 Erin Knolls', 'Apt. 902', 'Jamesmouth', 'Maine', 'USA', '09388'),
(13, '9874 Brianna Isle', 'Apt. 976', 'Vaughanberg', 'Tennessee', 'USA', '85071'),
(14, '3069 Daniels Ports Suite 187', NULL, 'New Richard', 'Iowa', 'USA', '84808'),
(15, '345 James Centers', NULL, 'Port Heathershire', 'Arizona', 'USA', '85603'),
(16, '1060 Heather Fork', 'Apt. 817', 'Alexandrahaven', 'Indiana', 'USA', '03106'),
(17, '746 Daniels Freeway Apt. 774', 'Suite 843', 'Joshuaville', 'Arizona', 'USA', '79252'),
(18, '95263 King Brooks', 'Apt. 826', 'West Hayley', 'California', 'USA', '49383'),
(19, '794 Eric Cliff Apt. 436', NULL, 'Port Amy', 'South Carolina', 'USA', '33098'),
(20, '007 Shelby Views Apt. 036', 'Apt. 100', 'Matthewshire', 'Nevada', 'USA', '84884'),
(21, '9879 Laura Locks', 'Suite 283', 'New Aliciaside', 'Florida', 'USA', '08299'),
(22, '454 Kelly Corners Apt. 307', 'Suite 668', 'West Michael', 'Delaware', 'USA', '10628'),
(23, '9872 Bryan Trafficway', 'Suite 472', 'New Angela', 'Connecticut', 'USA', '35693'),
(24, '30050 Christopher Pine Suite 708', NULL, 'East Amanda', 'Louisiana', 'USA', '50904'),
(25, '569 Stephanie Glens Apt. 818', NULL, 'Jenniferport', 'Maryland', 'USA', '16897'),
(26, '318 Salinas Stream', 'Suite 154', 'South Erinport', 'Kentucky', 'USA', '35596'),
(27, '5600 Jason Mount Apt. 335', 'Suite 652', 'East Garybury', 'Alaska', 'USA', '09455'),
(28, '06713 Giles Harbors', NULL, 'Hintontown', 'Utah', 'USA', '76842'),
(29, '746 Phillips Courts Apt. 261', NULL, 'Finleyton', 'Nevada', 'USA', '98241'),
(30, '285 Owen Spur Apt. 318', NULL, 'East Toddburgh', 'North Dakota', 'USA', '91869'),
(31, '50666 Donald Parks', NULL, 'Julieport', 'Michigan', 'USA', '41654'),
(32, '25948 Lisa Lock', NULL, 'New Cody', 'South Dakota', 'USA', '85351'),
(33, '55477 Ryan Haven', NULL, 'South Christina', 'New Jersey', 'USA', '54820'),
(34, '4764 Blackburn Pass', NULL, 'South Tracyfurt', 'Iowa', 'USA', '19355'),
(35, '9150 Bass Mall Suite 983', 'Suite 337', 'New Dorisfort', 'Kentucky', 'USA', '73730'),
(36, '49877 Bradley Vista Apt. 067', NULL, 'New Lanceburgh', 'Minnesota', 'USA', '68305'),
(37, '837 Derek Fort', NULL, 'Boydside', 'West Virginia', 'USA', '96759'),
(38, '794 James Trace Suite 877', 'Suite 891', 'New Tonyshire', 'Florida', 'USA', '15296'),
(39, '0059 Bell Knoll', 'Apt. 737', 'Roachside', 'New Jersey', 'USA', '97555'),
(40, '4388 Hawkins Plaza', 'Suite 866', 'Rodriguezfurt', 'Georgia', 'USA', '65810'),
(41, '74984 Kurt Extension', 'Apt. 022', 'North Jamesberg', 'North Carolina', 'USA', '72397'),
(42, '64669 Deanna Isle', 'Apt. 245', 'East Michael', 'Massachusetts', 'USA', '82152'),
(43, '1159 Baker Ridges', 'Apt. 436', 'South Sharontown', 'North Carolina', 'USA', '37704'),
(44, '4229 Logan Gardens', 'Suite 161', 'West Anthonyport', 'Wyoming', 'USA', '73186'),
(45, '25471 Foley Crescent', NULL, 'Kimberlyville', 'Maine', 'USA', '96817'),
(46, '99163 Allen Trail Suite 089', 'Apt. 702', 'Morrisview', 'Massachusetts', 'USA', '37698'),
(47, '504 Natalie Path', NULL, 'South Christopherland', 'Louisiana', 'USA', '97085'),
(48, '14211 Michael Turnpike Apt. 417', 'Apt. 888', 'New Alexa', 'Kentucky', 'USA', '91279'),
(49, '8053 Allen Mill Apt. 877', 'Suite 731', 'Torresborough', 'Tennessee', 'USA', '66737'),
(50, '50141 Williams Trace Apt. 556', NULL, 'Randallshire', 'Maryland', 'USA', '91471'),
(51, '01037 Joanne Gateway Suite 803', 'Suite 898', 'Schneidermouth', 'Missouri', 'USA', '68797'),
(52, '930 Wagner Avenue Apt. 283', NULL, 'West Lisa', 'Missouri', 'USA', '97432'),
(53, '02469 Lopez Walks Suite 743', 'Suite 393', 'New Danielport', 'Alabama', 'USA', '16874'),
(54, '8114 Davis Place', 'Suite 495', 'North Jennifer', 'New York', 'USA', '82615'),
(55, '901 Jessica Port Apt. 361', 'Apt. 511', 'East Stephen', 'Pennsylvania', 'USA', '97700'),
(56, '6773 Jennifer Pike', 'Apt. 485', 'Amberberg', 'Iowa', 'USA', '39266'),
(57, '113 Nichols Walk', 'Apt. 197', 'Adammouth', 'New Hampshire', 'USA', '67814'),
(58, '403 Lawrence Glen', 'Apt. 370', 'Rodriguezshire', 'Kentucky', 'USA', '49004'),
(59, '0747 Jessica Vista Suite 471', NULL, 'Reidmouth', 'New York', 'USA', '33576'),
(60, '308 Nash Underpass Apt. 374', 'Suite 595', 'New Gregorymouth', 'Michigan', 'USA', '21529'),
(61, '1538 Richard Road Apt. 046', 'Apt. 094', 'Grossshire', 'Georgia', 'USA', '70105'),
(62, '982 Smith Crescent Suite 678', NULL, 'New Stacey', 'Colorado', 'USA', '78747'),
(63, '5937 Madden Station Suite 575', NULL, 'New Michael', 'Arizona', 'USA', '67499'),
(64, '81132 Emily Estates Apt. 329', 'Apt. 858', 'Fischershire', 'Nebraska', 'USA', '42623'),
(65, '262 Bonilla Rapids', 'Suite 199', 'Guzmanport', 'Montana', 'USA', '71430'),
(66, '3698 James Way', NULL, 'South Scottton', 'Delaware', 'USA', '07970'),
(67, '7926 Tyler Greens Apt. 305', 'Apt. 764', 'Carltown', 'Rhode Island', 'USA', '93975'),
(68, '16824 Courtney Village', 'Apt. 029', 'North Susan', 'Indiana', 'USA', '60965'),
(69, '11742 April Courts Apt. 621', 'Apt. 679', 'Clarkmouth', 'South Carolina', 'USA', '00587'),
(70, '3345 Watkins Lock Apt. 066', NULL, 'Molinaside', 'Alabama', 'USA', '30986'),
(71, '609 Ryan Court Suite 428', 'Suite 310', 'North Abigailberg', 'New Jersey', 'USA', '56455'),
(72, '971 Rodriguez Plains', 'Apt. 611', 'Newmanview', 'Missouri', 'USA', '38718'),
(73, '285 Eric Club', NULL, 'Morenochester', 'New Hampshire', 'USA', '79762'),
(74, '3977 Hunt Mall', NULL, 'Port Shannon', 'Vermont', 'USA', '14325'),
(75, '5060 Watson Lodge', NULL, 'Debbieshire', 'Montana', 'USA', '45138'),
(76, '5387 Mary Spring', 'Suite 252', 'Erinshire', 'Vermont', 'USA', '94179'),
(77, '853 Armstrong Shores', 'Suite 945', 'Lake Kevinview', 'Ohio', 'USA', '91226'),
(78, '156 Brent Tunnel Suite 131', 'Apt. 068', 'Turnerfort', 'Illinois', 'USA', '29850'),
(79, '85153 Megan Bridge', NULL, 'North Julie', 'Maine', 'USA', '87712'),
(80, '8224 Tammy Prairie Suite 110', NULL, 'East Susanfurt', 'Alabama', 'USA', '45284'),
(81, '1940 Martin Views Suite 660', 'Suite 774', 'Sarahshire', 'Rhode Island', 'USA', '84713'),
(82, '5602 Shaw Road Suite 671', 'Apt. 385', 'Port Sarahtown', 'Texas', 'USA', '29909'),
(83, '9484 Johnson Point', 'Apt. 631', 'Patrickton', 'Arkansas', 'USA', '10366'),
(84, '872 Brenda Harbors Suite 818', NULL, 'Julieburgh', 'Illinois', 'USA', '10674'),
(85, '25692 Patrick Circle Apt. 621', 'Suite 346', 'Cameronport', 'Mississippi', 'USA', '73530'),
(86, '16878 Stephanie Walks', 'Apt. 582', 'Gilbertmouth', 'Kentucky', 'USA', '71325'),
(87, '97040 William Burg Apt. 851', NULL, 'Kelleyland', 'New Mexico', 'USA', '06524'),
(88, '446 Chris Alley', 'Apt. 230', 'New Kimberlychester', 'New Hampshire', 'USA', '92995'),
(89, '8928 Long Loaf Apt. 215', 'Suite 186', 'South Brittany', 'Arkansas', 'USA', '33835'),
(90, '8961 Susan Valley', NULL, 'Port Ericaburgh', 'Oregon', 'USA', '81887'),
(91, '0245 Miller Forges', 'Suite 847', 'Anthonyville', 'Georgia', 'USA', '34554'),
(92, '5304 Kristin Island', 'Suite 351', 'Jerryshire', 'Hawaii', 'USA', '95615'),
(93, '223 Richard Place Suite 860', 'Apt. 613', 'Blakemouth', 'Idaho', 'USA', '67235'),
(94, '34717 Calderon Path Apt. 385', 'Suite 933', 'North Dennisside', 'Texas', 'USA', '40061'),
(95, '44488 Smith Inlet', NULL, 'Hamiltonbury', 'Arizona', 'USA', '06818'),
(96, '88032 Marquez Extensions Apt. 578', NULL, 'Andreafort', 'Hawaii', 'USA', '59694'),
(97, '7887 Cathy Valleys Apt. 797', NULL, 'South Michelleburgh', 'Alaska', 'USA', '06980'),
(98, '445 Hernandez Brooks Apt. 800', 'Suite 070', 'East Joe', 'Florida', 'USA', '80262'),
(99, '03410 Michael Union Suite 355', 'Suite 472', 'Baileyport', 'Mississippi', 'USA', '23387'),
(100, '3729 Ramos Manors', 'Apt. 709', 'South Donaldbury', 'Delaware', 'USA', '53845'),
(101, '47052 Greer Terrace Suite 308', 'Suite 349', 'Lake Megantown', 'Alabama', 'USA', '02947'),
(102, '5706 Walsh Views Apt. 515', 'Suite 258', 'Larryfurt', 'California', 'USA', '99856'),
(103, '17148 Cody Throughway Suite 948', NULL, 'Caseyberg', 'Georgia', 'USA', '25183'),
(104, '4923 Gilbert Squares', NULL, 'Elliottfort', 'Nebraska', 'USA', '52403'),
(105, '27916 Rebecca Road Suite 297', 'Suite 743', 'Jimmyshire', 'Massachusetts', 'USA', '46607'),
(106, '231 Scott Loop Suite 946', 'Suite 862', 'East Antonioberg', 'Kentucky', 'USA', '59756'),
(107, '524 Reynolds Inlet', 'Apt. 592', 'Port Jamesview', 'Colorado', 'USA', '05615'),
(108, '4205 John Lane', 'Suite 413', 'West Codyport', 'Tennessee', 'USA', '54588'),
(109, '06390 Teresa Plain', 'Apt. 610', 'Christopherville', 'Mississippi', 'USA', '82951'),
(110, '3240 Higgins Corners Suite 045', NULL, 'East Kimberlyborough', 'Oregon', 'USA', '19995'),
(111, '733 Sharon Crescent', 'Apt. 006', 'Rodriguezland', 'Nebraska', 'USA', '60129'),
(112, '58441 Brenda Expressway', NULL, 'New Courtney', 'Arkansas', 'USA', '53689'),
(113, '0896 Andrea Row Suite 876', 'Apt. 214', 'Tylerfurt', 'Maine', 'USA', '36468'),
(114, '324 Katherine Terrace Suite 634', 'Suite 525', 'West Davidstad', 'Indiana', 'USA', '57617'),
(115, '232 Brian Lane Suite 611', NULL, 'Williamsfort', 'Maryland', 'USA', '51812'),
(116, '8415 Jones Plaza Suite 950', NULL, 'West Tylerview', 'New Jersey', 'USA', '41415'),
(117, '04229 Benjamin Shoal Suite 535', NULL, 'South Bryan', 'South Carolina', 'USA', '79412'),
(118, '267 Ryan Garden Apt. 359', NULL, 'West Codyton', 'Connecticut', 'USA', '97264'),
(119, '746 Tracy Fork Apt. 724', NULL, 'Andersonborough', 'Vermont', 'USA', '77363'),
(120, '315 Christopher Summit', 'Suite 324', 'Lindsayfurt', 'Colorado', 'USA', '77998'),
(121, '3974 Michael Highway', NULL, 'Donaldmouth', 'Nevada', 'USA', '43932'),
(122, '57166 Hill Brook Apt. 606', NULL, 'Tammyport', 'Pennsylvania', 'USA', '51343'),
(123, '3864 David Unions', 'Suite 727', 'Nicoleberg', 'Missouri', 'USA', '03519'),
(124, '374 Larson Meadow', NULL, 'South Roy', 'Arizona', 'USA', '40363'),
(125, '6183 Lauren Forge', 'Suite 654', 'Port Joseph', 'Missouri', 'USA', '80090'),
(126, '6915 Ross Valley Apt. 724', NULL, 'New Barbara', 'Illinois', 'USA', '38514'),
(127, '83013 Perez Alley', 'Apt. 446', 'Lake Steven', 'Vermont', 'USA', '19603'),
(128, '77489 Smith Landing Apt. 198', 'Suite 580', 'Christianside', 'Louisiana', 'USA', '02446'),
(129, '6406 Caitlin Mountains', 'Apt. 058', 'Brooksstad', 'Indiana', 'USA', '61942'),
(130, '465 Mcmillan Fort', NULL, 'Lake Katelyn', 'Michigan', 'USA', '95044'),
(131, '2134 Austin Drive', 'Apt. 476', 'East Lauren', 'Missouri', 'USA', '46304'),
(132, '162 Hicks Turnpike Suite 966', NULL, 'Wendyfort', 'South Dakota', 'USA', '30954'),
(133, '2706 Green Lodge Suite 605', NULL, 'Denisefurt', 'Indiana', 'USA', '47651'),
(134, '4016 Nathaniel Green', 'Suite 775', 'Taylorborough', 'Ohio', 'USA', '90933'),
(135, '918 Brandon Fall', NULL, 'West Christopher', 'Oregon', 'USA', '43335'),
(136, '52260 Kayla Bridge Apt. 780', NULL, 'New Danielmouth', 'Massachusetts', 'USA', '04804'),
(137, '16400 Marc Rapid Apt. 457', NULL, 'Brownburgh', 'New York', 'USA', '57821'),
(138, '4238 Amy Cove Suite 295', NULL, 'Mccartyburgh', 'South Dakota', 'USA', '47603'),
(139, '1298 Dunn Forge', NULL, 'Port Laura', 'Rhode Island', 'USA', '52790'),
(140, '169 Mary Stravenue', NULL, 'Allenbury', 'Utah', 'USA', '94497'),
(141, '62506 David Court Suite 719', NULL, 'East Bobby', 'Alaska', 'USA', '39275'),
(142, '88596 Gonzalez Green Apt. 072', 'Apt. 164', 'Matthewburgh', 'Alaska', 'USA', '64772'),
(143, '66767 Robbins Island', NULL, 'Martinfort', 'Kentucky', 'USA', '13113'),
(144, '36561 Anthony Creek Suite 474', NULL, 'Lake Melinda', 'Virginia', 'USA', '22551'),
(145, '21809 Wendy Lodge Apt. 049', NULL, 'Adrianburgh', 'West Virginia', 'USA', '82330'),
(146, '666 Nathan Fields Apt. 526', 'Apt. 530', 'Nelsonfort', 'Indiana', 'USA', '63783'),
(147, '877 Benson Lodge', 'Suite 123', 'South Briana', 'Connecticut', 'USA', '10613'),
(148, '1203 Anthony Spurs Suite 714', 'Apt. 199', 'Port Jacquelinebury', 'Montana', 'USA', '77292'),
(149, '3435 Jonathan Center Suite 346', NULL, 'New Lindaville', 'Alabama', 'USA', '84861'),
(150, '9022 Brian Trace', NULL, 'Santosside', 'Hawaii', 'USA', '96856'),
(151, '358 Ferrell Ford Apt. 157', NULL, 'Austinfort', 'Tennessee', 'USA', '51853'),
(152, '430 Robert Fork Suite 376', 'Suite 632', 'East Sarahstad', 'Tennessee', 'USA', '49605'),
(153, '5026 Ashley Brook', NULL, 'Elizabethborough', 'Arkansas', 'USA', '49802'),
(154, '945 Mary Stravenue', 'Apt. 327', 'Lake Kelseyport', 'Maryland', 'USA', '29557'),
(155, '712 Lawrence Land', NULL, 'North Lindaberg', 'Texas', 'USA', '27600'),
(156, '50541 Benjamin Fords', 'Suite 429', 'Angiehaven', 'Maryland', 'USA', '48474'),
(157, '14156 Little Course', NULL, 'Port Tina', 'Indiana', 'USA', '26067'),
(158, '4620 Arthur Mount Suite 803', 'Apt. 835', 'Kristieshire', 'North Carolina', 'USA', '92773'),
(159, '1223 Stevenson Plains', 'Apt. 703', 'Rodriguezmouth', 'Idaho', 'USA', '02817'),
(160, '5506 Castaneda Stravenue', NULL, 'East Sarah', 'Iowa', 'USA', '71448'),
(161, '85108 Andrea Inlet Apt. 064', 'Apt. 338', 'North Jamesside', 'Michigan', 'USA', '96492'),
(162, '0061 Jones Garden', NULL, 'New Johnnyshire', 'Wisconsin', 'USA', '62423'),
(163, '28613 Blevins Ranch', 'Apt. 938', 'East Yolandahaven', 'Illinois', 'USA', '87271'),
(164, '87404 Welch Valleys', 'Suite 777', 'Whitakerstad', 'Utah', 'USA', '14572'),
(165, '260 Joshua Light Suite 288', NULL, 'West Frank', 'Oregon', 'USA', '46838'),
(166, '69329 Jennifer Glens', 'Suite 661', 'New Meganland', 'Arizona', 'USA', '33443'),
(167, '362 Kyle Plains Suite 175', NULL, 'Emilychester', 'Nevada', 'USA', '15423'),
(168, '865 Crystal Islands Suite 429', 'Apt. 409', 'Andrewfurt', 'Minnesota', 'USA', '19200'),
(169, '835 Ashley Pines Suite 859', NULL, 'Port Jeremyberg', 'Alabama', 'USA', '65653'),
(170, '016 Patricia Loaf', NULL, 'New Christopher', 'New Hampshire', 'USA', '77059'),
(171, '5908 Benson Throughway Suite 517', NULL, 'New Christian', 'Georgia', 'USA', '79529'),
(172, '6179 Theresa Avenue Suite 157', 'Suite 071', 'Duartemouth', 'Oregon', 'USA', '10203'),
(173, '9884 Rodriguez Glen', NULL, 'South David', 'Hawaii', 'USA', '43173'),
(174, '3363 Thomas Springs Apt. 901', NULL, 'Russellside', 'Georgia', 'USA', '98400'),
(175, '30500 Natasha Harbor Suite 093', NULL, 'Port Shirley', 'Oregon', 'USA', '11023'),
(176, '051 Adam Passage', NULL, 'South Heather', 'New Jersey', 'USA', '89642'),
(177, '773 Patricia Lake Suite 068', NULL, 'New Jorge', 'Maryland', 'USA', '89904'),
(178, '701 Michael Islands Apt. 361', NULL, 'Burkeville', 'Colorado', 'USA', '54065'),
(179, '9754 Gregory Cliff', 'Suite 361', 'Dawnview', 'Arkansas', 'USA', '82543'),
(180, '277 Frances Valleys', NULL, 'Mcguirechester', 'Rhode Island', 'USA', '43784'),
(181, '68054 Hurst Village Apt. 251', 'Apt. 901', 'Morenofurt', 'New York', 'USA', '41125'),
(182, '5990 Krystal Falls', 'Apt. 975', 'Angelton', 'New Hampshire', 'USA', '96197'),
(183, '378 Edwin Spring Apt. 593', NULL, 'Port Garyton', 'Vermont', 'USA', '10863'),
(184, '06341 Cynthia Viaduct', 'Suite 698', 'Ricemouth', 'Washington', 'USA', '25869'),
(185, '5613 Michelle Squares', NULL, 'New Dennis', 'Mississippi', 'USA', '86007'),
(186, '701 Gates Drive Apt. 389', NULL, 'West Robynville', 'New Mexico', 'USA', '83138'),
(187, '725 Benjamin View', NULL, 'Costastad', 'Florida', 'USA', '28310'),
(188, '7385 Chad Corner', 'Apt. 617', 'Port Vincentchester', 'Texas', 'USA', '93517'),
(189, '616 Brown Estate', 'Suite 103', 'Pattonshire', 'Maryland', 'USA', '09274'),
(190, '8878 Weaver Summit Apt. 483', 'Suite 124', 'Markview', 'Wisconsin', 'USA', '89492'),
(191, '68018 Jeffrey Oval Apt. 908', 'Apt. 597', 'New Catherineview', 'New Jersey', 'USA', '10069'),
(192, '86148 Nancy Forest Suite 156', NULL, 'West Bruce', 'North Carolina', 'USA', '03244'),
(193, '5637 Robinson Manors', 'Apt. 261', 'Kelleymouth', 'Missouri', 'USA', '98000'),
(194, '33330 Ashley River Apt. 229', 'Suite 251', 'Rodriguezborough', 'Massachusetts', 'USA', '19745'),
(195, '865 Joshua Hollow', NULL, 'West Mitchell', 'Missouri', 'USA', '59347'),
(196, '6267 Green Views', 'Apt. 439', 'New Jenniferton', 'Missouri', 'USA', '87845'),
(197, '63747 Benitez Rapids', NULL, 'Lake Katrinatown', 'Pennsylvania', 'USA', '84028'),
(198, '0574 Thomas Expressway', NULL, 'Port Kayleestad', 'Arkansas', 'USA', '44990'),
(199, '502 Jeremy Crescent Apt. 215', NULL, 'Anitafurt', 'Minnesota', 'USA', '30586'),
(200, '87383 Hansen Inlet', NULL, 'West Sherryport', 'North Dakota', 'USA', '03405');

INSERT INTO users (id, username, password_hash, f_name, l_name, email, dob, rating, role, address_id) VALUES
(1, 'phillip33', '804fa67b4e2848c7e1ef6b44688f852d80f65762ad02b26cf4c23b66d767271b', 'Michael', 'Wallace', 'oacosta@example.com', '1962-12-29', 2.0, 'ADMIN', 27),
(2, 'hatfieldheather', '11d47200b6063deb3f380033065ba67c9e3135afb20e5ee8ea5316b2ea37e8f0', 'Selena', 'Lewis', 'katiegibson@example.net', '1953-05-02', 4.3, 'ADMIN', 29),
(3, 'ffarrell', 'c0f91e9e5c51de285b47ac82ba2c65d4579add115d67cc7d4fa74a2eaaf7d36c', 'Aaron', 'Lopez', 'paul24@example.org', '1979-02-05', 3.7, 'DRIVER', 71),
(4, 'margaretchen', 'ce2fd3cfb1b278845eb75610383235d9c2514c2bf628542cf1a0089fc531e516', 'Amanda', 'Fletcher', 'christopher58@example.net', '1961-11-18', 4.2, 'ADMIN', 198),
(5, 'paulroberts', '27d5a9250086a30554b2676c2aa270025d713d3247a58c9d65da461cadfa3584', 'Austin', 'Stevens', 'jkim@example.com', '1964-02-26', 1.3, 'DRIVER', 104),
(6, 'davidwright', '6438eeec98e0dec82313d1e2ba6961fb4706fefddf9ca4f6d56a7e9ed1a612ac', 'Brittany', 'Williams', 'xsmith@example.com', '1969-03-27', 2.7, 'CLIENT', 133),
(7, 'nicholasbishop', 'a576b7bfffbec261e5a1d358b5de93eb417556515e64db73fee5142289f131f9', 'Leslie', 'Costa', 'kinglisa@example.net', '1958-11-08', 2.8, 'ADMIN', 22),
(8, 'ronald07', '43e9cbedb6ec0342f0a160bf83b85491ce41b5969ff4c67b43d478596ef3dcb2', 'Angela', 'Davis', 'orozcoamanda@example.org', '1969-08-01', 4.3, 'DRIVER', 51),
(9, 'nathanieltorres', '8e8be2a91ab2f76fd2b8de087dfc2902b99589addec26deb4e6cee8355962d71', 'Danny', 'Blair', 'sanchezjulia@example.com', '1992-08-03', 1.6, 'DRIVER', 54),
(10, 'abigailreese', '8df00ecafb9cbd24542c54f4df41561850b61bf9c1ad0aad60dbbee793860154', 'David', 'May', 'josephthomas@example.org', '2007-10-10', 3.6, 'ADMIN', 149),
(11, 'anita06', 'be7eeb9b17c8907b437ba3e5c3d3dff4e4a311f86e6d5a65322bb959a14768f8', 'Jason', 'Webster', 'jennifer32@example.com', '2000-05-22', NULL, 'CLIENT', 35),
(12, 'cynthiaboyd', '5cb5b55fcb08605ac6033804f10474ba446771b7a513b25881f9644dfcc89806', 'Brenda', 'Martin', 'penajustin@example.net', '1950-02-08', 2.2, 'ADMIN', 118),
(13, 'joshua30', '5d8ae3abdad03e95784fd5aacd2c5824cca794bd2001c3ad6fd32bd67ac7d40d', 'Tonya', 'Cole', 'tammy80@example.net', '1949-10-22', 1.6, 'CLIENT', 21),
(14, 'victoria06', '05d128b66f5564ef7b5a94a5b0f51af46318c9b07513d9b3d57cd0d4355b0071', 'Theresa', 'Lewis', 'cheryl87@example.org', '1957-08-16', 1.1, 'ADMIN', 150),
(15, 'jimmy91', '8a0ecdece2c8a488640087e52b5bd4f96e4d9b9020962bd8c0bacdfb92a03d1f', 'Michael', 'Phillips', 'heather89@example.org', '1964-06-11', 2.9, 'CLIENT', 11),
(16, 'theresaluna', 'e4526af102a5bbe4d5bcf61d7c3088f67e1630877ed70ee1beee746c12c56e00', 'Joseph', 'Williamson', 'tcowan@example.org', '1992-01-26', 2.5, 'CLIENT', 90),
(17, 'johnsonrebecca', '311b3414b65191a655ab2251cb2f183750665803ca0c569e5a0e59c64e7552da', 'Andrew', 'Harding', 'allenjerome@example.org', '1980-07-04', 1.9, 'DRIVER', 75),
(18, 'mercedeshart', '67c61c3d3043ec7c9f817b2159571eb2344784602459fd2b305866c1aebb0745', 'Michelle', 'Weber', 'johnsonronald@example.org', '1960-07-16', 4.0, 'DRIVER', 115),
(19, 'xthomas', 'd2e97475026a539b89acab27586fd126ff36c0e02d75c4a3f0a424e26251224c', 'Hannah', 'Lewis', 'tyler79@example.com', '2001-08-16', 1.7, 'ADMIN', 90),
(20, 'thorton', 'dd80650af69da9c8f24bfade9afb6dd833de8b38404b251758bbfcf31cfb1d8e', 'Becky', 'Villarreal', 'mariajefferson@example.com', '1975-07-23', 1.5, 'DRIVER', 90),
(21, 'jeremy28', 'c4f95bb0da9ef85ef0b22b81f75c51df9dab44bcdc42ab79bae62b49bf7cbdfc', 'James', 'Horton', 'kim04@example.org', '1977-02-08', 4.4, 'CLIENT', 127),
(22, 'burnsdale', 'b88a63292048ea195126a7d1c356605e0443945c25421feaff0e095f77275fed', 'Darius', 'Goodwin', 'wschmidt@example.net', '2008-02-03', 2.6, 'DRIVER', 107),
(23, 'johncarson', '0b29dec4ab3f71aceb68719be468a45e607d09c8f1c6110916d73173caefc892', 'Daniel', 'Dixon', 'paulalewis@example.com', '2001-08-08', NULL, 'DRIVER', 44),
(24, 'brownjesus', 'c4a685c4b25fbdccff307e3a600ee0454bd2d47f36b0bacd1eae49ffb75d0eeb', 'Miranda', 'Morton', 'matthew56@example.com', '1982-02-10', 4.7, 'CLIENT', 6),
(25, 'chanjoseph', 'ad565b1b78dc125ab0e5d961fa3225654984fe6f5918f20f6475dd550967fcda', 'Richard', 'Perez', 'adkinsrobert@example.net', '1958-02-04', 3.5, 'DRIVER', 163),
(26, 'ktaylor', '2e8a0f6b133673e7014e48f1cfa1a1ab2b0df052d9953da04821c961ed3ec21d', 'Megan', 'Williams', 'nataliewilliamson@example.com', '1994-05-06', NULL, 'DRIVER', 188),
(27, 'mathew01', '75929060210cf2c1e54751c81dd3ab7409ee4e7b214f6220f7c1195ad76e6cc8', 'Rebecca', 'Taylor', 'evan95@example.net', '1999-07-04', NULL, 'ADMIN', 102),
(28, 'sarahreeves', 'f4025398e8039219523eb35d8199c5ab820110f3a74242938edcb02dfb32bb55', 'Denise', 'Keller', 'sandra41@example.com', '1964-07-15', NULL, 'DRIVER', 147),
(29, 'qmiller', 'e810c9cde61419658770f745eaf7114c61a7541cbcaa7e8f634f6b90e7eef24b', 'Barry', 'Johnson', 'farmerdonald@example.com', '1996-09-29', NULL, 'ADMIN', 86),
(30, 'yholt', 'db6a789d3ae655d79ca9c367fcf5042bd65a91a247973b4e8c62ae1a9d0a2d2d', 'Cameron', 'Wilson', 'bowmanjoanna@example.org', '1967-06-23', NULL, 'ADMIN', 113),
(31, 'josephsanchez', '62d873b36cac24c19a04e0339162cd6e635df132a3b835937dc7cf3cc6e0017f', 'Ryan', 'Clark', 'randalljason@example.net', '1964-09-10', NULL, 'ADMIN', 154),
(32, 'isaiahswanson', '5325af450fa2b9e67d246a98ac4ff56c51c663745d87ddd41c601d882acec6bd', 'Christopher', 'Brown', 'jon44@example.net', '1956-10-03', 1.2, 'CLIENT', 160),
(33, 'angela27', '92671e5d11bff82b2b8579d4c89d5a8a20ad0d9a26f9b76af41f66d79e0a3df0', 'Jessica', 'Graves', 'kspencer@example.org', '1957-08-24', 2.3, 'DRIVER', 127),
(34, 'drivas', '264df7d85745253c1a867231786aa1e857d3187d42371f88955d0f62933c132f', 'Mary', 'Smith', 'jdavis@example.org', '1986-01-22', 4.5, 'DRIVER', 57),
(35, 'dalvarado', 'b232ff668a6fc4438fdf15a6d66d6fb8937fd5e2597aa80b9fecbc1096769a3f', 'Karen', 'Carter', 'rogersronald@example.org', '1994-04-20', 1.4, 'CLIENT', 160),
(36, 'johnhanson', 'cacdedc30ced2a5c8c2b7daaa1e8c32f0271228d7bf92cbced35eaea9a4baba5', 'Cynthia', 'Dennis', 'qhooper@example.net', '1993-06-08', 4.3, 'CLIENT', 37),
(37, 'michael29', '58666f28aae2b628847c7ebe011eacc894a90a2cd9ea3ad06ccb04f319c38775', 'Daniel', 'Welch', 'kathleen00@example.org', '1952-05-01', NULL, 'DRIVER', 101),
(38, 'jose45', '85d485a84f0e429d5140704e44278918564eadd3bf35993a4a164e4e8b8a9591', 'Jessica', 'Jensen', 'stephanieparker@example.net', '1961-08-20', 1.2, 'ADMIN', 94),
(39, 'rbrown', '0a9f99a6a9e5e83a71789d53bddab77fc2179eab76dfffdcd2d54054b8a3c402', 'Kyle', 'Harmon', 'gina08@example.com', '1973-06-17', NULL, 'ADMIN', 195),
(40, 'kruegertimothy', '07d4c188282df905956460f831a393508f45ee6e9ed10f8338e58865ad68b03b', 'Amanda', 'Stewart', 'hendersonmichael@example.com', '1986-08-18', 3.8, 'ADMIN', 79),
(41, 'ematthews', '1172e9b9e7c378da19b91a8a5ca3aaad40c454067386239ee40c69fef3c39400', 'Christine', 'Cortez', 'richardgomez@example.net', '1950-07-03', 1.4, 'ADMIN', 6),
(42, 'coxgreg', 'd60b02a503c0f712c6b3636c7cb205ac269b7e951029028c7f83b3be50a0190b', 'David', 'Jenkins', 'jacobsonkayla@example.org', '1968-06-17', NULL, 'DRIVER', 156),
(43, 'toddmartin', '14bda5e26ec6d603d0fdf53c0e377bd7bde18eb8f937a649080f495df45c2f94', 'James', 'Black', 'candace16@example.org', '1948-05-12', 1.2, 'DRIVER', 130),
(44, 'dana31', '97b59bed0498949438464514cef5d001d429aa5bf3c69adc0e2019179444fa4a', 'Wendy', 'King', 'phillipsdavid@example.com', '1958-05-20', 1.5, 'CLIENT', 12),
(45, 'millermary', '40dfd77065d1b2940427fc18fb58e111461a9ac2cfd8f8fe2a4eebd76e5b5b07', 'David', 'Diaz', 'rodriguezsteven@example.com', '1956-06-19', 1.5, 'ADMIN', 183),
(46, 'rachel14', 'bd622f70d1fef0b8cc1d7544e7b32d2ceaca60c8e5119f3d4f7d092b2a890f6d', 'Kathy', 'Maxwell', 'stephentaylor@example.net', '1946-06-21', NULL, 'DRIVER', 126),
(47, 'laurensteele', '082b71db6e26e85fa6752607207431509149f791b686d58a39bacac5451b8f9b', 'Cheryl', 'Huff', 'lopezeric@example.net', '1999-02-21', NULL, 'DRIVER', 137),
(48, 'wadebridget', '9bbbf6ddc74c1f12de49af9dd66510e33eea357b2accc9bc14812f97407f7dc2', 'Alan', 'Deleon', 'sonya73@example.org', '1989-01-29', NULL, 'ADMIN', 83),
(49, 'hinesdennis', '7db19fcbc2681cefcc873fede69fa89015fc8d9ac59a1fd309f0c971e0f2eed0', 'Scott', 'Martinez', 'qlopez@example.org', '1982-03-14', NULL, 'ADMIN', 128),
(50, 'perkinsjennifer', '1a02ea9927ba2ff09fc9bcf63de1d01424f79f582393cab8ca60fb78c86e0aae', 'Nina', 'Hines', 'riverawilliam@example.net', '1998-04-19', 4.6, 'DRIVER', 99),
(51, 'jacksonalicia', '2b454d07e279e5c00642c8296cd0d7692579ddfa7ad4c480182b901503e8ecfc', 'David', 'King', 'lyonscynthia@example.com', '1982-03-19', 1.9, 'CLIENT', 32),
(52, 'aliciacoleman', '617343923d52820c5b44248a5b6669b8219fa28ee74f6d697429023f109eeb89', 'Corey', 'Garcia', 'alicia20@example.net', '1999-03-31', 2.0, 'ADMIN', 148),
(53, 'weavercathy', 'c93ff0f27d992aff3ad2aac5b362ab68932ebbe7b47d2fbf6dd8401c657d7b24', 'Thomas', 'Dixon', 'aaron43@example.net', '1989-12-06', 1.2, 'CLIENT', 39),
(54, 'jordan44', '2a6166bc376b8d962a7dc960a83c1ed0f359f15c2888fb36ee3b57b9a1ea14a3', 'Jacob', 'Thomas', 'cobbbrett@example.net', '1954-04-11', NULL, 'DRIVER', 21),
(55, 'tporter', '55f3f89c110c0427658221d25291d16325c44d62f07960efb16e4dc8689d4166', 'Christine', 'Smith', 'vpeterson@example.org', '1983-02-20', 4.9, 'ADMIN', 163),
(56, 'jacqueline67', 'e2630f74eb1b193a3ba804229925943b60b67a4c84776ec67880bb059edb72e5', 'Mark', 'Tucker', 'jason99@example.com', '2003-02-14', 3.1, 'ADMIN', 112),
(57, 'promero', '84729ccc975efa17a624f90d8828516556ae33e8ee50d953204a8900897abd69', 'Patricia', 'Kelley', 'sarahbrown@example.net', '2002-12-14', 2.9, 'CLIENT', 196),
(58, 'xbaker', '5b9dd2d6a5f70259733be76e54b74cb509ecc81ef70ce04adf00a0c1cf364de3', 'Michael', 'Murphy', 'yfranklin@example.org', '1986-04-20', 4.4, 'CLIENT', 19),
(59, 'leebarbara', '5f86f69ed84be7728f05ae1ec303bde28eaa79e6a549f093ceb41b738d6e5f41', 'Benjamin', 'Hardin', 'amanda50@example.com', '1980-06-08', 3.4, 'CLIENT', 47),
(60, 'gregorysophia', '01e07769ea67d1dcfb71d4b7fba63adc7c4d53c7c2e641130bc1f3aa9151ce33', 'Julie', 'Robinson', 'laurachristian@example.net', '1954-01-14', NULL, 'ADMIN', 181),
(61, 'jfischer', '983700ba932ef13693dade80f35525a54be2f2fdfeecd667bceeccee00f9a816', 'Michelle', 'Brown', 'katrinacoffey@example.com', '1999-09-04', 2.4, 'CLIENT', 73),
(62, 'hgillespie', 'df8d05bb87c5d33fcde356fd7dd82b6ff21b440a964578ed2be2c6712234bcb2', 'Victoria', 'Jones', 'gbryant@example.net', '1957-01-26', NULL, 'DRIVER', 93),
(63, 'sherrydavenport', '251de417bd88b9225f5d41113c03e6c5a94abd953f4b31bf552d31e16474a537', 'Katherine', 'Mitchell', 'john15@example.org', '1966-02-22', 2.0, 'ADMIN', 57),
(64, 'mwillis', 'ccc3e3336d5a42269b98f6c8e01a63fc72bf34bff3092d42c08197b8510ed3de', 'Pamela', 'Rogers', 'meredith63@example.org', '1965-11-02', 4.7, 'DRIVER', 4),
(65, 'moorebrandon', '9744c9f46043194b1d8f1d410b99a18aca2d25574a45c5734990dd7743af2481', 'Kevin', 'Reyes', 'miranda16@example.org', '2005-09-09', NULL, 'ADMIN', 105),
(66, 'bethany66', 'ce53497ca9512edd6b6e44dce7827e0e966d9d0f1aa65669922c2db28e4536b3', 'Amy', 'Ho', 'jonathanbeasley@example.org', '1963-06-30', 1.5, 'DRIVER', 153),
(67, 'jeffrey52', 'a4568f53fa0265b8f013a06e68e34c35d22a280bdacdb037d7deecbe552096da', 'Brandon', 'Castaneda', 'gsimon@example.org', '1979-01-10', NULL, 'DRIVER', 194),
(68, 'angela06', 'c8eab1ccef01f7400608c4212fec8d89921755375745784b66dba205517914ca', 'Chelsea', 'Brewer', 'roberthuffman@example.net', '1956-03-10', 1.1, 'DRIVER', 74),
(69, 'gilbertdonald', '1483dcf6945c7610cbb18fc45a6a552c053e6e33b562b9f0f2a8e59aeb1c63f8', 'Timothy', 'Edwards', 'jbell@example.net', '1993-12-07', 4.6, 'CLIENT', 119),
(70, 'julie51', 'a839b0e6e3443b08ddfd6fc4b9bf43ec530636714e993bc2e858dedad2b20560', 'Raymond', 'Walker', 'fdawson@example.net', '1987-11-12', 3.0, 'DRIVER', 25),
(71, 'jonesjessica', 'c3cfff7a06fcfb6b9944135a8aa939311bade6248ebe3ecaeb6a5fd96b561de6', 'Morgan', 'Gonzalez', 'gturner@example.com', '1989-06-13', 3.5, 'CLIENT', 126),
(72, 'glasskimberly', 'eaa553ccff3dc1035c6e34c7b167c388dd4705cd34747596e8832d38af394d6f', 'Julia', 'Nelson', 'cherylshah@example.org', '1951-04-18', NULL, 'ADMIN', 162),
(73, 'michelle95', 'da8e6199386e4248a3529dd51c94196c43a057cd322cb646c849d8169c5c15ff', 'Tiffany', 'Vargas', 'pearsondonald@example.net', '1962-08-03', 3.9, 'DRIVER', 60),
(74, 'ghernandez', 'a35024fababcf47e8b39d91ecab85c0d023ee61951308bda7a59eecd04837539', 'Joshua', 'Harris', 'alicematthews@example.net', '1998-08-16', NULL, 'CLIENT', 63),
(75, 'calebnoble', 'cc1ca0dad7c2bec42accec1f0d8d3c53f198325974dfe840c1d4b9f1c642e8c1', 'Nicholas', 'Allen', 'kirstenpeterson@example.org', '2008-01-29', NULL, 'CLIENT', 56),
(76, 'deborahhayes', 'a0c1a61ed532754943e3340caf3c8bf962ab90df7b31e3c9719f2087f6702f99', 'Aaron', 'Richardson', 'schaeferjoshua@example.net', '1984-07-13', 4.0, 'CLIENT', 133),
(77, 'schaeferanthony', '5169371ee1c4f4b6a8ab3a4e4ec262e7d618e65624fe7fcc20bc06cd0822efa4', 'Erica', 'Wallace', 'vhiggins@example.org', '1950-05-23', NULL, 'CLIENT', 148),
(78, 'mary92', '08fa7b2927f1e9933bb895efa699affc260cdefd0f248b39a02663b9d1b56961', 'Jamie', 'White', 'jwilliams@example.net', '1955-04-04', NULL, 'DRIVER', 4),
(79, 'andrewmills', '16d89fba0383f32a693a6b49549f41a2bd8c557bd8d80b690da5e90e77360cdd', 'Mark', 'Cox', 'buchananshawn@example.net', '1970-10-18', 3.0, 'CLIENT', 118),
(80, 'ann77', '606ff203f99c26cd56a2cb8bd1f02455a1c42cb55dca20d014dcf35b0d809b33', 'Katelyn', 'Kirby', 'morrisjames@example.net', '1982-07-12', 3.6, 'DRIVER', 115);

INSERT INTO driver_infos (id, driving_experience, range, driving_license, user_id) VALUES
(1, 24, 102, 'HQT 383', 3),
(2, 13, 154, 'CW 84437', 5),
(3, 9, 308, '6EP04', 8),
(4, 11, 836, 'IKS-9640', 9),
(5, 22, 499, '013-HUZ', 17),
(6, 21, 543, '894 7XX', 18),
(7, 29, 334, '4-2545D', 20),
(8, 13, 138, '141-734', 22),
(9, 13, 888, 'N49 9EV', 23),
(10, 30, 196, 'UKF 871', 25),
(11, 37, 947, 'FQE 319', 26),
(12, 25, 746, '431-VGPO', 28),
(13, 4, 330, '20P VW6', 33),
(14, 35, 790, 'VRL-9152', 34),
(15, 21, 449, 'COA 302', 37),
(16, 21, 606, 'KYP 981', 42),
(17, 4, 133, 'CAA 138', 43),
(18, 6, 987, 'MLO 287', 46),
(19, 6, 252, '3421 VH', 47),
(20, 25, 415, '2-S7831', 50),
(21, 23, 248, 'BDJ7020', 54),
(22, 21, 362, '83-XC15', 62),
(23, 34, 731, '673 IVL', 64),
(24, 27, 995, 'N31 8GI', 66),
(25, 28, 149, '798 XT6', 67),
(26, 17, 317, 'RZP-8240', 68),
(27, 8, 738, '325-ETI', 70),
(28, 35, 209, '1W-KJGW', 73),
(29, 27, 300, '70F-THKL', 78),
(30, 21, 389, '264 OFL', 80);

INSERT INTO vehicles (id, model, make, year, color, price_per_km, is_active, can_carry_furniture, driver_id, vehicle_type_id) VALUES
(1, 'Property', 'Wright-Mckenzie', 1981, 'Wheat', 29, true, false, 1, 1),
(2, 'Billion', 'Keller, White and Romero', 2024, 'SpringGreen', 48, false, false, 1, 4),
(3, 'Respond', 'Medina-Taylor', 2010, 'OldLace', 31, true, false, 2, 3),
(4, 'Possible', 'Sandoval, Williams and Sanders', 1980, 'Turquoise', 9, false, true, 2, 1),
(5, 'Indicate', 'Blevins-Burch', 1985, 'SteelBlue', 34, false, true, 3, 5),
(6, 'Question', 'Baker Ltd', 2011, 'SlateBlue', 9, false, true, 4, 5),
(7, 'Large', 'Taylor PLC', 1981, 'OliveDrab', 20, true, true, 5, 2),
(8, 'Tree', 'Webster-White', 1998, 'AntiqueWhite', 46, false, false, 5, 1),
(9, 'Behavior', 'White PLC', 1975, 'DarkCyan', 25, true, true, 6, 1),
(10, 'Rest', 'Poole, Barr and Wright', 2003, 'DodgerBlue', 45, false, false, 6, 6),
(11, 'Deal', 'Stewart-Stewart', 1970, 'Peru', 15, false, true, 7, 2),
(12, 'Trade', 'Mccullough, Paul and Taylor', 2011, 'LightGreen', 6, false, false, 7, 3),
(13, 'Option', 'Mason Group', 1979, 'MediumPurple', 36, false, true, 7, 6),
(14, 'Plan', 'Walker LLC', 1989, 'MediumVioletRed', 49, true, false, 8, 2),
(15, 'Carry', 'Rojas-Santiago', 2011, 'AntiqueWhite', 49, false, false, 8, 6),
(16, 'Coach', 'Evans Inc', 1986, 'Pink', 21, true, false, 8, 5),
(17, 'Police', 'Lawrence Inc', 2016, 'Fuchsia', 19, false, false, 9, 5),
(18, 'Smile', 'Bennett-White', 1997, 'SlateGray', 13, true, false, 9, 3),
(19, 'There', 'Garcia Inc', 2002, 'SpringGreen', 24, false, true, 9, 2),
(20, 'Effect', 'Sims, Williamson and Compton', 1997, 'Ivory', 9, true, false, 10, 1),
(21, 'Pull', 'Humphrey, Mcgee and Rowe', 2024, 'Coral', 12, true, false, 11, 6),
(22, 'Fire', 'Merritt Inc', 2010, 'LightSkyBlue', 20, false, false, 11, 2),
(23, 'Remember', 'Casey, Lester and Harrison', 2017, 'Aqua', 33, true, true, 12, 3),
(24, 'Four', 'Smith Inc', 2016, 'OrangeRed', 42, true, true, 12, 6),
(25, 'Statement', 'Frazier Inc', 2007, 'CornflowerBlue', 49, true, true, 12, 1),
(26, 'Test', 'Bryan-Stewart', 2020, 'CornflowerBlue', 43, true, false, 13, 5),
(27, 'Wear', 'Sullivan-Ramos', 1987, 'MediumTurquoise', 14, false, true, 13, 1),
(28, 'Decide', 'Smith-Morris', 2003, 'CornflowerBlue', 22, true, false, 14, 1),
(29, 'Piece', 'Wright-Jenkins', 1975, 'DarkMagenta', 9, true, true, 15, 5),
(30, 'Bar', 'Ruiz-Dixon', 1991, 'DarkTurquoise', 10, false, false, 15, 1),
(31, 'Building', 'Wolfe-Rodriguez', 2024, 'OrangeRed', 6, false, false, 15, 4),
(32, 'Involve', 'Wallace-Diaz', 2017, 'YellowGreen', 47, true, true, 16, 5),
(33, 'Life', 'Black and Sons', 2017, 'CadetBlue', 44, true, true, 16, 4),
(34, 'Success', 'Watkins, Allen and Brown', 2003, 'Azure', 14, false, false, 17, 5),
(35, 'Gun', 'Manning, Adams and Hendricks', 1998, 'MistyRose', 20, false, true, 17, 6),
(36, 'Add', 'Diaz Inc', 1981, 'Brown', 13, true, false, 18, 3),
(37, 'Indeed', 'Bell, Brown and Rodriguez', 2021, 'LavenderBlush', 45, true, true, 19, 6),
(38, 'Situation', 'Anderson LLC', 1980, 'LightSlateGray', 40, true, true, 20, 2),
(39, 'Heavy', 'Evans-Jenkins', 1983, 'LightSeaGreen', 30, true, false, 20, 6),
(40, 'Leave', 'Logan-Summers', 1997, 'GreenYellow', 44, false, true, 20, 1),
(41, 'Charge', 'Sanchez Inc', 1983, 'Silver', 13, false, false, 21, 3),
(42, 'On', 'Oconnor LLC', 2017, 'IndianRed', 24, true, true, 22, 1),
(43, 'Tell', 'Morris, Barker and Gilmore', 1971, 'BlueViolet', 41, false, false, 23, 2),
(44, 'Born', 'White Group', 1997, 'Chartreuse', 11, false, false, 24, 2),
(45, 'Least', 'Oliver-Dixon', 2003, 'Lavender', 31, false, true, 25, 2),
(46, 'Become', 'Evans Ltd', 2018, 'LightSeaGreen', 36, true, false, 25, 3),
(47, 'Dog', 'Rollins, Ingram and Odonnell', 2021, 'OrangeRed', 49, false, true, 25, 6),
(48, 'Itself', 'Munoz Inc', 1970, 'Olive', 9, true, false, 26, 1),
(49, 'Wish', 'Larson-Walker', 1983, 'LightGray', 13, true, false, 26, 6),
(50, 'Information', 'Hunter, Garcia and Peck', 2012, 'Chartreuse', 24, true, true, 27, 2),
(51, 'Phone', 'Johnson Ltd', 1981, 'SeaGreen', 42, false, true, 28, 2),
(52, 'Operation', 'Stout-Hernandez', 1987, 'DarkGreen', 38, false, false, 28, 6),
(53, 'May', 'Martin-Jones', 2009, 'MediumVioletRed', 21, false, false, 28, 5),
(54, 'Data', 'Dominguez PLC', 2022, 'Snow', 13, true, false, 29, 3),
(55, 'Represent', 'Pearson-Ellis', 1999, 'WhiteSmoke', 16, false, true, 30, 3),
(56, 'Produce', 'Shelton LLC', 2003, 'Indigo', 24, true, true, 30, 1);

INSERT INTO move_requests (id, move_date, max_budget, client_id, from_address_id, to_address_id, status) VALUES
(1, '2026-01-30 13:28:52', 1759, 6, 28, 35, 'PENDING'),
(2, '2026-01-15 00:05:20', 335, 6, 26, 94, 'OFFER_AVAILABLE'),
(3, '2026-01-06 19:58:48', 4399, 11, 46, 198, 'OFFER_AVAILABLE'),
(4, '2026-01-28 11:14:56', 3428, 11, 39, 137, 'PENDING'),
(5, '2026-02-08 23:47:25', 2086, 13, 83, 14, 'CREATED'),
(6, '2026-01-05 22:40:06', 2168, 13, 54, 133, 'PENDING'),
(7, '2026-01-05 19:46:43', 2865, 13, 174, 137, 'OFFER_AVAILABLE'),
(8, '2026-02-10 04:36:28', 155, 13, 161, 65, 'OFFER_AVAILABLE'),
(9, '2026-02-01 22:50:19', 4440, 15, 197, 129, 'OFFER_SENT'),
(10, '2026-01-11 08:56:44', 2972, 15, 149, 80, 'PENDING'),
(11, '2026-01-22 22:06:30', 3436, 15, 155, 112, 'OFFER_SENT'),
(12, '2026-01-24 18:44:16', 169, 16, 100, 106, 'OFFER_AVAILABLE'),
(13, '2026-01-14 00:34:36', 590, 16, 180, 6, 'OFFER_SENT'),
(14, '2026-01-25 21:07:29', 2776, 16, 79, 175, 'PENDING'),
(15, '2026-01-19 00:54:42', 3135, 16, 160, 39, 'OFFER_SENT'),
(16, '2026-01-23 03:53:33', 3184, 21, 193, 100, 'CREATED'),
(17, '2026-02-21 12:59:29', 3701, 21, 168, 97, 'OFFER_SENT'),
(18, '2026-01-23 01:08:48', 3485, 21, 54, 32, 'PENDING'),
(19, '2026-01-30 14:53:58', 3483, 21, 61, 21, 'CREATED'),
(20, '2026-02-05 12:09:12', 1984, 21, 66, 160, 'OFFER_SENT'),
(21, '2026-01-27 08:59:12', 3089, 24, 193, 128, 'PENDING'),
(22, '2026-01-21 21:22:06', 3651, 24, 98, 103, 'OFFER_AVAILABLE'),
(23, '2026-02-13 11:32:05', 4679, 24, 108, 39, 'PENDING'),
(24, '2026-01-25 05:12:07', 4535, 24, 78, 33, 'PENDING'),
(25, '2026-01-21 01:40:09', 4485, 24, 67, 25, 'PENDING'),
(26, '2026-01-01 22:37:45', 3276, 32, 38, 192, 'PENDING'),
(27, '2026-02-16 14:24:05', 4190, 32, 194, 197, 'PENDING'),
(28, '2026-01-03 23:01:41', 1825, 32, 3, 76, 'OFFER_SENT'),
(29, '2026-01-21 11:27:51', 4539, 35, 175, 45, 'OFFER_AVAILABLE'),
(30, '2026-01-14 17:40:30', 2733, 35, 186, 124, 'CREATED'),
(31, '2026-01-17 04:42:46', 2034, 35, 98, 168, 'OFFER_SENT'),
(32, '2026-02-19 08:17:12', 562, 36, 192, 35, 'OFFER_AVAILABLE'),
(33, '2026-01-30 21:06:37', 3699, 44, 138, 74, 'CREATED'),
(34, '2026-01-02 13:32:22', 2686, 44, 25, 37, 'CREATED'),
(35, '2026-02-03 18:24:55', 3534, 44, 166, 73, 'CREATED'),
(36, '2026-01-28 12:11:59', 4211, 44, 104, 192, 'OFFER_SENT'),
(37, '2026-01-28 19:39:43', 2544, 51, 149, 190, 'PENDING'),
(38, '2026-02-20 01:47:27', 1452, 51, 75, 87, 'OFFER_AVAILABLE'),
(39, '2026-01-05 15:49:58', 1566, 51, 153, 104, 'OFFER_SENT'),
(40, '2026-02-07 11:00:06', 3843, 51, 43, 130, 'OFFER_AVAILABLE'),
(41, '2026-01-22 13:08:58', 787, 51, 12, 61, 'CREATED'),
(42, '2026-01-02 15:20:25', 1897, 53, 64, 115, 'CREATED'),
(43, '2026-02-06 21:18:54', 4152, 57, 116, 74, 'OFFER_SENT'),
(44, '2026-01-05 00:11:48', 1075, 58, 199, 165, 'CREATED'),
(45, '2026-01-16 02:21:40', 4989, 58, 92, 41, 'OFFER_SENT'),
(46, '2026-01-03 10:15:09', 4086, 58, 162, 195, 'PENDING'),
(47, '2026-01-28 23:58:19', 4530, 58, 14, 200, 'PENDING'),
(48, '2026-01-13 15:27:08', 342, 58, 42, 9, 'PENDING'),
(49, '2026-01-30 20:31:28', 2374, 59, 92, 166, 'CREATED'),
(50, '2026-02-21 14:04:52', 576, 59, 117, 103, 'OFFER_AVAILABLE'),
(51, '2026-02-17 13:49:40', 2960, 59, 171, 175, 'OFFER_SENT'),
(52, '2026-01-11 10:50:51', 4662, 61, 179, 150, 'CREATED'),
(53, '2026-01-13 08:58:50', 2149, 61, 36, 125, 'OFFER_SENT'),
(54, '2026-01-28 23:01:10', 4177, 61, 199, 163, 'CREATED'),
(55, '2026-01-05 21:51:40', 982, 61, 161, 5, 'CREATED'),
(56, '2026-01-25 08:53:57', 1387, 61, 73, 19, 'OFFER_SENT'),
(57, '2026-02-16 12:10:38', 4984, 69, 106, 121, 'CREATED'),
(58, '2026-01-01 21:02:25', 259, 69, 38, 94, 'OFFER_AVAILABLE'),
(59, '2026-02-04 05:09:52', 1071, 71, 123, 90, 'PENDING'),
(60, '2026-01-24 10:19:59', 908, 74, 43, 163, 'OFFER_AVAILABLE'),
(61, '2026-01-19 08:44:01', 674, 74, 171, 154, 'OFFER_AVAILABLE'),
(62, '2026-02-07 02:36:19', 2838, 75, 44, 45, 'OFFER_AVAILABLE'),
(63, '2026-01-29 17:13:04', 2443, 76, 38, 10, 'CREATED'),
(64, '2026-02-03 20:10:33', 3133, 76, 61, 33, 'CREATED'),
(65, '2026-01-24 08:09:11', 4775, 76, 7, 14, 'OFFER_SENT'),
(66, '2026-01-27 10:18:57', 1644, 76, 88, 59, 'CREATED'),
(67, '2026-02-21 01:10:24', 4381, 77, 65, 183, 'PENDING'),
(68, '2026-01-11 10:13:20', 1580, 77, 24, 42, 'OFFER_AVAILABLE'),
(69, '2026-02-05 17:11:30', 1374, 77, 176, 38, 'PENDING'),
(70, '2026-02-07 06:44:36', 4160, 77, 14, 96, 'CREATED'),
(71, '2026-01-18 02:53:09', 718, 79, 66, 174, 'PENDING');

INSERT INTO luggage_entries (id, quantity, move_request_id, luggage_type_id) VALUES
(1, 18, 1, 2),
(2, 19, 1, 5),
(3, 18, 1, 4),
(4, 15, 1, 5),
(5, 4, 1, 4),
(6, 11, 1, 3),
(7, 1, 1, 1),
(8, 6, 1, 3),
(9, 2, 2, 1),
(10, 8, 2, 5),
(11, 10, 2, 1),
(12, 17, 2, 3),
(13, 14, 2, 1),
(14, 19, 2, 1),
(15, 6, 2, 5),
(16, 8, 2, 4),
(17, 8, 3, 2),
(18, 20, 3, 4),
(19, 6, 3, 1),
(20, 13, 3, 3),
(21, 16, 3, 4),
(22, 17, 3, 2),
(23, 6, 3, 5),
(24, 19, 3, 5),
(25, 16, 3, 4),
(26, 14, 4, 2),
(27, 20, 4, 2),
(28, 14, 4, 2),
(29, 15, 4, 1),
(30, 1, 4, 3),
(31, 8, 4, 2),
(32, 15, 5, 5),
(33, 16, 5, 5),
(34, 3, 5, 1),
(35, 8, 5, 5),
(36, 3, 5, 2),
(37, 6, 5, 3),
(38, 8, 6, 4),
(39, 10, 6, 4),
(40, 17, 6, 5),
(41, 17, 7, 3),
(42, 19, 7, 2),
(43, 2, 7, 2),
(44, 13, 7, 2),
(45, 5, 7, 1),
(46, 12, 8, 2),
(47, 9, 8, 3),
(48, 5, 8, 3),
(49, 2, 8, 3),
(50, 11, 8, 3),
(51, 9, 8, 2),
(52, 19, 8, 2),
(53, 8, 8, 1),
(54, 5, 8, 3),
(55, 9, 8, 4),
(56, 11, 9, 1),
(57, 5, 9, 1),
(58, 5, 9, 1),
(59, 10, 9, 2),
(60, 7, 9, 3),
(61, 16, 9, 4),
(62, 14, 9, 2),
(63, 18, 9, 1),
(64, 5, 10, 3),
(65, 19, 10, 3),
(66, 2, 10, 5),
(67, 9, 11, 4),
(68, 14, 11, 5),
(69, 20, 12, 2),
(70, 3, 12, 5),
(71, 12, 12, 1),
(72, 16, 12, 1),
(73, 12, 13, 3),
(74, 12, 13, 3),
(75, 8, 13, 2),
(76, 4, 13, 5),
(77, 11, 13, 5),
(78, 12, 13, 2),
(79, 18, 13, 2),
(80, 20, 13, 1),
(81, 3, 14, 5),
(82, 5, 14, 5),
(83, 3, 15, 1),
(84, 5, 15, 2),
(85, 12, 15, 5),
(86, 16, 15, 4),
(87, 7, 15, 5),
(88, 20, 15, 2),
(89, 10, 15, 3),
(90, 11, 15, 3),
(91, 5, 16, 5),
(92, 5, 16, 5),
(93, 11, 17, 4),
(94, 20, 17, 3),
(95, 12, 17, 5),
(96, 19, 17, 1),
(97, 5, 18, 3),
(98, 10, 19, 1),
(99, 16, 20, 3),
(100, 16, 20, 5),
(101, 6, 20, 3),
(102, 9, 20, 4),
(103, 9, 20, 4),
(104, 4, 20, 1),
(105, 4, 20, 1),
(106, 12, 20, 3),
(107, 10, 20, 5),
(108, 13, 20, 2),
(109, 16, 21, 4),
(110, 1, 21, 4),
(111, 13, 21, 4),
(112, 6, 21, 3),
(113, 4, 21, 2),
(114, 8, 21, 4),
(115, 16, 22, 3),
(116, 17, 22, 2),
(117, 17, 22, 3),
(118, 16, 22, 5),
(119, 11, 22, 2),
(120, 4, 22, 5),
(121, 8, 22, 2),
(122, 9, 22, 1),
(123, 7, 23, 5),
(124, 7, 23, 5),
(125, 6, 23, 3),
(126, 20, 24, 4),
(127, 13, 24, 3),
(128, 13, 24, 3),
(129, 8, 25, 5),
(130, 9, 25, 3),
(131, 10, 25, 5),
(132, 2, 25, 1),
(133, 10, 26, 4),
(134, 16, 26, 5),
(135, 14, 26, 4),
(136, 12, 27, 5),
(137, 13, 27, 4),
(138, 16, 27, 5),
(139, 19, 27, 3),
(140, 6, 27, 5),
(141, 17, 27, 5),
(142, 8, 27, 3),
(143, 7, 27, 5),
(144, 3, 27, 1),
(145, 15, 27, 5),
(146, 3, 28, 2),
(147, 20, 28, 2),
(148, 7, 29, 3),
(149, 20, 29, 4),
(150, 14, 29, 3),
(151, 8, 29, 3),
(152, 13, 29, 1),
(153, 16, 29, 2),
(154, 9, 29, 1),
(155, 5, 30, 5),
(156, 9, 30, 3),
(157, 8, 30, 2),
(158, 6, 30, 2),
(159, 9, 30, 2),
(160, 20, 30, 4),
(161, 11, 30, 5),
(162, 18, 30, 4),
(163, 3, 30, 4),
(164, 6, 30, 3),
(165, 11, 31, 1),
(166, 2, 31, 2),
(167, 14, 31, 2),
(168, 1, 32, 4),
(169, 6, 32, 4),
(170, 17, 32, 1),
(171, 18, 32, 4),
(172, 20, 32, 3),
(173, 17, 32, 2),
(174, 14, 33, 1),
(175, 5, 33, 1),
(176, 3, 33, 4),
(177, 7, 33, 3),
(178, 7, 34, 4),
(179, 10, 34, 4),
(180, 7, 34, 4),
(181, 2, 34, 2),
(182, 20, 34, 3),
(183, 10, 34, 1),
(184, 3, 34, 5),
(185, 5, 34, 1),
(186, 18, 34, 5),
(187, 13, 34, 4),
(188, 20, 35, 4),
(189, 14, 35, 1),
(190, 4, 35, 5),
(191, 8, 36, 2),
(192, 18, 37, 4),
(193, 15, 37, 1),
(194, 18, 37, 2),
(195, 19, 37, 5),
(196, 20, 38, 3),
(197, 12, 38, 2),
(198, 18, 38, 4),
(199, 17, 38, 1),
(200, 5, 38, 4),
(201, 11, 38, 5),
(202, 9, 38, 2),
(203, 9, 38, 1),
(204, 14, 39, 4),
(205, 15, 39, 3),
(206, 11, 39, 3),
(207, 19, 39, 3),
(208, 6, 39, 1),
(209, 13, 39, 3),
(210, 6, 39, 3),
(211, 3, 40, 4),
(212, 2, 40, 2),
(213, 13, 40, 2),
(214, 13, 40, 2),
(215, 11, 40, 2),
(216, 17, 41, 1),
(217, 20, 41, 3),
(218, 13, 41, 4),
(219, 18, 41, 3),
(220, 16, 42, 3),
(221, 18, 42, 3),
(222, 3, 42, 5),
(223, 11, 42, 5),
(224, 2, 42, 1),
(225, 3, 42, 5),
(226, 14, 42, 1),
(227, 15, 42, 5),
(228, 10, 42, 2),
(229, 13, 43, 4),
(230, 2, 43, 1),
(231, 14, 43, 5),
(232, 14, 43, 3),
(233, 1, 43, 4),
(234, 10, 43, 2),
(235, 7, 44, 1),
(236, 4, 44, 3),
(237, 1, 44, 3),
(238, 10, 44, 3),
(239, 3, 44, 3),
(240, 19, 45, 2),
(241, 11, 45, 2),
(242, 16, 45, 1),
(243, 20, 45, 5),
(244, 6, 45, 3),
(245, 3, 46, 5),
(246, 15, 46, 5),
(247, 5, 46, 2),
(248, 6, 46, 4),
(249, 1, 46, 3),
(250, 7, 46, 3),
(251, 10, 46, 3),
(252, 14, 46, 2),
(253, 11, 46, 1),
(254, 17, 46, 1),
(255, 6, 47, 5),
(256, 17, 47, 1),
(257, 12, 47, 5),
(258, 20, 47, 3),
(259, 19, 47, 2),
(260, 12, 47, 3),
(261, 18, 47, 3),
(262, 7, 48, 2),
(263, 18, 48, 4),
(264, 2, 48, 4),
(265, 16, 48, 2),
(266, 20, 48, 5),
(267, 10, 48, 4),
(268, 6, 48, 3),
(269, 18, 48, 3),
(270, 18, 48, 3),
(271, 1, 48, 2),
(272, 20, 49, 5),
(273, 9, 49, 2),
(274, 15, 49, 4),
(275, 20, 49, 5),
(276, 2, 49, 5),
(277, 18, 49, 2),
(278, 5, 49, 1),
(279, 1, 49, 4),
(280, 17, 49, 5),
(281, 20, 49, 2),
(282, 18, 50, 5),
(283, 4, 50, 4),
(284, 4, 50, 5),
(285, 12, 50, 4),
(286, 13, 50, 2),
(287, 11, 50, 4),
(288, 20, 51, 2),
(289, 8, 51, 4),
(290, 2, 51, 5),
(291, 12, 51, 5),
(292, 5, 51, 4),
(293, 7, 51, 3),
(294, 16, 51, 4),
(295, 4, 52, 1),
(296, 10, 52, 1),
(297, 12, 52, 3),
(298, 7, 52, 4),
(299, 10, 53, 3),
(300, 20, 53, 3),
(301, 13, 53, 1),
(302, 10, 54, 1),
(303, 18, 54, 1),
(304, 4, 54, 1),
(305, 11, 54, 4),
(306, 7, 54, 1),
(307, 11, 54, 4),
(308, 3, 54, 1),
(309, 20, 54, 1),
(310, 6, 55, 2),
(311, 17, 55, 3),
(312, 12, 55, 5),
(313, 5, 55, 4),
(314, 11, 55, 5),
(315, 9, 56, 1),
(316, 1, 56, 3),
(317, 14, 57, 4),
(318, 20, 57, 3),
(319, 2, 57, 3),
(320, 16, 57, 5),
(321, 8, 57, 5),
(322, 11, 57, 5),
(323, 11, 57, 1),
(324, 15, 57, 5),
(325, 17, 57, 1),
(326, 2, 57, 2),
(327, 12, 58, 3),
(328, 6, 58, 4),
(329, 20, 58, 5),
(330, 2, 58, 1),
(331, 8, 58, 2),
(332, 6, 58, 4),
(333, 15, 58, 1),
(334, 5, 58, 5),
(335, 4, 58, 2),
(336, 13, 59, 2),
(337, 3, 59, 1),
(338, 1, 59, 1),
(339, 9, 60, 2),
(340, 15, 60, 4),
(341, 16, 60, 3),
(342, 8, 60, 3),
(343, 6, 61, 3),
(344, 9, 61, 2),
(345, 18, 61, 5),
(346, 2, 61, 3),
(347, 18, 61, 1),
(348, 9, 61, 3),
(349, 9, 62, 4),
(350, 12, 63, 1),
(351, 15, 63, 2),
(352, 9, 64, 3),
(353, 4, 64, 2),
(354, 17, 64, 4),
(355, 4, 64, 1),
(356, 18, 64, 5),
(357, 18, 64, 1),
(358, 13, 64, 5),
(359, 15, 64, 3),
(360, 8, 64, 2),
(361, 15, 64, 4),
(362, 14, 65, 4),
(363, 2, 65, 5),
(364, 16, 65, 2),
(365, 7, 65, 4),
(366, 18, 65, 5),
(367, 1, 65, 2),
(368, 10, 65, 5),
(369, 20, 65, 1),
(370, 19, 66, 3),
(371, 3, 67, 5),
(372, 10, 68, 5),
(373, 5, 68, 2),
(374, 18, 68, 3),
(375, 17, 68, 2),
(376, 20, 68, 2),
(377, 15, 69, 1),
(378, 8, 69, 4),
(379, 2, 69, 1),
(380, 16, 69, 2),
(381, 4, 70, 3),
(382, 20, 70, 3),
(383, 10, 70, 4),
(384, 11, 70, 5),
(385, 1, 70, 2),
(386, 5, 71, 1),
(387, 17, 71, 1),
(388, 20, 71, 5);

INSERT INTO move_offers (id, price, offered_date, move_request_id, driver_id, vehicle_id, status) VALUES
(1, 193, '2026-01-28 04:18:40', 1, 20, 40, 'OFFER_SENT'),
(2, 246, '2026-01-03 14:54:20', 1, 34, 10, 'OFFER_SENT'),
(3, 83, '2026-01-22 13:24:55', 2, 28, 53, 'CREATED'),
(4, 97, '2026-01-17 21:42:06', 2, 62, 11, 'CREATED'),
(5, 234, '2026-01-12 03:01:30', 2, 66, 13, 'OFFER_SENT'),
(6, 3823, '2026-02-17 10:46:08', 3, 54, 42, 'OFFER_AVAILABLE'),
(7, 3453, '2026-01-28 23:42:17', 3, 28, 53, 'OFFER_SENT'),
(8, 1104, '2026-02-13 05:23:10', 3, 42, 4, 'OFFER_SENT'),
(9, 3810, '2026-01-08 18:11:39', 3, 26, 49, 'CREATED'),
(10, 2249, '2026-01-30 14:57:33', 3, 78, 34, 'PENDING'),
(11, 412, '2026-02-13 03:37:25', 4, 18, 36, 'CREATED'),
(12, 1690, '2026-02-09 06:48:34', 4, 25, 47, 'CREATED'),
(13, 322, '2026-01-17 03:43:44', 4, 23, 43, 'CREATED'),
(14, 426, '2026-01-21 15:38:01', 4, 25, 46, 'OFFER_SENT'),
(15, 1872, '2026-02-19 02:53:41', 5, 3, 5, 'CREATED'),
(16, 768, '2026-02-12 07:41:04', 5, 78, 33, 'OFFER_AVAILABLE'),
(17, 1122, '2026-02-18 12:24:00', 6, 18, 36, 'CREATED'),
(18, 1066, '2026-02-09 07:23:55', 6, 62, 48, 'OFFER_SENT'),
(19, 1393, '2026-02-05 02:53:04', 6, 54, 49, 'PENDING'),
(20, 681, '2026-01-09 05:52:07', 6, 73, 55, 'OFFER_AVAILABLE'),
(21, 1929, '2026-02-05 14:23:40', 7, 9, 18, 'CREATED'),
(22, 1631, '2026-01-13 17:48:45', 7, 5, 8, 'OFFER_SENT'),
(23, 1074, '2026-01-13 10:22:23', 7, 47, 38, 'OFFER_SENT'),
(24, 554, '2026-01-12 00:12:54', 7, 67, 55, 'CREATED'),
(25, 2840, '2026-01-01 03:58:28', 7, 54, 20, 'CREATED'),
(26, 106, '2026-02-19 07:36:33', 8, 78, 23, 'PENDING'),
(27, 2215, '2026-01-26 21:18:02', 9, 9, 19, 'PENDING'),
(28, 2436, '2026-02-17 21:50:54', 10, 23, 43, 'OFFER_AVAILABLE'),
(29, 307, '2026-02-09 16:45:26', 10, 70, 28, 'PENDING'),
(30, 2449, '2026-02-19 04:50:32', 10, 22, 42, 'PENDING'),
(31, 411, '2026-01-21 21:33:31', 10, 47, 3, 'PENDING'),
(32, 1088, '2026-01-22 21:01:50', 11, 26, 48, 'CREATED'),
(33, 838, '2026-01-29 01:01:05', 11, 5, 7, 'OFFER_AVAILABLE'),
(34, 1347, '2026-01-14 20:38:22', 11, 18, 36, 'OFFER_AVAILABLE'),
(35, 1530, '2026-02-09 13:32:56', 11, 20, 40, 'OFFER_AVAILABLE'),
(36, 2575, '2026-02-22 09:57:26', 11, 66, 18, 'OFFER_SENT'),
(37, 163, '2026-02-15 02:57:07', 12, 80, 46, 'CREATED'),
(38, 112, '2026-01-29 18:39:26', 12, 18, 36, 'OFFER_AVAILABLE'),
(39, 146, '2026-02-17 13:26:35', 12, 18, 36, 'CREATED'),
(40, 93, '2026-01-19 09:55:07', 12, 34, 47, 'PENDING'),
(41, 561, '2026-01-05 22:48:01', 13, 37, 40, 'OFFER_AVAILABLE'),
(42, 206, '2026-02-11 21:32:22', 13, 18, 36, 'OFFER_AVAILABLE'),
(43, 488, '2026-01-04 05:27:24', 13, 17, 34, 'OFFER_SENT'),
(44, 190, '2026-02-19 19:57:19', 13, 66, 16, 'PENDING'),
(45, 2060, '2026-01-13 00:14:19', 14, 34, 19, 'OFFER_SENT'),
(46, 1414, '2026-01-05 22:43:03', 15, 62, 16, 'CREATED'),
(47, 3108, '2026-02-13 22:48:11', 15, 80, 45, 'CREATED'),
(48, 50, '2026-02-05 07:50:24', 16, 68, 8, 'PENDING'),
(49, 3093, '2026-01-19 18:27:33', 16, 25, 45, 'OFFER_SENT'),
(50, 1734, '2026-02-14 06:50:26', 17, 23, 43, 'OFFER_SENT'),
(51, 2901, '2026-01-13 15:56:28', 17, 3, 5, 'OFFER_AVAILABLE'),
(52, 3535, '2026-02-07 06:35:57', 17, 34, 18, 'CREATED'),
(53, 1918, '2026-02-09 15:34:23', 18, 68, 10, 'OFFER_AVAILABLE'),
(54, 1870, '2026-01-27 08:59:04', 18, 50, 53, 'OFFER_AVAILABLE'),
(55, 1233, '2026-01-14 18:45:46', 18, 62, 33, 'OFFER_SENT'),
(56, 1818, '2026-01-10 01:11:40', 19, 47, 42, 'PENDING'),
(57, 1007, '2026-02-17 15:42:29', 20, 80, 5, 'OFFER_AVAILABLE'),
(58, 1264, '2026-02-19 16:11:27', 21, 42, 6, 'CREATED'),
(59, 1105, '2026-01-25 04:36:36', 21, 62, 39, 'OFFER_SENT'),
(60, 2634, '2026-02-02 15:09:25', 21, 66, 47, 'PENDING'),
(61, 2397, '2026-02-19 03:31:36', 21, 28, 52, 'PENDING'),
(62, 754, '2026-01-01 07:22:27', 22, 67, 33, 'PENDING'),
(63, 2787, '2026-01-19 03:43:02', 22, 68, 13, 'OFFER_SENT'),
(64, 1655, '2026-02-11 09:02:26', 23, 17, 35, 'PENDING'),
(65, 3666, '2026-01-11 19:13:11', 24, 33, 12, 'PENDING'),
(66, 2700, '2026-01-23 20:17:51', 24, 78, 53, 'OFFER_AVAILABLE'),
(67, 3105, '2026-01-28 04:13:18', 24, 70, 14, 'OFFER_AVAILABLE'),
(68, 3102, '2026-01-04 05:48:07', 24, 68, 7, 'OFFER_SENT'),
(69, 2009, '2026-02-18 00:05:14', 25, 8, 16, 'OFFER_AVAILABLE'),
(70, 4122, '2026-01-29 08:37:48', 25, 68, 49, 'OFFER_SENT'),
(71, 2383, '2026-02-20 17:57:11', 26, 22, 42, 'OFFER_AVAILABLE'),
(72, 1355, '2026-01-23 04:05:20', 26, 43, 22, 'PENDING'),
(73, 697, '2026-01-06 22:11:12', 26, 3, 5, 'PENDING'),
(74, 1576, '2026-01-22 16:06:22', 27, 20, 38, 'OFFER_SENT'),
(75, 4115, '2026-01-11 19:21:31', 27, 20, 40, 'OFFER_AVAILABLE'),
(76, 958, '2026-01-13 13:19:03', 28, 25, 46, 'PENDING'),
(77, 140, '2026-02-08 07:09:53', 28, 8, 16, 'OFFER_SENT'),
(78, 1416, '2026-01-14 19:52:22', 29, 73, 34, 'CREATED'),
(79, 576, '2026-01-14 00:56:02', 29, 5, 7, 'PENDING'),
(80, 368, '2026-01-27 19:25:32', 29, 67, 34, 'OFFER_SENT'),
(81, 2033, '2026-02-06 22:38:06', 30, 25, 45, 'OFFER_AVAILABLE'),
(82, 1760, '2026-01-15 06:52:02', 30, 8, 14, 'CREATED'),
(83, 2681, '2026-02-07 11:31:28', 30, 25, 46, 'CREATED'),
(84, 774, '2026-01-24 21:10:06', 30, 70, 37, 'PENDING'),
(85, 1970, '2026-01-01 20:33:59', 30, 43, 13, 'OFFER_AVAILABLE'),
(86, 429, '2026-02-02 01:42:14', 31, 28, 53, 'PENDING'),
(87, 1101, '2026-02-04 07:50:04', 31, 50, 46, 'OFFER_SENT'),
(88, 794, '2026-01-27 19:08:01', 31, 33, 15, 'PENDING'),
(89, 369, '2026-02-19 21:59:58', 31, 17, 35, 'PENDING'),
(90, 1125, '2026-02-05 21:44:18', 31, 73, 54, 'OFFER_SENT'),
(91, 272, '2026-01-25 10:44:47', 32, 70, 54, 'OFFER_SENT'),
(92, 500, '2026-01-12 18:50:23', 32, 42, 31, 'PENDING'),
(93, 435, '2026-02-04 08:25:32', 32, 43, 15, 'CREATED'),
(94, 351, '2026-01-18 13:50:22', 33, 3, 5, 'OFFER_AVAILABLE'),
(95, 876, '2026-01-02 07:41:52', 33, 23, 43, 'OFFER_SENT'),
(96, 126, '2026-01-16 11:19:55', 33, 67, 14, 'OFFER_SENT'),
(97, 1736, '2026-02-12 11:28:36', 33, 62, 44, 'OFFER_SENT'),
(98, 981, '2026-02-08 04:02:05', 34, 23, 43, 'OFFER_SENT'),
(99, 1056, '2026-01-30 18:27:31', 34, 37, 34, 'PENDING'),
(100, 627, '2026-01-11 00:06:45', 34, 67, 35, 'CREATED'),
(101, 723, '2026-02-07 07:01:06', 34, 3, 5, 'OFFER_SENT'),
(102, 2081, '2026-02-09 08:43:30', 34, 50, 8, 'PENDING'),
(103, 792, '2026-02-01 16:30:44', 35, 70, 54, 'OFFER_AVAILABLE'),
(104, 2324, '2026-02-11 14:32:45', 36, 68, 9, 'OFFER_SENT'),
(105, 1312, '2026-02-13 03:05:26', 36, 78, 56, 'PENDING'),
(106, 2894, '2026-01-17 15:44:11', 36, 47, 46, 'PENDING'),
(107, 655, '2026-01-13 11:55:11', 36, 34, 23, 'PENDING'),
(108, 269, '2026-01-23 09:11:33', 37, 5, 8, 'PENDING'),
(109, 824, '2026-01-27 03:52:41', 37, 46, 10, 'PENDING'),
(110, 684, '2026-02-17 02:28:12', 38, 23, 43, 'OFFER_AVAILABLE'),
(111, 723, '2026-01-14 22:16:52', 38, 46, 4, 'PENDING'),
(112, 1209, '2026-02-15 02:25:55', 38, 28, 51, 'OFFER_SENT'),
(113, 1006, '2026-01-11 11:09:18', 38, 78, 54, 'OFFER_AVAILABLE'),
(114, 1075, '2026-02-20 10:33:09', 38, 34, 10, 'OFFER_AVAILABLE'),
(115, 919, '2026-01-08 19:12:42', 39, 8, 14, 'CREATED'),
(116, 979, '2026-02-04 23:08:10', 39, 18, 36, 'CREATED'),
(117, 1262, '2026-01-16 03:08:24', 39, 25, 46, 'CREATED'),
(118, 1120, '2026-02-10 05:04:05', 40, 47, 42, 'PENDING'),
(119, 941, '2026-01-16 12:16:59', 40, 5, 8, 'CREATED'),
(120, 641, '2026-01-14 19:00:45', 41, 28, 51, 'CREATED'),
(121, 1091, '2026-01-21 10:37:45', 42, 67, 20, 'OFFER_SENT'),
(122, 1087, '2026-02-17 03:19:08', 43, 8, 16, 'OFFER_AVAILABLE'),
(123, 414, '2026-01-21 17:58:39', 43, 17, 35, 'CREATED'),
(124, 1760, '2026-02-08 02:37:29', 43, 66, 4, 'OFFER_SENT'),
(125, 3377, '2026-01-07 21:05:12', 43, 5, 7, 'PENDING'),
(126, 2754, '2026-01-26 18:53:51', 43, 54, 10, 'PENDING'),
(127, 340, '2026-01-10 02:12:09', 44, 33, 27, 'CREATED'),
(128, 159, '2026-02-20 00:15:17', 44, 66, 18, 'PENDING'),
(129, 788, '2026-01-21 08:35:57', 44, 28, 53, 'OFFER_AVAILABLE'),
(130, 1008, '2026-01-16 11:12:59', 44, 78, 29, 'PENDING'),
(131, 3480, '2026-01-22 02:35:12', 45, 20, 39, 'OFFER_SENT'),
(132, 1300, '2026-01-24 21:32:47', 45, 26, 48, 'OFFER_SENT'),
(133, 1981, '2026-01-30 17:36:46', 45, 43, 50, 'CREATED'),
(134, 3402, '2026-01-12 14:40:23', 46, 3, 5, 'OFFER_AVAILABLE'),
(135, 2666, '2026-01-19 22:13:58', 46, 64, 30, 'CREATED'),
(136, 2667, '2026-01-03 03:46:42', 46, 17, 35, 'PENDING'),
(137, 1265, '2026-01-01 04:31:27', 46, 42, 30, 'OFFER_AVAILABLE'),
(138, 3596, '2026-01-11 05:21:17', 46, 26, 48, 'CREATED'),
(139, 250, '2026-01-18 20:39:42', 47, 3, 5, 'OFFER_SENT'),
(140, 4201, '2026-01-22 04:13:07', 47, 28, 53, 'OFFER_SENT'),
(141, 180, '2026-02-21 10:22:30', 48, 25, 47, 'OFFER_SENT'),
(142, 303, '2026-02-07 01:17:23', 48, 20, 40, 'PENDING'),
(143, 306, '2026-01-24 13:08:24', 48, 28, 52, 'PENDING'),
(144, 147, '2026-01-16 05:00:35', 48, 28, 52, 'CREATED'),
(145, 265, '2026-01-18 00:12:26', 48, 46, 27, 'PENDING'),
(146, 1508, '2026-01-15 01:21:14', 49, 37, 5, 'OFFER_AVAILABLE'),
(147, 1117, '2026-02-05 09:17:17', 49, 46, 21, 'CREATED'),
(148, 1749, '2026-01-08 16:08:01', 49, 23, 43, 'OFFER_AVAILABLE'),
(149, 1207, '2026-01-18 07:28:31', 49, 25, 47, 'CREATED'),
(150, 294, '2026-02-05 12:51:51', 50, 3, 5, 'OFFER_AVAILABLE'),
(151, 460, '2026-01-21 13:07:53', 50, 3, 5, 'OFFER_SENT'),
(152, 166, '2026-02-20 15:48:14', 50, 67, 46, 'OFFER_SENT'),
(153, 206, '2026-02-20 06:44:26', 50, 25, 46, 'PENDING'),
(154, 2900, '2026-01-29 09:14:29', 51, 42, 40, 'PENDING'),
(155, 2200, '2026-01-18 02:44:18', 52, 18, 36, 'PENDING'),
(156, 1050, '2026-01-09 23:37:11', 52, 25, 46, 'OFFER_SENT'),
(157, 177, '2026-01-05 06:12:17', 53, 25, 47, 'PENDING'),
(158, 2435, '2026-02-02 09:57:49', 54, 23, 43, 'OFFER_SENT'),
(159, 2621, '2026-01-11 21:01:26', 54, 37, 15, 'OFFER_SENT'),
(160, 439, '2026-02-14 02:45:35', 55, 8, 14, 'OFFER_SENT'),
(161, 257, '2026-01-12 12:29:38', 55, 25, 47, 'CREATED'),
(162, 628, '2026-01-07 18:06:10', 55, 17, 34, 'OFFER_SENT'),
(163, 119, '2026-02-14 10:04:07', 55, 17, 35, 'OFFER_AVAILABLE'),
(164, 213, '2026-02-17 17:30:33', 55, 33, 41, 'CREATED'),
(165, 90, '2026-01-07 04:02:55', 56, 67, 6, 'CREATED'),
(166, 865, '2026-01-03 01:21:40', 56, 5, 8, 'OFFER_SENT'),
(167, 684, '2026-02-18 11:43:10', 56, 18, 36, 'CREATED'),
(168, 336, '2026-01-09 07:49:17', 56, 80, 35, 'OFFER_AVAILABLE'),
(169, 3564, '2026-01-15 22:40:12', 57, 73, 48, 'CREATED'),
(170, 2303, '2026-01-21 11:40:35', 57, 18, 36, 'CREATED'),
(171, 2169, '2026-02-06 04:42:28', 57, 17, 34, 'PENDING'),
(172, 73, '2026-02-07 12:29:57', 57, 23, 43, 'PENDING'),
(173, 90, '2026-01-26 03:26:38', 58, 43, 21, 'OFFER_SENT'),
(174, 52, '2026-02-20 07:07:07', 58, 23, 43, 'OFFER_AVAILABLE'),
(175, 123, '2026-01-06 22:45:17', 58, 50, 52, 'CREATED'),
(176, 235, '2026-02-21 06:18:59', 58, 43, 26, 'OFFER_AVAILABLE'),
(177, 151, '2026-02-04 05:25:38', 58, 47, 25, 'PENDING'),
(178, 710, '2026-02-03 18:23:38', 59, 73, 13, 'OFFER_SENT'),
(179, 889, '2026-01-28 11:45:10', 59, 37, 19, 'OFFER_AVAILABLE'),
(180, 247, '2026-02-13 05:48:34', 59, 46, 40, 'CREATED'),
(181, 274, '2026-01-31 13:06:35', 59, 67, 46, 'PENDING'),
(182, 66, '2026-01-02 18:59:35', 59, 26, 48, 'OFFER_SENT'),
(183, 735, '2026-01-02 12:05:11', 60, 78, 16, 'PENDING'),
(184, 296, '2026-01-12 16:09:00', 60, 23, 43, 'PENDING'),
(185, 202, '2026-01-08 01:21:48', 60, 25, 45, 'OFFER_AVAILABLE'),
(186, 378, '2026-02-06 14:33:27', 61, 54, 6, 'OFFER_AVAILABLE'),
(187, 191, '2026-01-19 04:50:02', 61, 22, 42, 'OFFER_SENT'),
(188, 260, '2026-01-18 14:19:23', 61, 80, 27, 'OFFER_SENT'),
(189, 879, '2026-01-20 21:01:45', 62, 73, 48, 'OFFER_SENT'),
(190, 1033, '2026-02-05 01:38:03', 63, 22, 42, 'CREATED'),
(191, 1871, '2026-02-17 17:50:40', 64, 3, 5, 'OFFER_AVAILABLE'),
(192, 2305, '2026-01-22 07:11:03', 64, 18, 36, 'OFFER_SENT'),
(193, 4128, '2026-01-02 11:51:12', 65, 22, 42, 'OFFER_SENT'),
(194, 918, '2026-02-15 19:45:52', 65, 8, 15, 'CREATED'),
(195, 2350, '2026-02-11 18:00:29', 65, 78, 30, 'PENDING'),
(196, 1089, '2026-01-12 15:35:40', 65, 9, 17, 'PENDING'),
(197, 2412, '2026-02-12 08:25:45', 65, 8, 16, 'PENDING'),
(198, 1099, '2026-02-15 19:32:14', 66, 68, 39, 'OFFER_SENT'),
(199, 1170, '2026-01-19 15:31:50', 66, 5, 7, 'CREATED'),
(200, 672, '2026-01-16 23:52:28', 66, 47, 46, 'PENDING'),
(201, 2876, '2026-02-05 08:47:29', 67, 26, 48, 'OFFER_AVAILABLE'),
(202, 3518, '2026-02-10 02:04:06', 67, 18, 36, 'CREATED'),
(203, 2463, '2026-01-19 22:22:01', 67, 66, 14, 'PENDING'),
(204, 2424, '2026-01-16 20:19:07', 67, 66, 6, 'OFFER_SENT'),
(205, 1305, '2026-01-19 11:50:09', 68, 28, 51, 'PENDING'),
(206, 1238, '2026-02-21 09:38:35', 68, 3, 5, 'PENDING'),
(207, 1497, '2026-02-21 00:47:27', 68, 62, 53, 'OFFER_AVAILABLE'),
(208, 953, '2026-02-15 06:54:10', 68, 68, 15, 'OFFER_AVAILABLE'),
(209, 184, '2026-01-10 04:07:20', 68, 23, 43, 'OFFER_SENT'),
(210, 81, '2026-01-03 05:46:37', 69, 26, 49, 'PENDING'),
(211, 318, '2026-02-13 23:47:10', 69, 8, 14, 'OFFER_SENT'),
(212, 564, '2026-02-02 06:18:23', 69, 46, 13, 'OFFER_SENT'),
(213, 1137, '2026-02-14 22:02:30', 69, 9, 17, 'CREATED'),
(214, 3309, '2026-02-18 23:03:38', 70, 43, 25, 'CREATED'),
(215, 2355, '2026-02-04 00:53:00', 70, 34, 15, 'OFFER_AVAILABLE'),
(216, 643, '2026-02-08 06:45:12', 71, 68, 50, 'OFFER_SENT'),
(217, 619, '2026-01-04 07:21:39', 71, 50, 20, 'OFFER_AVAILABLE'),
(218, 229, '2026-02-05 03:41:17', 71, 22, 42, 'PENDING'),
(219, 369, '2026-01-20 18:57:55', 71, 9, 18, 'OFFER_AVAILABLE');

INSERT INTO move_trips (id, move_request_id, move_offer_id, status) VALUES
(1, 2, 3, 'IS_IN_TRANSIT'),
(2, 2, 4, 'CONFIRMED'),
(3, 2, 5, 'IS_IN_TRANSIT'),
(4, 3, 6, 'IS_IN_TRANSIT'),
(5, 3, 8, 'CONFIRMED'),
(6, 3, 10, 'CONFIRMED'),
(7, 6, 17, 'IS_IN_TRANSIT'),
(8, 6, 19, 'CONFIRMED'),
(9, 8, 26, 'PAYMENT_COMPLETED'),
(10, 9, 27, 'IS_IN_TRANSIT'),
(11, 10, 28, 'CONFIRMED'),
(12, 10, 30, 'IS_IN_TRANSIT'),
(13, 13, 43, 'COMPLETED'),
(14, 13, 44, 'COMPLETED'),
(15, 14, 45, 'CONFIRMED'),
(16, 15, 47, 'COMPLETED'),
(17, 16, 49, 'COMPLETED'),
(18, 17, 50, 'COMPLETED'),
(19, 18, 55, 'IS_IN_TRANSIT'),
(20, 21, 58, 'IS_IN_TRANSIT'),
(21, 22, 62, 'IS_IN_TRANSIT'),
(22, 22, 63, 'COMPLETED'),
(23, 24, 67, 'COMPLETED'),
(24, 24, 68, 'IS_IN_TRANSIT'),
(25, 27, 75, 'CONFIRMED'),
(26, 29, 79, 'COMPLETED'),
(27, 30, 85, 'PAYMENT_COMPLETED'),
(28, 31, 86, 'IS_IN_TRANSIT'),
(29, 31, 88, 'PAYMENT_COMPLETED'),
(30, 31, 90, 'PAYMENT_COMPLETED'),
(31, 32, 91, 'IS_IN_TRANSIT'),
(32, 32, 92, 'IS_IN_TRANSIT'),
(33, 32, 93, 'PAYMENT_COMPLETED'),
(34, 33, 94, 'COMPLETED'),
(35, 33, 96, 'COMPLETED'),
(36, 34, 101, 'PAYMENT_COMPLETED'),
(37, 35, 103, 'CONFIRMED'),
(38, 37, 109, 'IS_IN_TRANSIT'),
(39, 38, 110, 'COMPLETED'),
(40, 41, 120, 'PAYMENT_COMPLETED'),
(41, 44, 127, 'PAYMENT_COMPLETED'),
(42, 44, 128, 'CONFIRMED'),
(43, 44, 130, 'IS_IN_TRANSIT'),
(44, 45, 132, 'IS_IN_TRANSIT'),
(45, 45, 133, 'PAYMENT_COMPLETED'),
(46, 46, 137, 'COMPLETED'),
(47, 46, 138, 'IS_IN_TRANSIT'),
(48, 47, 140, 'CONFIRMED'),
(49, 48, 143, 'IS_IN_TRANSIT'),
(50, 49, 147, 'PAYMENT_COMPLETED'),
(51, 50, 150, 'PAYMENT_COMPLETED'),
(52, 52, 155, 'COMPLETED'),
(53, 58, 175, 'PAYMENT_COMPLETED'),
(54, 58, 177, 'IS_IN_TRANSIT'),
(55, 59, 180, 'PAYMENT_COMPLETED'),
(56, 60, 183, 'CONFIRMED'),
(57, 65, 195, 'CONFIRMED'),
(58, 68, 207, 'COMPLETED'),
(59, 71, 217, 'COMPLETED');

